element,censored_under,quantified_under,sample_id,site_id,quantified_value,lod_of_censoring_method,below_censoring_lod,pair_comparable
Ag,AR,ICP-MS,2007191241001 Coarse,2007191241,0.6,0.002,False,False
Ag,ICP-MS,AR,2007190001001 Coarse,2007190001,0.018,0.03,True,False
Ag,ICP-MS,AR,2007190002001 Coarse,2007190002,0.015,0.03,True,False
Ag,ICP-MS,AR,2007190003001 Coarse,2007190003,0.013,0.03,True,False
Ag,ICP-MS,AR,2007190004001 Coarse,2007190004,0.036,0.03,False,False
Ag,ICP-MS,AR,2007190007001 Coarse,2007190007,0.019,0.03,True,False
Ag,ICP-MS,AR,2007190009001 Coarse,2007190009,0.037,0.03,False,False
Ag,ICP-MS,AR,2007190010001 Coarse,2007190010,0.008,0.03,True,False
Ag,ICP-MS,AR,2007190012001 Coarse,2007190012,0.015,0.03,True,False
Ag,ICP-MS,AR,2007190013001 Coarse,2007190013,0.005,0.03,True,False
Ag,ICP-MS,AR,2007190014001 Coarse,2007190014,0.003,0.03,True,False
Ag,ICP-MS,AR,2007190015001 Coarse,2007190015,0.047,0.03,False,False
Ag,ICP-MS,AR,2007190016001 Coarse,2007190016,0.004,0.03,True,False
Ag,ICP-MS,AR,2007190018001 Coarse,2007190018,0.01,0.03,True,False
Ag,ICP-MS,AR,2007190019001 Coarse,2007190019,0.045,0.03,False,False
Ag,ICP-MS,AR,2007190022001 Coarse,2007190022,0.099,0.03,False,False
Ag,ICP-MS,AR,2007190023001 Coarse,2007190023,0.017,0.03,True,False
Ag,ICP-MS,AR,2007190024001 Coarse,2007190024,0.011,0.03,True,False
Ag,ICP-MS,AR,2007190025001 Coarse,2007190025,0.016,0.03,True,False
Ag,ICP-MS,AR,2007190028001 Coarse,2007190028,0.014,0.03,True,False
Ag,ICP-MS,AR,2007190029001 Coarse,2007190029,0.008,0.03,True,False
Ag,AR,MMI-ME,2007190005001 Coarse,2007190005,0.003,0.002,False,False
Ag,AR,MMI-ME,2007190011001 Coarse,2007190011,0.007,0.002,False,False
Ag,AR,MMI-ME,2007190021001 Coarse,2007190021,0.002,0.002,False,False
Ag,AR,MMI-ME,2007190033001 Coarse,2007190033,0.001,0.002,True,False
Ag,AR,MMI-ME,2007190069001 Coarse,2007190069,0.001,0.002,True,False
Ag,AR,MMI-ME,2007190071001 Coarse,2007190071,0.002,0.002,False,False
Ag,AR,MMI-ME,2007190072001 Coarse,2007190072,0.004,0.002,False,False
Ag,AR,MMI-ME,2007190081001 Coarse,2007190081,0.001,0.002,True,False
Ag,AR,MMI-ME,2007190084001 Coarse,2007190084,0.001,0.002,True,False
Ag,AR,MMI-ME,2007190108001 Coarse,2007190108,0.001,0.002,True,False
Ag,AR,MMI-ME,2007190131001 Coarse,2007190131,0.002,0.002,False,False
Ag,AR,MMI-ME,2007190134001 Coarse,2007190134,0.006,0.002,False,False
Ag,AR,MMI-ME,2007190137001 Coarse,2007190137,0.002,0.002,False,False
Ag,AR,MMI-ME,2007190138001 Coarse,2007190138,0.004,0.002,False,False
Ag,AR,MMI-ME,2007190148001 Coarse,2007190148,0.002,0.002,False,False
Ag,AR,MMI-ME,2007190149001 Coarse,2007190149,0.004,0.002,False,False
Ag,AR,MMI-ME,2007190151001 Coarse,2007190151,0.001,0.002,True,False
Ag,AR,MMI-ME,2007190156001 Coarse,2007190156,0.006,0.002,False,False
Ag,AR,MMI-ME,2007190162001 Coarse,2007190162,0.002,0.002,False,False
Ag,AR,MMI-ME,2007190169001 Coarse,2007190169,0.002,0.002,False,False
Ag,MMI-ME,AR,2007190002001 Coarse,2007190002,0.015,0.001,False,False
Ag,MMI-ME,AR,2007190016001 Coarse,2007190016,0.004,0.001,False,False
Ag,MMI-ME,AR,2007190024001 Coarse,2007190024,0.011,0.001,False,False
Ag,MMI-ME,AR,2007190058001 Coarse,2007190058,0.028,0.001,False,False
Ag,MMI-ME,AR,2007190094001 Coarse,2007190094,0.003,0.001,False,False
Ag,MMI-ME,AR,2007190101001 Coarse,2007190101,0.01,0.001,False,False
Ag,MMI-ME,AR,2007190119001 Coarse,2007190119,0.009,0.001,False,False
Ag,MMI-ME,AR,2007190130001 Coarse,2007190130,0.009,0.001,False,False
Ag,MMI-ME,AR,2007190146001 Coarse,2007190146,0.006,0.001,False,False
Ag,MMI-ME,AR,2007190147001 Coarse,2007190147,0.004,0.001,False,False
Ag,MMI-ME,AR,2007190163001 Coarse,2007190163,0.018,0.001,False,False
Ag,MMI-ME,AR,2007190164001 Coarse,2007190164,0.036,0.001,False,False
Ag,MMI-ME,AR,2007190165001 Coarse,2007190165,0.015,0.001,False,False
Ag,MMI-ME,AR,2007190179001 Coarse,2007190179,0.003,0.001,False,False
Ag,MMI-ME,AR,2007190182001 Coarse,2007190182,0.06,0.001,False,False
Ag,MMI-ME,AR,2007190195001 Coarse,2007190195,0.003,0.001,False,False
Ag,MMI-ME,AR,2007190197001 Coarse,2007190197,0.017,0.001,False,False
Ag,MMI-ME,AR,2007190215001 Coarse,2007190215,0.005,0.001,False,False
Ag,MMI-ME,AR,2007190238001 Coarse,2007190238,0.022,0.001,False,False
Ag,MMI-ME,AR,2007190251001 Coarse,2007190251,0.015,0.001,False,False
Ag,ICP-MS,MMI-ME,2007190001001 Coarse,2007190001,0.003,0.03,True,False
Ag,ICP-MS,MMI-ME,2007190003001 Coarse,2007190003,0.005,0.03,True,False
Ag,ICP-MS,MMI-ME,2007190004001 Coarse,2007190004,0.011,0.03,True,False
Ag,ICP-MS,MMI-ME,2007190005001 Coarse,2007190005,0.003,0.03,True,False
Ag,ICP-MS,MMI-ME,2007190007001 Coarse,2007190007,0.005,0.03,True,False
Ag,ICP-MS,MMI-ME,2007190009001 Coarse,2007190009,0.013,0.03,True,False
Ag,ICP-MS,MMI-ME,2007190010001 Coarse,2007190010,0.001,0.03,True,False
Ag,ICP-MS,MMI-ME,2007190011001 Coarse,2007190011,0.007,0.03,True,False
Ag,ICP-MS,MMI-ME,2007190012001 Coarse,2007190012,0.008,0.03,True,False
Ag,ICP-MS,MMI-ME,2007190013001 Coarse,2007190013,0.008,0.03,True,False
Ag,ICP-MS,MMI-ME,2007190014001 Coarse,2007190014,0.005,0.03,True,False
Ag,ICP-MS,MMI-ME,2007190015001 Coarse,2007190015,0.02,0.03,True,False
Ag,ICP-MS,MMI-ME,2007190018001 Coarse,2007190018,0.005,0.03,True,False
Ag,ICP-MS,MMI-ME,2007190019001 Coarse,2007190019,0.017,0.03,True,False
Ag,ICP-MS,MMI-ME,2007190021001 Coarse,2007190021,0.002,0.03,True,False
Ag,ICP-MS,MMI-ME,2007190022001 Coarse,2007190022,0.051,0.03,False,False
Ag,ICP-MS,MMI-ME,2007190023001 Coarse,2007190023,0.008,0.03,True,False
Ag,ICP-MS,MMI-ME,2007190025001 Coarse,2007190025,0.005,0.03,True,False
Ag,ICP-MS,MMI-ME,2007190028001 Coarse,2007190028,0.007,0.03,True,False
Ag,ICP-MS,MMI-ME,2007190029001 Coarse,2007190029,0.006,0.03,True,False
Ag,MMI-ME,ICP-MS,2007191241001 Coarse,2007191241,0.6,0.001,False,False
Al,MMI-ME,AR,2007190016001 Coarse,2007190016,17100.0,1.0,False,False
Al,MMI-ME,AR,2007190139001 Coarse,2007190139,5200.0,1.0,False,False
Al,MMI-ME,AR,2007190166001 Coarse,2007190166,1700.0,1.0,False,False
Al,MMI-ME,AR,2007190229001 Coarse,2007190229,4900.0,1.0,False,False
Al,MMI-ME,AR,2007190744001 Coarse,2007190744,1900.0,1.0,False,False
Al,MMI-ME,AR,2007190796001 Coarse,2007190796,30600.0,1.0,False,False
Al,MMI-ME,AR,2007190798001 Coarse,2007190798,1100.0,1.0,False,False
Al,MMI-ME,AR,2007190799001 Coarse,2007190799,1300.0,1.0,False,False
Al,MMI-ME,AR,2007190803001 Coarse,2007190803,1800.0,1.0,False,False
Al,MMI-ME,AR,2007190805001 Coarse,2007190805,7700.0,1.0,False,False
Al,MMI-ME,AR,2007190814001 Coarse,2007190814,1800.0,1.0,False,False
Al,MMI-ME,AR,2007190817001 Coarse,2007190817,2000.0,1.0,False,False
Al,MMI-ME,AR,2007190823001 Coarse,2007190823,600.0,1.0,False,False
Al,MMI-ME,AR,2007190829001 Coarse,2007190829,1700.0,1.0,False,False
Al,MMI-ME,AR,2007190832001 Coarse,2007190832,1600.0,1.0,False,False
Al,MMI-ME,AR,2007190833001 Coarse,2007190833,6900.0,1.0,False,False
Al,MMI-ME,AR,2007190852001 Coarse,2007190852,1600.0,1.0,False,False
Al,MMI-ME,AR,2007190854001 Coarse,2007190854,3300.0,1.0,False,False
Al,MMI-ME,AR,2007190862001 Coarse,2007190862,800.0,1.0,False,False
Al,MMI-ME,AR,2007190865001 Coarse,2007190865,900.0,1.0,False,False
Al,MMI-ME,XRF,2007190016001 Coarse,2007190016,50331.0,1.0,False,False
Al,MMI-ME,XRF,2007190139001 Coarse,2007190139,17366.0,1.0,False,False
Al,MMI-ME,XRF,2007190166001 Coarse,2007190166,24972.0,1.0,False,False
Al,MMI-ME,XRF,2007190229001 Coarse,2007190229,32727.0,1.0,False,False
Al,MMI-ME,XRF,2007190744001 Coarse,2007190744,3345.0,1.0,False,False
Al,MMI-ME,XRF,2007190796001 Coarse,2007190796,68179.0,1.0,False,False
Al,MMI-ME,XRF,2007190798001 Coarse,2007190798,4499.0,1.0,False,False
Al,MMI-ME,XRF,2007190799001 Coarse,2007190799,7728.0,1.0,False,False
Al,MMI-ME,XRF,2007190803001 Coarse,2007190803,30546.0,1.0,False,False
Al,MMI-ME,XRF,2007190805001 Coarse,2007190805,16874.0,1.0,False,False
Al,MMI-ME,XRF,2007190814001 Coarse,2007190814,19976.0,1.0,False,False
Al,MMI-ME,XRF,2007190817001 Coarse,2007190817,9009.0,1.0,False,False
Al,MMI-ME,XRF,2007190823001 Coarse,2007190823,3112.0,1.0,False,False
Al,MMI-ME,XRF,2007190829001 Coarse,2007190829,8596.0,1.0,False,False
Al,MMI-ME,XRF,2007190832001 Coarse,2007190832,8310.0,1.0,False,False
Al,MMI-ME,XRF,2007190833001 Coarse,2007190833,32166.0,1.0,False,False
Al,MMI-ME,XRF,2007190852001 Coarse,2007190852,15874.0,1.0,False,False
Al,MMI-ME,XRF,2007190854001 Coarse,2007190854,10538.0,1.0,False,False
Al,MMI-ME,XRF,2007190862001 Coarse,2007190862,5986.0,1.0,False,False
Al,MMI-ME,XRF,2007190865001 Coarse,2007190865,3245.0,1.0,False,False
As,AR,ICP-MS,2007190018001 Coarse,2007190018,3.1,0.1,False,False
As,AR,ICP-MS,2007190059001 Coarse,2007190059,0.9,0.1,False,False
As,AR,ICP-MS,2007190116001 Coarse,2007190116,1.4,0.1,False,False
As,AR,ICP-MS,2007190146001 Coarse,2007190146,3.1,0.1,False,False
As,AR,ICP-MS,2007190221001 Coarse,2007190221,0.9,0.1,False,False
As,AR,ICP-MS,2007190222001 Coarse,2007190222,0.7,0.1,False,False
As,AR,ICP-MS,2007190287001 Coarse,2007190287,0.6,0.1,False,False
As,AR,ICP-MS,2007190311001 Coarse,2007190311,1.0,0.1,False,False
As,AR,ICP-MS,2007190323001 Coarse,2007190323,0.6,0.1,False,False
As,AR,ICP-MS,2007190374001 Coarse,2007190374,3.3,0.1,False,False
As,AR,ICP-MS,2007190427001 Coarse,2007190427,2.7,0.1,False,False
As,AR,ICP-MS,2007190461001 Coarse,2007190461,0.8,0.1,False,False
As,AR,ICP-MS,2007190479001 Coarse,2007190479,0.6,0.1,False,False
As,AR,ICP-MS,2007190514001 Coarse,2007190514,0.8,0.1,False,False
As,AR,ICP-MS,2007190557001 Coarse,2007190557,1.6,0.1,False,False
As,AR,ICP-MS,2007190798001 Coarse,2007190798,0.5,0.1,False,False
As,AR,ICP-MS,2007190838001 Coarse,2007190838,2.4,0.1,False,False
As,AR,ICP-MS,2007190930001 Coarse,2007190930,3.0,0.1,False,False
As,AR,ICP-MS,2007190933001 Coarse,2007190933,3.4,0.1,False,False
As,AR,ICP-MS,2007190959001 Coarse,2007190959,1.4,0.1,False,False
As,ICP-MS,AR,2007190071001 Coarse,2007190071,0.6,0.4,False,False
As,ICP-MS,AR,2007190073001 Coarse,2007190073,0.5,0.4,False,False
As,ICP-MS,AR,2007190163001 Coarse,2007190163,0.7,0.4,False,False
As,ICP-MS,AR,2007190170001 Coarse,2007190170,0.8,0.4,False,False
As,ICP-MS,AR,2007190187001 Coarse,2007190187,1.3,0.4,False,False
As,ICP-MS,AR,2007190370001 Coarse,2007190370,1.1,0.4,False,False
As,ICP-MS,AR,2007190459001 Coarse,2007190459,0.2,0.4,True,False
As,ICP-MS,AR,2007190564001 Coarse,2007190564,0.4,0.4,False,False
As,ICP-MS,AR,2007190592001 Coarse,2007190592,0.1,0.4,True,False
As,ICP-MS,AR,2007190661001 Coarse,2007190661,0.6,0.4,False,False
As,ICP-MS,AR,2007190682001 Coarse,2007190682,0.3,0.4,True,False
As,ICP-MS,AR,2007190707001 Coarse,2007190707,0.3,0.4,True,False
As,ICP-MS,AR,2007190710001 Coarse,2007190710,0.1,0.4,True,False
As,ICP-MS,AR,2007190730001 Coarse,2007190730,0.9,0.4,False,False
As,ICP-MS,AR,2007190747001 Coarse,2007190747,0.3,0.4,True,False
As,ICP-MS,AR,2007190754001 Coarse,2007190754,0.4,0.4,False,False
As,ICP-MS,AR,2007190769001 Coarse,2007190769,0.4,0.4,False,False
As,ICP-MS,AR,2007190823001 Coarse,2007190823,0.9,0.4,False,False
As,ICP-MS,AR,2007190848001 Coarse,2007190848,0.2,0.4,True,False
As,ICP-MS,AR,2007190850001 Coarse,2007190850,0.3,0.4,True,False
As,AR,MMI-ME,2007190287001 Coarse,2007190287,0.03,0.1,True,False
As,AR,MMI-ME,2007190311001 Coarse,2007190311,0.02,0.1,True,False
As,AR,MMI-ME,2007190350001 Coarse,2007190350,0.03,0.1,True,False
As,AR,MMI-ME,2007190374001 Coarse,2007190374,0.01,0.1,True,False
As,AR,MMI-ME,2007190514001 Coarse,2007190514,0.05,0.1,True,False
As,AR,MMI-ME,2007190557001 Coarse,2007190557,0.02,0.1,True,False
As,AR,MMI-ME,2007190888001 Coarse,2007190888,0.01,0.1,True,False
As,AR,MMI-ME,2007190990001 Coarse,2007190990,0.01,0.1,True,False
As,AR,MMI-ME,2007191492001 Coarse,2007191492,0.01,0.1,True,False
As,AR,MMI-ME,2007191559001 Coarse,2007191559,0.02,0.1,True,False
As,MMI-ME,AR,2007190001001 Coarse,2007190001,2.5,0.01,False,False
As,MMI-ME,AR,2007190002001 Coarse,2007190002,2.6,0.01,False,False
As,MMI-ME,AR,2007190003001 Coarse,2007190003,1.6,0.01,False,False
As,MMI-ME,AR,2007190004001 Coarse,2007190004,7.7,0.01,False,False
As,MMI-ME,AR,2007190005001 Coarse,2007190005,1.4,0.01,False,False
As,MMI-ME,AR,2007190007001 Coarse,2007190007,5.2,0.01,False,False
As,MMI-ME,AR,2007190009001 Coarse,2007190009,0.9,0.01,False,False
As,MMI-ME,AR,2007190010001 Coarse,2007190010,0.2,0.01,False,False
As,MMI-ME,AR,2007190011001 Coarse,2007190011,1.5,0.01,False,False
As,MMI-ME,AR,2007190012001 Coarse,2007190012,3.0,0.01,False,False
As,MMI-ME,AR,2007190013001 Coarse,2007190013,1.5,0.01,False,False
As,MMI-ME,AR,2007190014001 Coarse,2007190014,3.5,0.01,False,False
As,MMI-ME,AR,2007190015001 Coarse,2007190015,3.1,0.01,False,False
As,MMI-ME,AR,2007190017001 Coarse,2007190017,0.9,0.01,False,False
As,MMI-ME,AR,2007190019001 Coarse,2007190019,5.7,0.01,False,False
As,MMI-ME,AR,2007190021001 Coarse,2007190021,0.8,0.01,False,False
As,MMI-ME,AR,2007190022001 Coarse,2007190022,1.2,0.01,False,False
As,MMI-ME,AR,2007190023001 Coarse,2007190023,1.7,0.01,False,False
As,MMI-ME,AR,2007190024001 Coarse,2007190024,0.1,0.01,False,False
As,MMI-ME,AR,2007190025001 Coarse,2007190025,4.8,0.01,False,False
As,ICP-MS,MMI-ME,2007190170001 Coarse,2007190170,0.01,0.4,True,False
As,ICP-MS,MMI-ME,2007190350001 Coarse,2007190350,0.03,0.4,True,False
As,ICP-MS,MMI-ME,2007190564001 Coarse,2007190564,0.01,0.4,True,False
As,ICP-MS,MMI-ME,2007190707001 Coarse,2007190707,0.01,0.4,True,False
As,ICP-MS,MMI-ME,2007190730001 Coarse,2007190730,0.02,0.4,True,False
As,ICP-MS,MMI-ME,2007190754001 Coarse,2007190754,0.01,0.4,True,False
As,ICP-MS,MMI-ME,2007190888001 Coarse,2007190888,0.01,0.4,True,False
As,ICP-MS,MMI-ME,2007191227001 Coarse,2007191227,0.02,0.4,True,False
As,ICP-MS,MMI-ME,2007191559001 Coarse,2007191559,0.02,0.4,True,False
As,MMI-ME,ICP-MS,2007190001001 Coarse,2007190001,4.2,0.01,False,False
As,MMI-ME,ICP-MS,2007190002001 Coarse,2007190002,5.2,0.01,False,False
As,MMI-ME,ICP-MS,2007190003001 Coarse,2007190003,3.7,0.01,False,False
As,MMI-ME,ICP-MS,2007190004001 Coarse,2007190004,10.3,0.01,False,False
As,MMI-ME,ICP-MS,2007190005001 Coarse,2007190005,5.0,0.01,False,False
As,MMI-ME,ICP-MS,2007190007001 Coarse,2007190007,9.2,0.01,False,False
As,MMI-ME,ICP-MS,2007190009001 Coarse,2007190009,4.6,0.01,False,False
As,MMI-ME,ICP-MS,2007190010001 Coarse,2007190010,3.3,0.01,False,False
As,MMI-ME,ICP-MS,2007190011001 Coarse,2007190011,5.8,0.01,False,False
As,MMI-ME,ICP-MS,2007190012001 Coarse,2007190012,7.0,0.01,False,False
As,MMI-ME,ICP-MS,2007190013001 Coarse,2007190013,4.8,0.01,False,False
As,MMI-ME,ICP-MS,2007190014001 Coarse,2007190014,8.0,0.01,False,False
As,MMI-ME,ICP-MS,2007190015001 Coarse,2007190015,8.0,0.01,False,False
As,MMI-ME,ICP-MS,2007190017001 Coarse,2007190017,4.3,0.01,False,False
As,MMI-ME,ICP-MS,2007190018001 Coarse,2007190018,3.1,0.01,False,False
As,MMI-ME,ICP-MS,2007190019001 Coarse,2007190019,9.5,0.01,False,False
As,MMI-ME,ICP-MS,2007190021001 Coarse,2007190021,2.4,0.01,False,False
As,MMI-ME,ICP-MS,2007190022001 Coarse,2007190022,5.5,0.01,False,False
As,MMI-ME,ICP-MS,2007190023001 Coarse,2007190023,3.8,0.01,False,False
As,MMI-ME,ICP-MS,2007190024001 Coarse,2007190024,2.6,0.01,False,False
Au,AR,FA,2007190091001 Coarse,2007190091,0.001,0.0001,False,False
Au,AR,FA,2007190104001 Coarse,2007190104,0.001,0.0001,False,False
Au,AR,FA,2007190107001 Coarse,2007190107,0.001,0.0001,False,False
Au,AR,FA,2007190119001 Coarse,2007190119,0.001,0.0001,False,False
Au,AR,FA,2007190164001 Coarse,2007190164,0.001,0.0001,False,False
Au,AR,FA,2007190166001 Coarse,2007190166,0.002,0.0001,False,False
Au,AR,FA,2007190170001 Coarse,2007190170,0.002,0.0001,False,False
Au,AR,FA,2007190179001 Coarse,2007190179,0.001,0.0001,False,False
Au,AR,FA,2007190187001 Coarse,2007190187,0.001,0.0001,False,False
Au,AR,FA,2007190221001 Coarse,2007190221,0.002,0.0001,False,False
Au,AR,FA,2007190223001 Coarse,2007190223,0.001,0.0001,False,False
Au,AR,FA,2007190235001 Coarse,2007190235,0.001,0.0001,False,False
Au,AR,FA,2007190245001 Coarse,2007190245,0.001,0.0001,False,False
Au,AR,FA,2007190252001 Coarse,2007190252,0.001,0.0001,False,False
Au,AR,FA,2007190256001 Coarse,2007190256,0.001,0.0001,False,False
Au,AR,FA,2007190261001 Coarse,2007190261,0.002,0.0001,False,False
Au,AR,FA,2007190266001 Coarse,2007190266,0.001,0.0001,False,False
Au,AR,FA,2007190287001 Coarse,2007190287,0.002,0.0001,False,False
Au,AR,FA,2007190292001 Coarse,2007190292,0.002,0.0001,False,False
Au,AR,FA,2007190294001 Coarse,2007190294,0.001,0.0001,False,False
Au,FA,AR,2007190003001 Coarse,2007190003,0.0006,0.001,True,False
Au,FA,AR,2007190005001 Coarse,2007190005,0.0002,0.001,True,False
Au,FA,AR,2007190010001 Coarse,2007190010,0.0004,0.001,True,False
Au,FA,AR,2007190011001 Coarse,2007190011,0.0007,0.001,True,False
Au,FA,AR,2007190017001 Coarse,2007190017,0.0004,0.001,True,False
Au,FA,AR,2007190018001 Coarse,2007190018,0.0006,0.001,True,False
Au,FA,AR,2007190023001 Coarse,2007190023,0.0006,0.001,True,False
Au,FA,AR,2007190024001 Coarse,2007190024,0.0002,0.001,True,False
Au,FA,AR,2007190025001 Coarse,2007190025,0.0007,0.001,True,False
Au,FA,AR,2007190031001 Coarse,2007190031,0.0003,0.001,True,False
Au,FA,AR,2007190033001 Coarse,2007190033,0.0004,0.001,True,False
Au,FA,AR,2007190038001 Coarse,2007190038,0.0003,0.001,True,False
Au,FA,AR,2007190044001 Coarse,2007190044,0.0007,0.001,True,False
Au,FA,AR,2007190050001 Coarse,2007190050,0.0001,0.001,True,False
Au,FA,AR,2007190051001 Coarse,2007190051,0.0002,0.001,True,False
Au,FA,AR,2007190052001 Coarse,2007190052,0.0003,0.001,True,False
Au,FA,AR,2007190055001 Coarse,2007190055,0.0004,0.001,True,False
Au,FA,AR,2007190058001 Coarse,2007190058,0.0002,0.001,True,False
Au,FA,AR,2007190062001 Coarse,2007190062,0.0005,0.001,True,False
Au,FA,AR,2007190069001 Coarse,2007190069,0.0003,0.001,True,False
Au,AR,MMI-ME,2007190039001 Coarse,2007190039,0.0004,0.0001,False,False
Au,AR,MMI-ME,2007190091001 Coarse,2007190091,0.0003,0.0001,False,False
Au,AR,MMI-ME,2007190104001 Coarse,2007190104,0.0001,0.0001,False,False
Au,AR,MMI-ME,2007190137001 Coarse,2007190137,0.0001,0.0001,False,False
Au,AR,MMI-ME,2007190146001 Coarse,2007190146,0.0001,0.0001,False,False
Au,AR,MMI-ME,2007190151001 Coarse,2007190151,0.0004,0.0001,False,False
Au,AR,MMI-ME,2007190166001 Coarse,2007190166,0.0002,0.0001,False,False
Au,AR,MMI-ME,2007190170001 Coarse,2007190170,0.0002,0.0001,False,False
Au,AR,MMI-ME,2007190223001 Coarse,2007190223,0.0001,0.0001,False,False
Au,AR,MMI-ME,2007190235001 Coarse,2007190235,0.0001,0.0001,False,False
Au,AR,MMI-ME,2007190245001 Coarse,2007190245,0.0002,0.0001,False,False
Au,AR,MMI-ME,2007190256001 Coarse,2007190256,0.0002,0.0001,False,False
Au,AR,MMI-ME,2007190261001 Coarse,2007190261,0.0003,0.0001,False,False
Au,AR,MMI-ME,2007190266001 Coarse,2007190266,0.0002,0.0001,False,False
Au,AR,MMI-ME,2007190287001 Coarse,2007190287,0.0002,0.0001,False,False
Au,AR,MMI-ME,2007190292001 Coarse,2007190292,0.0002,0.0001,False,False
Au,AR,MMI-ME,2007190332001 Coarse,2007190332,0.0007,0.0001,False,False
Au,AR,MMI-ME,2007190375001 Coarse,2007190375,0.0002,0.0001,False,False
Au,AR,MMI-ME,2007190384001 Coarse,2007190384,0.0002,0.0001,False,False
Au,AR,MMI-ME,2007190385001 Coarse,2007190385,0.0005,0.0001,False,False
Au,MMI-ME,AR,2007190024001 Coarse,2007190024,0.0002,0.0001,False,False
Au,MMI-ME,AR,2007190052001 Coarse,2007190052,0.0003,0.0001,False,False
Au,MMI-ME,AR,2007190058001 Coarse,2007190058,0.0002,0.0001,False,False
Au,MMI-ME,AR,2007190070001 Coarse,2007190070,0.0001,0.0001,False,False
Au,MMI-ME,AR,2007190081001 Coarse,2007190081,0.0003,0.0001,False,False
Au,MMI-ME,AR,2007190094001 Coarse,2007190094,0.0003,0.0001,False,False
Au,MMI-ME,AR,2007190099001 Coarse,2007190099,0.0003,0.0001,False,False
Au,MMI-ME,AR,2007190101001 Coarse,2007190101,0.0004,0.0001,False,False
Au,MMI-ME,AR,2007190108001 Coarse,2007190108,0.0003,0.0001,False,False
Au,MMI-ME,AR,2007190112001 Coarse,2007190112,0.0006,0.0001,False,False
Au,MMI-ME,AR,2007190113001 Coarse,2007190113,0.0005,0.0001,False,False
Au,MMI-ME,AR,2007190116001 Coarse,2007190116,0.0126,0.0001,False,False
Au,MMI-ME,AR,2007190121001 Coarse,2007190121,0.0009,0.0001,False,False
Au,MMI-ME,AR,2007190122001 Coarse,2007190122,0.0008,0.0001,False,False
Au,MMI-ME,AR,2007190123001 Coarse,2007190123,0.0012,0.0001,False,False
Au,MMI-ME,AR,2007190131001 Coarse,2007190131,0.0013,0.0001,False,False
Au,MMI-ME,AR,2007190134001 Coarse,2007190134,0.0004,0.0001,False,False
Au,MMI-ME,AR,2007190139001 Coarse,2007190139,0.0004,0.0001,False,False
Au,MMI-ME,AR,2007190147001 Coarse,2007190147,0.0004,0.0001,False,False
Au,MMI-ME,AR,2007190148001 Coarse,2007190148,0.0007,0.0001,False,False
Au,FA,MMI-ME,2007190003001 Coarse,2007190003,0.0002,0.001,True,False
Au,FA,MMI-ME,2007190005001 Coarse,2007190005,0.0002,0.001,True,False
Au,FA,MMI-ME,2007190010001 Coarse,2007190010,0.0002,0.001,True,False
Au,FA,MMI-ME,2007190011001 Coarse,2007190011,0.0003,0.001,True,False
Au,FA,MMI-ME,2007190017001 Coarse,2007190017,0.0003,0.001,True,False
Au,FA,MMI-ME,2007190018001 Coarse,2007190018,0.0004,0.001,True,False
Au,FA,MMI-ME,2007190023001 Coarse,2007190023,0.0006,0.001,True,False
Au,FA,MMI-ME,2007190025001 Coarse,2007190025,0.0002,0.001,True,False
Au,FA,MMI-ME,2007190031001 Coarse,2007190031,0.0004,0.001,True,False
Au,FA,MMI-ME,2007190033001 Coarse,2007190033,0.0002,0.001,True,False
Au,FA,MMI-ME,2007190038001 Coarse,2007190038,0.0002,0.001,True,False
Au,FA,MMI-ME,2007190039001 Coarse,2007190039,0.0004,0.001,True,False
Au,FA,MMI-ME,2007190044001 Coarse,2007190044,0.0006,0.001,True,False
Au,FA,MMI-ME,2007190050001 Coarse,2007190050,0.0002,0.001,True,False
Au,FA,MMI-ME,2007190051001 Coarse,2007190051,0.0002,0.001,True,False
Au,FA,MMI-ME,2007190055001 Coarse,2007190055,0.0002,0.001,True,False
Au,FA,MMI-ME,2007190062001 Coarse,2007190062,0.0003,0.001,True,False
Au,FA,MMI-ME,2007190069001 Coarse,2007190069,0.0002,0.001,True,False
Au,FA,MMI-ME,2007190071001 Coarse,2007190071,0.0002,0.001,True,False
Au,FA,MMI-ME,2007190073001 Coarse,2007190073,0.0001,0.001,True,False
Au,MMI-ME,FA,2007190070001 Coarse,2007190070,0.002,0.0001,False,False
Au,MMI-ME,FA,2007190099001 Coarse,2007190099,0.001,0.0001,False,False
Au,MMI-ME,FA,2007190107001 Coarse,2007190107,0.001,0.0001,False,False
Au,MMI-ME,FA,2007190108001 Coarse,2007190108,0.001,0.0001,False,False
Au,MMI-ME,FA,2007190116001 Coarse,2007190116,0.001,0.0001,False,False
Au,MMI-ME,FA,2007190119001 Coarse,2007190119,0.001,0.0001,False,False
Au,MMI-ME,FA,2007190121001 Coarse,2007190121,0.001,0.0001,False,False
Au,MMI-ME,FA,2007190122001 Coarse,2007190122,0.001,0.0001,False,False
Au,MMI-ME,FA,2007190123001 Coarse,2007190123,0.001,0.0001,False,False
Au,MMI-ME,FA,2007190148001 Coarse,2007190148,0.001,0.0001,False,False
Au,MMI-ME,FA,2007190164001 Coarse,2007190164,0.001,0.0001,False,False
Au,MMI-ME,FA,2007190169001 Coarse,2007190169,0.001,0.0001,False,False
Au,MMI-ME,FA,2007190174001 Coarse,2007190174,0.001,0.0001,False,False
Au,MMI-ME,FA,2007190175001 Coarse,2007190175,0.001,0.0001,False,False
Au,MMI-ME,FA,2007190179001 Coarse,2007190179,0.001,0.0001,False,False
Au,MMI-ME,FA,2007190187001 Coarse,2007190187,0.001,0.0001,False,False
Au,MMI-ME,FA,2007190188001 Coarse,2007190188,0.001,0.0001,False,False
Au,MMI-ME,FA,2007190195001 Coarse,2007190195,0.001,0.0001,False,False
Au,MMI-ME,FA,2007190218001 Coarse,2007190218,0.001,0.0001,False,False
Au,MMI-ME,FA,2007190221001 Coarse,2007190221,0.002,0.0001,False,False
Ba,AR,ICP-MS,2007190514001 Coarse,2007190514,3.6,0.5,False,False
Ba,AR,MMI-ME,2007190514001 Coarse,2007190514,0.12,0.5,True,False
Ba,MMI-ME,AR,2007190018001 Coarse,2007190018,17.7,0.01,False,False
Ba,MMI-ME,AR,2007190067001 Coarse,2007190067,121.0,0.01,False,False
Ba,MMI-ME,AR,2007190071001 Coarse,2007190071,20.5,0.01,False,False
Ba,MMI-ME,AR,2007191598001 Coarse,2007191598,6.1,0.01,False,False
Ba,MMI-ME,ICP-MS,2007190018001 Coarse,2007190018,524.2,0.01,False,False
Ba,MMI-ME,ICP-MS,2007190067001 Coarse,2007190067,390.4,0.01,False,False
Ba,MMI-ME,ICP-MS,2007190071001 Coarse,2007190071,316.6,0.01,False,False
Ba,MMI-ME,ICP-MS,2007191598001 Coarse,2007191598,28.5,0.01,False,False
Be,AR,ICP-MS,2007190024001 Coarse,2007190024,1.1,0.1,False,False
Be,AR,ICP-MS,2007190152001 Coarse,2007190152,1.5,0.1,False,False
Be,AR,ICP-MS,2007190187001 Coarse,2007190187,2.0,0.1,False,False
Be,AR,ICP-MS,2007190195001 Coarse,2007190195,1.8,0.1,False,False
Be,AR,ICP-MS,2007190451001 Coarse,2007190451,1.6,0.1,False,False
Be,AR,ICP-MS,2007190588001 Coarse,2007190588,1.3,0.1,False,False
Be,AR,ICP-MS,2007190633001 Coarse,2007190633,1.1,0.1,False,False
Be,AR,ICP-MS,2007190838001 Coarse,2007190838,1.2,0.1,False,False
Be,AR,ICP-MS,2007190998001 Coarse,2007190998,1.2,0.1,False,False
Be,AR,ICP-MS,2007191248001 Coarse,2007191248,1.5,0.1,False,False
Be,AR,ICP-MS,2007191319001 Coarse,2007191319,2.0,0.1,False,False
Be,AR,ICP-MS,2007191337001 Coarse,2007191337,1.2,0.1,False,False
Be,ICP-MS,AR,2007190010001 Coarse,2007190010,0.3,1.1,True,False
Be,ICP-MS,AR,2007190011001 Coarse,2007190011,0.7,1.1,True,False
Be,ICP-MS,AR,2007190016001 Coarse,2007190016,0.5,1.1,True,False
Be,ICP-MS,AR,2007190017001 Coarse,2007190017,0.2,1.1,True,False
Be,ICP-MS,AR,2007190033001 Coarse,2007190033,0.3,1.1,True,False
Be,ICP-MS,AR,2007190036001 Coarse,2007190036,0.4,1.1,True,False
Be,ICP-MS,AR,2007190038001 Coarse,2007190038,0.2,1.1,True,False
Be,ICP-MS,AR,2007190039001 Coarse,2007190039,0.5,1.1,True,False
Be,ICP-MS,AR,2007190043001 Coarse,2007190043,0.6,1.1,True,False
Be,ICP-MS,AR,2007190051001 Coarse,2007190051,0.6,1.1,True,False
Be,ICP-MS,AR,2007190059001 Coarse,2007190059,0.3,1.1,True,False
Be,ICP-MS,AR,2007190062001 Coarse,2007190062,0.6,1.1,True,False
Be,ICP-MS,AR,2007190063001 Coarse,2007190063,0.4,1.1,True,False
Be,ICP-MS,AR,2007190064001 Coarse,2007190064,0.4,1.1,True,False
Be,ICP-MS,AR,2007190071001 Coarse,2007190071,0.2,1.1,True,False
Be,ICP-MS,AR,2007190072001 Coarse,2007190072,0.6,1.1,True,False
Be,ICP-MS,AR,2007190074001 Coarse,2007190074,0.3,1.1,True,False
Be,ICP-MS,AR,2007190081001 Coarse,2007190081,0.3,1.1,True,False
Be,ICP-MS,AR,2007190084001 Coarse,2007190084,0.3,1.1,True,False
Be,ICP-MS,AR,2007190091001 Coarse,2007190091,0.2,1.1,True,False
Bi,AR,ICP-MS,2007190058001 Coarse,2007190058,0.05,0.02,False,False
Bi,AR,ICP-MS,2007190071001 Coarse,2007190071,0.03,0.02,False,False
Bi,AR,ICP-MS,2007190086001 Coarse,2007190086,0.03,0.02,False,False
Bi,AR,ICP-MS,2007190101001 Coarse,2007190101,0.1,0.02,False,False
Bi,AR,ICP-MS,2007190152001 Coarse,2007190152,0.18,0.02,False,False
Bi,AR,ICP-MS,2007190166001 Coarse,2007190166,0.14,0.02,False,False
Bi,AR,ICP-MS,2007190289001 Coarse,2007190289,0.06,0.02,False,False
Bi,AR,ICP-MS,2007190311001 Coarse,2007190311,0.05,0.02,False,False
Bi,AR,ICP-MS,2007190350001 Coarse,2007190350,0.04,0.02,False,False
Bi,AR,ICP-MS,2007190427001 Coarse,2007190427,0.05,0.02,False,False
Bi,AR,ICP-MS,2007190436001 Coarse,2007190436,0.04,0.02,False,False
Bi,AR,ICP-MS,2007190451001 Coarse,2007190451,0.12,0.02,False,False
Bi,AR,ICP-MS,2007190514001 Coarse,2007190514,0.03,0.02,False,False
Bi,AR,ICP-MS,2007190557001 Coarse,2007190557,0.04,0.02,False,False
Bi,AR,ICP-MS,2007190588001 Coarse,2007190588,0.11,0.02,False,False
Bi,AR,ICP-MS,2007190598001 Coarse,2007190598,0.02,0.02,False,False
Bi,AR,ICP-MS,2007190636001 Coarse,2007190636,0.03,0.02,False,False
Bi,AR,ICP-MS,2007190707001 Coarse,2007190707,0.03,0.02,False,False
Bi,AR,ICP-MS,2007190710001 Coarse,2007190710,0.04,0.02,False,False
Bi,AR,ICP-MS,2007190744001 Coarse,2007190744,0.04,0.02,False,False
Bi,ICP-MS,AR,2007190112001 Coarse,2007190112,0.23,0.02,False,False
Bi,ICP-MS,AR,2007190125001 Coarse,2007190125,0.11,0.02,False,False
Bi,ICP-MS,AR,2007190127001 Coarse,2007190127,0.1,0.02,False,False
Bi,ICP-MS,AR,2007190128001 Coarse,2007190128,0.15,0.02,False,False
Bi,ICP-MS,AR,2007190129001 Coarse,2007190129,0.19,0.02,False,False
Bi,ICP-MS,AR,2007190132001 Coarse,2007190132,0.08,0.02,False,False
Bi,ICP-MS,AR,2007190134001 Coarse,2007190134,0.16,0.02,False,False
Bi,ICP-MS,AR,2007190136001 Coarse,2007190136,0.26,0.02,False,False
Bi,ICP-MS,AR,2007190137001 Coarse,2007190137,0.09,0.02,False,False
Bi,ICP-MS,AR,2007190138001 Coarse,2007190138,0.11,0.02,False,False
Bi,ICP-MS,AR,2007190139001 Coarse,2007190139,0.11,0.02,False,False
Bi,ICP-MS,AR,2007190144001 Coarse,2007190144,0.18,0.02,False,False
Bi,ICP-MS,AR,2007190154001 Coarse,2007190154,0.22,0.02,False,False
Bi,ICP-MS,AR,2007190156001 Coarse,2007190156,0.15,0.02,False,False
Bi,ICP-MS,AR,2007190162001 Coarse,2007190162,0.03,0.02,False,False
Bi,ICP-MS,AR,2007190172001 Coarse,2007190172,0.11,0.02,False,False
Bi,ICP-MS,AR,2007190184001 Coarse,2007190184,0.09,0.02,False,False
Bi,ICP-MS,AR,2007190204001 Coarse,2007190204,0.11,0.02,False,False
Bi,ICP-MS,AR,2007190205001 Coarse,2007190205,0.18,0.02,False,False
Bi,ICP-MS,AR,2007190208001 Coarse,2007190208,0.04,0.02,False,False
Bi,AR,MMI-ME,2007190514001 Coarse,2007190514,0.001,0.02,True,False
Bi,AR,MMI-ME,2007190823001 Coarse,2007190823,0.004,0.02,True,False
Bi,MMI-ME,AR,2007190001001 Coarse,2007190001,0.11,0.001,False,False
Bi,MMI-ME,AR,2007190002001 Coarse,2007190002,0.12,0.001,False,False
Bi,MMI-ME,AR,2007190003001 Coarse,2007190003,0.21,0.001,False,False
Bi,MMI-ME,AR,2007190004001 Coarse,2007190004,0.29,0.001,False,False
Bi,MMI-ME,AR,2007190005001 Coarse,2007190005,0.05,0.001,False,False
Bi,MMI-ME,AR,2007190007001 Coarse,2007190007,0.25,0.001,False,False
Bi,MMI-ME,AR,2007190009001 Coarse,2007190009,0.12,0.001,False,False
Bi,MMI-ME,AR,2007190010001 Coarse,2007190010,0.05,0.001,False,False
Bi,MMI-ME,AR,2007190011001 Coarse,2007190011,0.12,0.001,False,False
Bi,MMI-ME,AR,2007190012001 Coarse,2007190012,0.13,0.001,False,False
Bi,MMI-ME,AR,2007190013001 Coarse,2007190013,0.22,0.001,False,False
Bi,MMI-ME,AR,2007190014001 Coarse,2007190014,0.26,0.001,False,False
Bi,MMI-ME,AR,2007190015001 Coarse,2007190015,0.25,0.001,False,False
Bi,MMI-ME,AR,2007190016001 Coarse,2007190016,0.11,0.001,False,False
Bi,MMI-ME,AR,2007190017001 Coarse,2007190017,0.07,0.001,False,False
Bi,MMI-ME,AR,2007190018001 Coarse,2007190018,0.08,0.001,False,False
Bi,MMI-ME,AR,2007190019001 Coarse,2007190019,0.28,0.001,False,False
Bi,MMI-ME,AR,2007190021001 Coarse,2007190021,0.1,0.001,False,False
Bi,MMI-ME,AR,2007190022001 Coarse,2007190022,0.23,0.001,False,False
Bi,MMI-ME,AR,2007190023001 Coarse,2007190023,0.11,0.001,False,False
Bi,ICP-MS,MMI-ME,2007190136001 Coarse,2007190136,0.001,0.02,True,False
Bi,ICP-MS,MMI-ME,2007190343001 Coarse,2007190343,0.002,0.02,True,False
Bi,ICP-MS,MMI-ME,2007190374001 Coarse,2007190374,0.01,0.02,True,False
Bi,MMI-ME,ICP-MS,2007190001001 Coarse,2007190001,0.54,0.001,False,False
Bi,MMI-ME,ICP-MS,2007190002001 Coarse,2007190002,0.23,0.001,False,False
Bi,MMI-ME,ICP-MS,2007190003001 Coarse,2007190003,0.25,0.001,False,False
Bi,MMI-ME,ICP-MS,2007190004001 Coarse,2007190004,0.36,0.001,False,False
Bi,MMI-ME,ICP-MS,2007190005001 Coarse,2007190005,0.08,0.001,False,False
Bi,MMI-ME,ICP-MS,2007190007001 Coarse,2007190007,0.37,0.001,False,False
Bi,MMI-ME,ICP-MS,2007190009001 Coarse,2007190009,0.29,0.001,False,False
Bi,MMI-ME,ICP-MS,2007190010001 Coarse,2007190010,0.09,0.001,False,False
Bi,MMI-ME,ICP-MS,2007190011001 Coarse,2007190011,0.22,0.001,False,False
Bi,MMI-ME,ICP-MS,2007190012001 Coarse,2007190012,0.23,0.001,False,False
Bi,MMI-ME,ICP-MS,2007190013001 Coarse,2007190013,0.29,0.001,False,False
Bi,MMI-ME,ICP-MS,2007190014001 Coarse,2007190014,0.39,0.001,False,False
Bi,MMI-ME,ICP-MS,2007190015001 Coarse,2007190015,0.34,0.001,False,False
Bi,MMI-ME,ICP-MS,2007190016001 Coarse,2007190016,0.13,0.001,False,False
Bi,MMI-ME,ICP-MS,2007190017001 Coarse,2007190017,0.19,0.001,False,False
Bi,MMI-ME,ICP-MS,2007190018001 Coarse,2007190018,0.17,0.001,False,False
Bi,MMI-ME,ICP-MS,2007190019001 Coarse,2007190019,0.41,0.001,False,False
Bi,MMI-ME,ICP-MS,2007190021001 Coarse,2007190021,0.18,0.001,False,False
Bi,MMI-ME,ICP-MS,2007190022001 Coarse,2007190022,0.3,0.001,False,False
Bi,MMI-ME,ICP-MS,2007190023001 Coarse,2007190023,0.19,0.001,False,False
Ca,AR,MMI-ME,2007190016001 Coarse,2007190016,170.0,100.0,False,False
Ca,AR,MMI-ME,2007190017001 Coarse,2007190017,60.0,100.0,True,False
Ca,AR,MMI-ME,2007190024001 Coarse,2007190024,50.0,100.0,True,False
Ca,AR,MMI-ME,2007190038001 Coarse,2007190038,90.0,100.0,True,False
Ca,AR,MMI-ME,2007190097001 Coarse,2007190097,140.0,100.0,False,False
Ca,AR,MMI-ME,2007190151001 Coarse,2007190151,70.0,100.0,True,False
Ca,AR,MMI-ME,2007190170001 Coarse,2007190170,20.0,100.0,True,False
Ca,AR,MMI-ME,2007190176001 Coarse,2007190176,60.0,100.0,True,False
Ca,AR,MMI-ME,2007190197001 Coarse,2007190197,40.0,100.0,True,False
Ca,AR,MMI-ME,2007190207001 Coarse,2007190207,20.0,100.0,True,False
Ca,AR,MMI-ME,2007190221001 Coarse,2007190221,30.0,100.0,True,False
Ca,AR,MMI-ME,2007190238001 Coarse,2007190238,50.0,100.0,True,False
Ca,AR,MMI-ME,2007190275001 Coarse,2007190275,60.0,100.0,True,False
Ca,AR,MMI-ME,2007190310001 Coarse,2007190310,40.0,100.0,True,False
Ca,AR,MMI-ME,2007190321001 Coarse,2007190321,20.0,100.0,True,False
Ca,AR,MMI-ME,2007190323001 Coarse,2007190323,10.0,100.0,True,False
Ca,AR,MMI-ME,2007190350001 Coarse,2007190350,80.0,100.0,True,False
Ca,AR,MMI-ME,2007190357001 Coarse,2007190357,60.0,100.0,True,False
Ca,AR,MMI-ME,2007190359001 Coarse,2007190359,20.0,100.0,True,False
Ca,AR,MMI-ME,2007190418001 Coarse,2007190418,50.0,100.0,True,False
Ca,MMI-ME,AR,2007190686001 Coarse,2007190686,100.0,10.0,False,False
Ca,MMI-ME,AR,2007190990001 Coarse,2007190990,500.0,10.0,False,False
Ca,AR,XRF,2007190016001 Coarse,2007190016,1630.0,100.0,False,False
Ca,AR,XRF,2007190017001 Coarse,2007190017,357.0,100.0,False,False
Ca,AR,XRF,2007190024001 Coarse,2007190024,307.0,100.0,False,False
Ca,AR,XRF,2007190038001 Coarse,2007190038,429.0,100.0,False,False
Ca,AR,XRF,2007190097001 Coarse,2007190097,493.0,100.0,False,False
Ca,AR,XRF,2007190099001 Coarse,2007190099,286.0,100.0,False,False
Ca,AR,XRF,2007190151001 Coarse,2007190151,343.0,100.0,False,False
Ca,AR,XRF,2007190170001 Coarse,2007190170,272.0,100.0,False,False
Ca,AR,XRF,2007190176001 Coarse,2007190176,307.0,100.0,False,False
Ca,AR,XRF,2007190197001 Coarse,2007190197,343.0,100.0,False,False
Ca,AR,XRF,2007190207001 Coarse,2007190207,4467.0,100.0,False,False
Ca,AR,XRF,2007190221001 Coarse,2007190221,357.0,100.0,False,False
Ca,AR,XRF,2007190238001 Coarse,2007190238,357.0,100.0,False,False
Ca,AR,XRF,2007190275001 Coarse,2007190275,4081.0,100.0,False,False
Ca,AR,XRF,2007190310001 Coarse,2007190310,293.0,100.0,False,False
Ca,AR,XRF,2007190321001 Coarse,2007190321,293.0,100.0,False,False
Ca,AR,XRF,2007190323001 Coarse,2007190323,272.0,100.0,False,False
Ca,AR,XRF,2007190350001 Coarse,2007190350,379.0,100.0,False,False
Ca,AR,XRF,2007190357001 Coarse,2007190357,300.0,100.0,False,False
Ca,AR,XRF,2007190359001 Coarse,2007190359,322.0,100.0,False,False
Ca,MMI-ME,XRF,2007190099001 Coarse,2007190099,286.0,10.0,False,False
Ca,MMI-ME,XRF,2007190514001 Coarse,2007190514,229.0,10.0,False,False
Ca,MMI-ME,XRF,2007190686001 Coarse,2007190686,264.0,10.0,False,False
Ca,MMI-ME,XRF,2007190990001 Coarse,2007190990,429.0,10.0,False,False
Cd,AR,ICP-MS,2007190038001 Coarse,2007190038,0.11,0.01,False,False
Cd,AR,ICP-MS,2007190067001 Coarse,2007190067,0.32,0.01,False,False
Cd,AR,ICP-MS,2007190071001 Coarse,2007190071,0.32,0.01,False,False
Cd,AR,ICP-MS,2007190073001 Coarse,2007190073,0.26,0.01,False,False
Cd,AR,ICP-MS,2007190166001 Coarse,2007190166,0.41,0.01,False,False
Cd,AR,ICP-MS,2007190333001 Coarse,2007190333,0.16,0.01,False,False
Cd,AR,ICP-MS,2007190394001 Coarse,2007190394,0.11,0.01,False,False
Cd,AR,ICP-MS,2007190407001 Coarse,2007190407,0.1,0.01,False,False
Cd,AR,ICP-MS,2007190422001 Coarse,2007190422,0.16,0.01,False,False
Cd,AR,ICP-MS,2007190427001 Coarse,2007190427,0.11,0.01,False,False
Cd,AR,ICP-MS,2007190471001 Coarse,2007190471,0.12,0.01,False,False
Cd,AR,ICP-MS,2007190474001 Coarse,2007190474,0.1,0.01,False,False
Cd,AR,ICP-MS,2007190481001 Coarse,2007190481,0.4,0.01,False,False
Cd,AR,ICP-MS,2007190494001 Coarse,2007190494,0.52,0.01,False,False
Cd,AR,ICP-MS,2007190497001 Coarse,2007190497,0.13,0.01,False,False
Cd,AR,ICP-MS,2007190501001 Coarse,2007190501,0.48,0.01,False,False
Cd,AR,ICP-MS,2007190505001 Coarse,2007190505,0.34,0.01,False,False
Cd,AR,ICP-MS,2007190510001 Coarse,2007190510,0.32,0.01,False,False
Cd,AR,ICP-MS,2007190557001 Coarse,2007190557,0.15,0.01,False,False
Cd,AR,ICP-MS,2007190592001 Coarse,2007190592,0.11,0.01,False,False
Cd,ICP-MS,AR,2007190001001 Coarse,2007190001,0.03,0.1,True,False
Cd,ICP-MS,AR,2007190002001 Coarse,2007190002,0.03,0.1,True,False
Cd,ICP-MS,AR,2007190003001 Coarse,2007190003,0.03,0.1,True,False
Cd,ICP-MS,AR,2007190016001 Coarse,2007190016,0.02,0.1,True,False
Cd,ICP-MS,AR,2007190017001 Coarse,2007190017,0.01,0.1,True,False
Cd,ICP-MS,AR,2007190022001 Coarse,2007190022,0.05,0.1,True,False
Cd,ICP-MS,AR,2007190025001 Coarse,2007190025,0.02,0.1,True,False
Cd,ICP-MS,AR,2007190031001 Coarse,2007190031,0.02,0.1,True,False
Cd,ICP-MS,AR,2007190036001 Coarse,2007190036,0.01,0.1,True,False
Cd,ICP-MS,AR,2007190042001 Coarse,2007190042,0.01,0.1,True,False
Cd,ICP-MS,AR,2007190043001 Coarse,2007190043,0.11,0.1,False,False
Cd,ICP-MS,AR,2007190052001 Coarse,2007190052,0.03,0.1,True,False
Cd,ICP-MS,AR,2007190054001 Coarse,2007190054,0.05,0.1,True,False
Cd,ICP-MS,AR,2007190055001 Coarse,2007190055,0.01,0.1,True,False
Cd,ICP-MS,AR,2007190057001 Coarse,2007190057,0.02,0.1,True,False
Cd,ICP-MS,AR,2007190058001 Coarse,2007190058,0.01,0.1,True,False
Cd,ICP-MS,AR,2007190064001 Coarse,2007190064,0.03,0.1,True,False
Cd,ICP-MS,AR,2007190070001 Coarse,2007190070,0.05,0.1,True,False
Cd,ICP-MS,AR,2007190072001 Coarse,2007190072,0.07,0.1,True,False
Cd,ICP-MS,AR,2007190074001 Coarse,2007190074,0.07,0.1,True,False
Cd,AR,MMI-ME,2007190010001 Coarse,2007190010,0.001,0.01,True,False
Cd,AR,MMI-ME,2007190021001 Coarse,2007190021,0.006,0.01,True,False
Cd,AR,MMI-ME,2007190038001 Coarse,2007190038,0.002,0.01,True,False
Cd,AR,MMI-ME,2007190050001 Coarse,2007190050,0.003,0.01,True,False
Cd,AR,MMI-ME,2007190051001 Coarse,2007190051,0.003,0.01,True,False
Cd,AR,MMI-ME,2007190059001 Coarse,2007190059,0.004,0.01,True,False
Cd,AR,MMI-ME,2007190063001 Coarse,2007190063,0.004,0.01,True,False
Cd,AR,MMI-ME,2007190073001 Coarse,2007190073,0.002,0.01,True,False
Cd,AR,MMI-ME,2007190078001 Coarse,2007190078,0.002,0.01,True,False
Cd,AR,MMI-ME,2007190090001 Coarse,2007190090,0.002,0.01,True,False
Cd,AR,MMI-ME,2007190091001 Coarse,2007190091,0.004,0.01,True,False
Cd,AR,MMI-ME,2007190096001 Coarse,2007190096,0.005,0.01,True,False
Cd,AR,MMI-ME,2007190097001 Coarse,2007190097,0.003,0.01,True,False
Cd,AR,MMI-ME,2007190108001 Coarse,2007190108,0.002,0.01,True,False
Cd,AR,MMI-ME,2007190116001 Coarse,2007190116,0.001,0.01,True,False
Cd,AR,MMI-ME,2007190118001 Coarse,2007190118,0.005,0.01,True,False
Cd,AR,MMI-ME,2007190123001 Coarse,2007190123,0.003,0.01,True,False
Cd,AR,MMI-ME,2007190132001 Coarse,2007190132,0.004,0.01,True,False
Cd,AR,MMI-ME,2007190139001 Coarse,2007190139,0.001,0.01,True,False
Cd,AR,MMI-ME,2007190146001 Coarse,2007190146,0.002,0.01,True,False
Cd,MMI-ME,AR,2007190017001 Coarse,2007190017,0.01,0.001,False,False
Cd,MMI-ME,AR,2007190048001 Coarse,2007190048,0.13,0.001,False,False
Cd,MMI-ME,AR,2007190058001 Coarse,2007190058,0.01,0.001,False,False
Cd,MMI-ME,AR,2007190069001 Coarse,2007190069,0.02,0.001,False,False
Cd,MMI-ME,AR,2007190098001 Coarse,2007190098,0.04,0.001,False,False
Cd,MMI-ME,AR,2007190119001 Coarse,2007190119,0.04,0.001,False,False
Cd,MMI-ME,AR,2007190188001 Coarse,2007190188,0.03,0.001,False,False
Cd,MMI-ME,AR,2007190197001 Coarse,2007190197,0.02,0.001,False,False
Cd,MMI-ME,AR,2007190229001 Coarse,2007190229,0.01,0.001,False,False
Cd,MMI-ME,AR,2007190233001 Coarse,2007190233,0.01,0.001,False,False
Cd,MMI-ME,AR,2007190272001 Coarse,2007190272,0.06,0.001,False,False
Cd,MMI-ME,AR,2007190291001 Coarse,2007190291,0.03,0.001,False,False
Cd,MMI-ME,AR,2007190301001 Coarse,2007190301,0.06,0.001,False,False
Cd,MMI-ME,AR,2007190310001 Coarse,2007190310,0.02,0.001,False,False
Cd,MMI-ME,AR,2007190328001 Coarse,2007190328,0.02,0.001,False,False
Cd,MMI-ME,AR,2007190329001 Coarse,2007190329,0.03,0.001,False,False
Cd,MMI-ME,AR,2007190338001 Coarse,2007190338,0.02,0.001,False,False
Cd,MMI-ME,AR,2007190345001 Coarse,2007190345,0.02,0.001,False,False
Cd,MMI-ME,AR,2007190354001 Coarse,2007190354,0.01,0.001,False,False
Cd,MMI-ME,AR,2007190357001 Coarse,2007190357,0.03,0.001,False,False
Cd,ICP-MS,MMI-ME,2007190001001 Coarse,2007190001,0.003,0.1,True,False
Cd,ICP-MS,MMI-ME,2007190002001 Coarse,2007190002,0.005,0.1,True,False
Cd,ICP-MS,MMI-ME,2007190003001 Coarse,2007190003,0.006,0.1,True,False
Cd,ICP-MS,MMI-ME,2007190010001 Coarse,2007190010,0.001,0.1,True,False
Cd,ICP-MS,MMI-ME,2007190016001 Coarse,2007190016,0.001,0.1,True,False
Cd,ICP-MS,MMI-ME,2007190021001 Coarse,2007190021,0.006,0.1,True,False
Cd,ICP-MS,MMI-ME,2007190022001 Coarse,2007190022,0.009,0.1,True,False
Cd,ICP-MS,MMI-ME,2007190025001 Coarse,2007190025,0.003,0.1,True,False
Cd,ICP-MS,MMI-ME,2007190031001 Coarse,2007190031,0.008,0.1,True,False
Cd,ICP-MS,MMI-ME,2007190036001 Coarse,2007190036,0.009,0.1,True,False
Cd,ICP-MS,MMI-ME,2007190042001 Coarse,2007190042,0.006,0.1,True,False
Cd,ICP-MS,MMI-ME,2007190043001 Coarse,2007190043,0.003,0.1,True,False
Cd,ICP-MS,MMI-ME,2007190050001 Coarse,2007190050,0.003,0.1,True,False
Cd,ICP-MS,MMI-ME,2007190051001 Coarse,2007190051,0.003,0.1,True,False
Cd,ICP-MS,MMI-ME,2007190052001 Coarse,2007190052,0.015,0.1,True,False
Cd,ICP-MS,MMI-ME,2007190054001 Coarse,2007190054,0.004,0.1,True,False
Cd,ICP-MS,MMI-ME,2007190055001 Coarse,2007190055,0.005,0.1,True,False
Cd,ICP-MS,MMI-ME,2007190057001 Coarse,2007190057,0.003,0.1,True,False
Cd,ICP-MS,MMI-ME,2007190059001 Coarse,2007190059,0.004,0.1,True,False
Cd,ICP-MS,MMI-ME,2007190063001 Coarse,2007190063,0.004,0.1,True,False
Cd,MMI-ME,ICP-MS,2007190048001 Coarse,2007190048,0.17,0.001,False,False
Cd,MMI-ME,ICP-MS,2007190067001 Coarse,2007190067,0.32,0.001,False,False
Cd,MMI-ME,ICP-MS,2007190069001 Coarse,2007190069,0.32,0.001,False,False
Cd,MMI-ME,ICP-MS,2007190071001 Coarse,2007190071,0.32,0.001,False,False
Cd,MMI-ME,ICP-MS,2007190098001 Coarse,2007190098,0.2,0.001,False,False
Cd,MMI-ME,ICP-MS,2007190166001 Coarse,2007190166,0.41,0.001,False,False
Cd,MMI-ME,ICP-MS,2007190345001 Coarse,2007190345,0.1,0.001,False,False
Cd,MMI-ME,ICP-MS,2007190471001 Coarse,2007190471,0.12,0.001,False,False
Cd,MMI-ME,ICP-MS,2007190474001 Coarse,2007190474,0.1,0.001,False,False
Cd,MMI-ME,ICP-MS,2007190495001 Coarse,2007190495,0.23,0.001,False,False
Cd,MMI-ME,ICP-MS,2007190510001 Coarse,2007190510,0.32,0.001,False,False
Cd,MMI-ME,ICP-MS,2007190592001 Coarse,2007190592,0.11,0.001,False,False
Cd,MMI-ME,ICP-MS,2007190606001 Coarse,2007190606,0.13,0.001,False,False
Cd,MMI-ME,ICP-MS,2007190690001 Coarse,2007190690,0.11,0.001,False,False
Cd,MMI-ME,ICP-MS,2007190693001 Coarse,2007190693,0.66,0.001,False,False
Cd,MMI-ME,ICP-MS,2007190716001 Coarse,2007190716,0.12,0.001,False,False
Cd,MMI-ME,ICP-MS,2007190785001 Coarse,2007190785,0.11,0.001,False,False
Cd,MMI-ME,ICP-MS,2007190792001 Coarse,2007190792,0.11,0.001,False,False
Cd,MMI-ME,ICP-MS,2007190817001 Coarse,2007190817,0.29,0.001,False,False
Cd,MMI-ME,ICP-MS,2007190859001 Coarse,2007190859,0.11,0.001,False,False
Ce,MMI-ME,AR,2007190016001 Coarse,2007190016,40.5,0.005,False,False
Ce,MMI-ME,AR,2007190034001 Coarse,2007190034,45.0,0.005,False,False
Ce,MMI-ME,AR,2007190044001 Coarse,2007190044,33.4,0.005,False,False
Ce,MMI-ME,AR,2007190129001 Coarse,2007190129,44.6,0.005,False,False
Ce,MMI-ME,AR,2007190159001 Coarse,2007190159,39.2,0.005,False,False
Ce,MMI-ME,AR,2007190161001 Coarse,2007190161,28.1,0.005,False,False
Ce,MMI-ME,AR,2007190166001 Coarse,2007190166,2.05,0.005,False,False
Ce,MMI-ME,AR,2007190181001 Coarse,2007190181,44.8,0.005,False,False
Ce,MMI-ME,AR,2007190183001 Coarse,2007190183,8.43,0.005,False,False
Ce,MMI-ME,AR,2007190184001 Coarse,2007190184,10.5,0.005,False,False
Ce,MMI-ME,AR,2007190188001 Coarse,2007190188,13.5,0.005,False,False
Ce,MMI-ME,AR,2007190190001 Coarse,2007190190,22.2,0.005,False,False
Ce,MMI-ME,AR,2007190205001 Coarse,2007190205,38.1,0.005,False,False
Ce,MMI-ME,AR,2007190231001 Coarse,2007190231,47.6,0.005,False,False
Ce,MMI-ME,AR,2007190243001 Coarse,2007190243,20.1,0.005,False,False
Ce,MMI-ME,AR,2007190244001 Coarse,2007190244,38.8,0.005,False,False
Ce,MMI-ME,AR,2007190251001 Coarse,2007190251,63.0,0.005,False,False
Ce,MMI-ME,AR,2007190256001 Coarse,2007190256,22.1,0.005,False,False
Ce,MMI-ME,AR,2007190263001 Coarse,2007190263,59.0,0.005,False,False
Ce,MMI-ME,AR,2007190266001 Coarse,2007190266,21.3,0.005,False,False
Ce,MMI-ME,ICP-MS,2007190016001 Coarse,2007190016,42.54,0.005,False,False
Ce,MMI-ME,ICP-MS,2007190034001 Coarse,2007190034,45.8,0.005,False,False
Ce,MMI-ME,ICP-MS,2007190044001 Coarse,2007190044,49.84,0.005,False,False
Ce,MMI-ME,ICP-MS,2007190129001 Coarse,2007190129,49.67,0.005,False,False
Ce,MMI-ME,ICP-MS,2007190159001 Coarse,2007190159,50.81,0.005,False,False
Ce,MMI-ME,ICP-MS,2007190161001 Coarse,2007190161,26.26,0.005,False,False
Ce,MMI-ME,ICP-MS,2007190166001 Coarse,2007190166,27.84,0.005,False,False
Ce,MMI-ME,ICP-MS,2007190181001 Coarse,2007190181,47.48,0.005,False,False
Ce,MMI-ME,ICP-MS,2007190183001 Coarse,2007190183,16.12,0.005,False,False
Ce,MMI-ME,ICP-MS,2007190184001 Coarse,2007190184,19.18,0.005,False,False
Ce,MMI-ME,ICP-MS,2007190188001 Coarse,2007190188,17.14,0.005,False,False
Ce,MMI-ME,ICP-MS,2007190190001 Coarse,2007190190,26.49,0.005,False,False
Ce,MMI-ME,ICP-MS,2007190205001 Coarse,2007190205,57.65,0.005,False,False
Ce,MMI-ME,ICP-MS,2007190231001 Coarse,2007190231,55.82,0.005,False,False
Ce,MMI-ME,ICP-MS,2007190243001 Coarse,2007190243,31.67,0.005,False,False
Ce,MMI-ME,ICP-MS,2007190244001 Coarse,2007190244,40.57,0.005,False,False
Ce,MMI-ME,ICP-MS,2007190251001 Coarse,2007190251,76.08,0.005,False,False
Ce,MMI-ME,ICP-MS,2007190256001 Coarse,2007190256,19.59,0.005,False,False
Ce,MMI-ME,ICP-MS,2007190263001 Coarse,2007190263,57.59,0.005,False,False
Ce,MMI-ME,ICP-MS,2007190266001 Coarse,2007190266,25.84,0.005,False,False
Co,AR,ICP-MS,2007190451001 Coarse,2007190451,9.8,0.1,False,False
Co,AR,ICP-MS,2007190514001 Coarse,2007190514,0.2,0.1,False,False
Co,AR,ICP-MS,2007190823001 Coarse,2007190823,0.5,0.1,False,False
Co,AR,ICP-MS,2007190871001 Coarse,2007190871,0.2,0.1,False,False
Co,AR,ICP-MS,2007190877001 Coarse,2007190877,0.4,0.1,False,False
Co,ICP-MS,AR,2007191248001 Coarse,2007191248,0.4,0.1,False,False
Co,AR,MMI-ME,2007190451001 Coarse,2007190451,0.261,0.1,False,False
Co,AR,MMI-ME,2007190823001 Coarse,2007190823,0.009,0.1,True,False
Co,AR,MMI-ME,2007190871001 Coarse,2007190871,0.237,0.1,False,False
Co,MMI-ME,AR,2007190345001 Coarse,2007190345,0.2,0.005,False,False
Co,MMI-ME,AR,2007190690001 Coarse,2007190690,0.2,0.005,False,False
Co,MMI-ME,AR,2007190792001 Coarse,2007190792,0.2,0.005,False,False
Co,MMI-ME,AR,2007191237001 Coarse,2007191237,0.1,0.005,False,False
Co,ICP-MS,MMI-ME,2007191248001 Coarse,2007191248,0.007,0.1,True,False
Co,MMI-ME,ICP-MS,2007190345001 Coarse,2007190345,1.0,0.005,False,False
Co,MMI-ME,ICP-MS,2007190514001 Coarse,2007190514,0.2,0.005,False,False
Co,MMI-ME,ICP-MS,2007190690001 Coarse,2007190690,1.1,0.005,False,False
Co,MMI-ME,ICP-MS,2007190792001 Coarse,2007190792,0.4,0.005,False,False
Co,MMI-ME,ICP-MS,2007190877001 Coarse,2007190877,0.4,0.005,False,False
Co,MMI-ME,ICP-MS,2007191237001 Coarse,2007191237,0.3,0.005,False,False
Cr,AR,ICP-MS,2007190792001 Coarse,2007190792,13.4,0.5,False,False
Cr,AR,ICP-MS,2007191237001 Coarse,2007191237,10.2,0.5,False,False
Cr,AR,MMI-ME,2007190792001 Coarse,2007190792,0.038,0.5,True,False
Cr,AR,MMI-ME,2007191237001 Coarse,2007191237,0.019,0.5,True,False
Cr,MMI-ME,AR,2007190832001 Coarse,2007190832,11.8,0.001,False,False
Cr,MMI-ME,ICP-MS,2007190832001 Coarse,2007190832,17.7,0.001,False,False
Cs,AR,ICP-MS,2007190451001 Coarse,2007190451,2.37,0.02,False,False
Cs,AR,ICP-MS,2007190588001 Coarse,2007190588,2.59,0.02,False,False
Cs,ICP-MS,AR,2007190459001 Coarse,2007190459,0.09,0.1,True,False
Cs,ICP-MS,AR,2007190576001 Coarse,2007190576,0.16,0.1,False,False
Cs,ICP-MS,AR,2007191248001 Coarse,2007191248,0.03,0.1,True,False
Cs,ICP-MS,AR,2007191319001 Coarse,2007191319,0.06,0.1,True,False
Cs,AR,MMI-ME,2007190058001 Coarse,2007190058,0.0093,0.02,True,False
Cs,AR,MMI-ME,2007190163001 Coarse,2007190163,0.0085,0.02,True,False
Cs,AR,MMI-ME,2007190451001 Coarse,2007190451,0.0057,0.02,True,False
Cs,AR,MMI-ME,2007190514001 Coarse,2007190514,0.0031,0.02,True,False
Cs,AR,MMI-ME,2007190588001 Coarse,2007190588,0.0055,0.02,True,False
Cs,AR,MMI-ME,2007190877001 Coarse,2007190877,0.0114,0.02,True,False
Cs,AR,MMI-ME,2007191237001 Coarse,2007191237,0.0074,0.02,True,False
Cs,MMI-ME,AR,2007190802001 Coarse,2007190802,1.62,0.0005,False,False
Cs,MMI-ME,AR,2007191292001 Coarse,2007191292,0.92,0.0005,False,False
Cs,ICP-MS,MMI-ME,2007190058001 Coarse,2007190058,0.0093,0.1,True,False
Cs,ICP-MS,MMI-ME,2007190163001 Coarse,2007190163,0.0085,0.1,True,False
Cs,ICP-MS,MMI-ME,2007190459001 Coarse,2007190459,0.0103,0.1,True,False
Cs,ICP-MS,MMI-ME,2007190514001 Coarse,2007190514,0.0031,0.1,True,False
Cs,ICP-MS,MMI-ME,2007190576001 Coarse,2007190576,0.0193,0.1,True,False
Cs,ICP-MS,MMI-ME,2007190877001 Coarse,2007190877,0.0114,0.1,True,False
Cs,ICP-MS,MMI-ME,2007191237001 Coarse,2007191237,0.0074,0.1,True,False
Cs,ICP-MS,MMI-ME,2007191248001 Coarse,2007191248,0.008,0.1,True,False
Cs,ICP-MS,MMI-ME,2007191319001 Coarse,2007191319,0.0046,0.1,True,False
Cs,MMI-ME,ICP-MS,2007190802001 Coarse,2007190802,3.73,0.0005,False,False
Cs,MMI-ME,ICP-MS,2007191292001 Coarse,2007191292,2.9,0.0005,False,False
Cu,AR,ICP-MS,2007190514001 Coarse,2007190514,0.9,0.01,False,False
Cu,AR,ICP-MS,2007190792001 Coarse,2007190792,1.8,0.01,False,False
Cu,AR,ICP-MS,2007190871001 Coarse,2007190871,2.5,0.01,False,False
Cu,AR,ICP-MS,2007191076001 Coarse,2007191076,1.3,0.01,False,False
Cu,ICP-MS,AR,2007190090001 Coarse,2007190090,0.31,0.2,False,False
Cu,ICP-MS,AR,2007190131001 Coarse,2007190131,2.83,0.2,False,False
Cu,ICP-MS,AR,2007190722001 Coarse,2007190722,2.16,0.2,False,False
Cu,ICP-MS,AR,2007190730001 Coarse,2007190730,4.35,0.2,False,False
Cu,ICP-MS,AR,2007190739001 Coarse,2007190739,1.23,0.2,False,False
Cu,ICP-MS,AR,2007190798001 Coarse,2007190798,2.16,0.2,False,False
Cu,ICP-MS,AR,2007190805001 Coarse,2007190805,3.54,0.2,False,False
Cu,ICP-MS,AR,2007190877001 Coarse,2007190877,0.01,0.2,True,False
Cu,ICP-MS,AR,2007191016001 Coarse,2007191016,2.1,0.2,False,False
Cu,ICP-MS,AR,2007191046001 Coarse,2007191046,1.55,0.2,False,False
Cu,ICP-MS,AR,2007191167001 Coarse,2007191167,2.04,0.2,False,False
Cu,ICP-MS,AR,2007191243001 Coarse,2007191243,2.42,0.2,False,False
Cu,ICP-MS,AR,2007191248001 Coarse,2007191248,1.0,0.2,False,False
Cu,ICP-MS,AR,2007191252001 Coarse,2007191252,4.98,0.2,False,False
Cu,ICP-MS,AR,2007191318001 Coarse,2007191318,1.99,0.2,False,False
Cu,ICP-MS,AR,2007191319001 Coarse,2007191319,2.59,0.2,False,False
Cu,AR,MMI-ME,2007190514001 Coarse,2007190514,0.03,0.01,False,False
Cu,AR,MMI-ME,2007190792001 Coarse,2007190792,0.04,0.01,False,False
Cu,AR,MMI-ME,2007190871001 Coarse,2007190871,0.86,0.01,False,False
Cu,AR,MMI-ME,2007191076001 Coarse,2007191076,0.02,0.01,False,False
Cu,ICP-MS,MMI-ME,2007190090001 Coarse,2007190090,0.21,0.2,False,False
Cu,ICP-MS,MMI-ME,2007190131001 Coarse,2007190131,0.26,0.2,False,False
Cu,ICP-MS,MMI-ME,2007190722001 Coarse,2007190722,0.14,0.2,True,False
Cu,ICP-MS,MMI-ME,2007190730001 Coarse,2007190730,0.34,0.2,False,False
Cu,ICP-MS,MMI-ME,2007190739001 Coarse,2007190739,0.12,0.2,True,False
Cu,ICP-MS,MMI-ME,2007190798001 Coarse,2007190798,0.15,0.2,True,False
Cu,ICP-MS,MMI-ME,2007190805001 Coarse,2007190805,0.46,0.2,False,False
Cu,ICP-MS,MMI-ME,2007190877001 Coarse,2007190877,0.03,0.2,True,False
Cu,ICP-MS,MMI-ME,2007191016001 Coarse,2007191016,0.56,0.2,False,False
Cu,ICP-MS,MMI-ME,2007191046001 Coarse,2007191046,0.23,0.2,False,False
Cu,ICP-MS,MMI-ME,2007191167001 Coarse,2007191167,0.28,0.2,False,False
Cu,ICP-MS,MMI-ME,2007191243001 Coarse,2007191243,0.3,0.2,False,False
Cu,ICP-MS,MMI-ME,2007191248001 Coarse,2007191248,0.24,0.2,False,False
Cu,ICP-MS,MMI-ME,2007191252001 Coarse,2007191252,0.06,0.2,True,False
Cu,ICP-MS,MMI-ME,2007191318001 Coarse,2007191318,0.21,0.2,False,False
Cu,ICP-MS,MMI-ME,2007191319001 Coarse,2007191319,0.39,0.2,False,False
Fe,AR,MMI-ME,2007190514001 Coarse,2007190514,30.0,100.0,True,False
Fe,MMI-ME,AR,2007190016001 Coarse,2007190016,25100.0,1.0,False,False
Fe,MMI-ME,AR,2007190067001 Coarse,2007190067,35600.0,1.0,False,False
Fe,MMI-ME,AR,2007190139001 Coarse,2007190139,14000.0,1.0,False,False
Fe,MMI-ME,AR,2007190190001 Coarse,2007190190,82500.0,1.0,False,False
Fe,MMI-ME,AR,2007190231001 Coarse,2007190231,38800.0,1.0,False,False
Fe,MMI-ME,AR,2007190251001 Coarse,2007190251,50300.0,1.0,False,False
Fe,MMI-ME,AR,2007190629001 Coarse,2007190629,26300.0,1.0,False,False
Fe,MMI-ME,AR,2007190643001 Coarse,2007190643,14100.0,1.0,False,False
Fe,MMI-ME,AR,2007190654001 Coarse,2007190654,22400.0,1.0,False,False
Fe,MMI-ME,AR,2007190658001 Coarse,2007190658,42100.0,1.0,False,False
Fe,MMI-ME,AR,2007190670001 Coarse,2007190670,16900.0,1.0,False,False
Fe,MMI-ME,AR,2007190677001 Coarse,2007190677,42200.0,1.0,False,False
Fe,MMI-ME,AR,2007190681001 Coarse,2007190681,26100.0,1.0,False,False
Fe,MMI-ME,AR,2007190683001 Coarse,2007190683,19100.0,1.0,False,False
Fe,MMI-ME,AR,2007190684001 Coarse,2007190684,20400.0,1.0,False,False
Fe,MMI-ME,AR,2007190688001 Coarse,2007190688,26600.0,1.0,False,False
Fe,MMI-ME,AR,2007190691001 Coarse,2007190691,18400.0,1.0,False,False
Fe,MMI-ME,AR,2007190701001 Coarse,2007190701,23500.0,1.0,False,False
Fe,MMI-ME,AR,2007190703001 Coarse,2007190703,27000.0,1.0,False,False
Fe,MMI-ME,AR,2007190706001 Coarse,2007190706,47300.0,1.0,False,False
Ga,AR,ICP-MS,2007190633001 Coarse,2007190633,1.9,0.02,False,False
Ga,ICP-MS,AR,2007190090001 Coarse,2007190090,0.73,0.1,False,False
Ga,ICP-MS,AR,2007190514001 Coarse,2007190514,0.14,0.1,False,False
Ga,AR,MMI-ME,2007190633001 Coarse,2007190633,0.009,0.02,True,False
Ga,AR,MMI-ME,2007191248001 Coarse,2007191248,0.004,0.02,True,False
Ga,MMI-ME,AR,2007190130001 Coarse,2007190130,3.45,0.001,False,False
Ga,MMI-ME,AR,2007190231001 Coarse,2007190231,5.1,0.001,False,False
Ga,MMI-ME,AR,2007190363001 Coarse,2007190363,2.88,0.001,False,False
Ga,MMI-ME,AR,2007190854001 Coarse,2007190854,1.05,0.001,False,False
Ga,MMI-ME,AR,2007190855001 Coarse,2007190855,6.75,0.001,False,False
Ga,MMI-ME,AR,2007190882001 Coarse,2007190882,1.76,0.001,False,False
Ga,MMI-ME,AR,2007190884001 Coarse,2007190884,3.35,0.001,False,False
Ga,MMI-ME,AR,2007191062001 Coarse,2007191062,3.11,0.001,False,False
Ga,MMI-ME,AR,2007191252001 Coarse,2007191252,0.73,0.001,False,False
Ga,MMI-ME,AR,2007191319001 Coarse,2007191319,0.16,0.001,False,False
Ga,MMI-ME,AR,2007191407001 Coarse,2007191407,3.53,0.001,False,False
Ga,MMI-ME,AR,2007191456001 Coarse,2007191456,4.85,0.001,False,False
Ga,MMI-ME,AR,2007191533001 Coarse,2007191533,0.72,0.001,False,False
Ga,MMI-ME,AR,2007191545001 Coarse,2007191545,2.99,0.001,False,False
Ga,MMI-ME,AR,2007191554001 Coarse,2007191554,14.7,0.001,False,False
Ga,MMI-ME,AR,2007191598001 Coarse,2007191598,1.4,0.001,False,False
Ga,ICP-MS,MMI-ME,2007190090001 Coarse,2007190090,0.014,0.1,True,False
Ga,ICP-MS,MMI-ME,2007190514001 Coarse,2007190514,0.034,0.1,True,False
Ga,ICP-MS,MMI-ME,2007191248001 Coarse,2007191248,0.004,0.1,True,False
Ga,MMI-ME,ICP-MS,2007190130001 Coarse,2007190130,10.2,0.001,False,False
Ga,MMI-ME,ICP-MS,2007190231001 Coarse,2007190231,12.8,0.001,False,False
Ga,MMI-ME,ICP-MS,2007190363001 Coarse,2007190363,2.9,0.001,False,False
Ga,MMI-ME,ICP-MS,2007190854001 Coarse,2007190854,2.1,0.001,False,False
Ga,MMI-ME,ICP-MS,2007190855001 Coarse,2007190855,16.8,0.001,False,False
Ga,MMI-ME,ICP-MS,2007190882001 Coarse,2007190882,10.6,0.001,False,False
Ga,MMI-ME,ICP-MS,2007190884001 Coarse,2007190884,9.2,0.001,False,False
Ga,MMI-ME,ICP-MS,2007191062001 Coarse,2007191062,7.2,0.001,False,False
Ga,MMI-ME,ICP-MS,2007191252001 Coarse,2007191252,2.9,0.001,False,False
Ga,MMI-ME,ICP-MS,2007191319001 Coarse,2007191319,0.5,0.001,False,False
Ga,MMI-ME,ICP-MS,2007191407001 Coarse,2007191407,7.0,0.001,False,False
Ga,MMI-ME,ICP-MS,2007191456001 Coarse,2007191456,10.2,0.001,False,False
Ga,MMI-ME,ICP-MS,2007191533001 Coarse,2007191533,3.3,0.001,False,False
Ga,MMI-ME,ICP-MS,2007191545001 Coarse,2007191545,6.0,0.001,False,False
Ga,MMI-ME,ICP-MS,2007191554001 Coarse,2007191554,22.9,0.001,False,False
Ga,MMI-ME,ICP-MS,2007191598001 Coarse,2007191598,2.8,0.001,False,False
Ge,AR,ICP-MS,2007190001001 Coarse,2007190001,0.4,0.1,False,False
Ge,AR,ICP-MS,2007190002001 Coarse,2007190002,0.5,0.1,False,False
Ge,AR,ICP-MS,2007190003001 Coarse,2007190003,0.58,0.1,False,False
Ge,AR,ICP-MS,2007190005001 Coarse,2007190005,0.5,0.1,False,False
Ge,AR,ICP-MS,2007190007001 Coarse,2007190007,0.86,0.1,False,False
Ge,AR,ICP-MS,2007190009001 Coarse,2007190009,0.53,0.1,False,False
Ge,AR,ICP-MS,2007190010001 Coarse,2007190010,0.44,0.1,False,False
Ge,AR,ICP-MS,2007190011001 Coarse,2007190011,0.5,0.1,False,False
Ge,AR,ICP-MS,2007190012001 Coarse,2007190012,0.61,0.1,False,False
Ge,AR,ICP-MS,2007190013001 Coarse,2007190013,0.5,0.1,False,False
Ge,AR,ICP-MS,2007190014001 Coarse,2007190014,0.5,0.1,False,False
Ge,AR,ICP-MS,2007190015001 Coarse,2007190015,0.6,0.1,False,False
Ge,AR,ICP-MS,2007190016001 Coarse,2007190016,0.37,0.1,False,False
Ge,AR,ICP-MS,2007190017001 Coarse,2007190017,0.35,0.1,False,False
Ge,AR,ICP-MS,2007190018001 Coarse,2007190018,0.49,0.1,False,False
Ge,AR,ICP-MS,2007190019001 Coarse,2007190019,0.5,0.1,False,False
Ge,AR,ICP-MS,2007190021001 Coarse,2007190021,0.4,0.1,False,False
Ge,AR,ICP-MS,2007190022001 Coarse,2007190022,0.5,0.1,False,False
Ge,AR,ICP-MS,2007190024001 Coarse,2007190024,0.31,0.1,False,False
Ge,AR,ICP-MS,2007190025001 Coarse,2007190025,0.43,0.1,False,False
Ge,ICP-MS,AR,2007190057001 Coarse,2007190057,0.1,0.04,False,False
Ge,ICP-MS,AR,2007191316001 Coarse,2007191316,0.1,0.04,False,False
Hf,AR,ICP-MS,2007190001001 Coarse,2007190001,13.96,0.1,False,False
Hf,AR,ICP-MS,2007190002001 Coarse,2007190002,8.49,0.1,False,False
Hf,AR,ICP-MS,2007190005001 Coarse,2007190005,5.75,0.1,False,False
Hf,AR,ICP-MS,2007190011001 Coarse,2007190011,12.16,0.1,False,False
Hf,AR,ICP-MS,2007190015001 Coarse,2007190015,5.16,0.1,False,False
Hf,AR,ICP-MS,2007190019001 Coarse,2007190019,7.5,0.1,False,False
Hf,AR,ICP-MS,2007190024001 Coarse,2007190024,9.5,0.1,False,False
Hf,AR,ICP-MS,2007190025001 Coarse,2007190025,8.48,0.1,False,False
Hf,AR,ICP-MS,2007190028001 Coarse,2007190028,3.04,0.1,False,False
Hf,AR,ICP-MS,2007190032001 Coarse,2007190032,8.28,0.1,False,False
Hf,AR,ICP-MS,2007190033001 Coarse,2007190033,5.59,0.1,False,False
Hf,AR,ICP-MS,2007190035001 Coarse,2007190035,11.47,0.1,False,False
Hf,AR,ICP-MS,2007190038001 Coarse,2007190038,8.63,0.1,False,False
Hf,AR,ICP-MS,2007190041001 Coarse,2007190041,9.77,0.1,False,False
Hf,AR,ICP-MS,2007190042001 Coarse,2007190042,8.1,0.1,False,False
Hf,AR,ICP-MS,2007190043001 Coarse,2007190043,6.72,0.1,False,False
Hf,AR,ICP-MS,2007190050001 Coarse,2007190050,3.04,0.1,False,False
Hf,AR,ICP-MS,2007190051001 Coarse,2007190051,14.63,0.1,False,False
Hf,AR,ICP-MS,2007190053001 Coarse,2007190053,11.33,0.1,False,False
Hf,AR,ICP-MS,2007190055001 Coarse,2007190055,10.61,0.1,False,False
Hg,AR,MMI-ME,2007190057001 Coarse,2007190057,0.002,0.01,True,False
Hg,AR,MMI-ME,2007190069001 Coarse,2007190069,0.001,0.01,True,False
Hg,AR,MMI-ME,2007190076001 Coarse,2007190076,0.001,0.01,True,False
Hg,AR,MMI-ME,2007190082001 Coarse,2007190082,0.001,0.01,True,False
Hg,AR,MMI-ME,2007190184001 Coarse,2007190184,0.002,0.01,True,False
Hg,AR,MMI-ME,2007190445001 Coarse,2007190445,0.001,0.01,True,False
Hg,AR,MMI-ME,2007190473001 Coarse,2007190473,0.002,0.01,True,False
Hg,AR,MMI-ME,2007190544001 Coarse,2007190544,0.002,0.01,True,False
Hg,AR,MMI-ME,2007190659001 Coarse,2007190659,0.002,0.01,True,False
Hg,AR,MMI-ME,2007190677001 Coarse,2007190677,0.001,0.01,True,False
Hg,AR,MMI-ME,2007190691001 Coarse,2007190691,0.001,0.01,True,False
Hg,AR,MMI-ME,2007190949001 Coarse,2007190949,0.002,0.01,True,False
Hg,AR,MMI-ME,2007191070001 Coarse,2007191070,0.001,0.01,True,False
Hg,AR,MMI-ME,2007191201001 Coarse,2007191201,0.002,0.01,True,False
Hg,AR,MMI-ME,2007191277001 Coarse,2007191277,0.001,0.01,True,False
Hg,AR,MMI-ME,2007191484001 Coarse,2007191484,0.001,0.01,True,False
Hg,AR,MMI-ME,2007191510001 Coarse,2007191510,0.001,0.01,True,False
Hg,AR,MMI-ME,2007191542001 Coarse,2007191542,0.001,0.01,True,False
Hg,AR,MMI-ME,2007191570001 Coarse,2007191570,0.001,0.01,True,False
Hg,MMI-ME,AR,2007190001001 Coarse,2007190001,0.02,0.001,False,False
Hg,MMI-ME,AR,2007190002001 Coarse,2007190002,0.01,0.001,False,False
Hg,MMI-ME,AR,2007190004001 Coarse,2007190004,0.02,0.001,False,False
Hg,MMI-ME,AR,2007190009001 Coarse,2007190009,0.02,0.001,False,False
Hg,MMI-ME,AR,2007190011001 Coarse,2007190011,0.04,0.001,False,False
Hg,MMI-ME,AR,2007190012001 Coarse,2007190012,0.02,0.001,False,False
Hg,MMI-ME,AR,2007190014001 Coarse,2007190014,0.04,0.001,False,False
Hg,MMI-ME,AR,2007190015001 Coarse,2007190015,0.04,0.001,False,False
Hg,MMI-ME,AR,2007190018001 Coarse,2007190018,0.02,0.001,False,False
Hg,MMI-ME,AR,2007190019001 Coarse,2007190019,0.02,0.001,False,False
Hg,MMI-ME,AR,2007190021001 Coarse,2007190021,0.02,0.001,False,False
Hg,MMI-ME,AR,2007190022001 Coarse,2007190022,0.01,0.001,False,False
Hg,MMI-ME,AR,2007190024001 Coarse,2007190024,0.01,0.001,False,False
Hg,MMI-ME,AR,2007190025001 Coarse,2007190025,0.03,0.001,False,False
Hg,MMI-ME,AR,2007190031001 Coarse,2007190031,0.02,0.001,False,False
Hg,MMI-ME,AR,2007190033001 Coarse,2007190033,0.01,0.001,False,False
Hg,MMI-ME,AR,2007190038001 Coarse,2007190038,0.01,0.001,False,False
Hg,MMI-ME,AR,2007190041001 Coarse,2007190041,0.01,0.001,False,False
Hg,MMI-ME,AR,2007190042001 Coarse,2007190042,0.04,0.001,False,False
Hg,MMI-ME,AR,2007190051001 Coarse,2007190051,0.02,0.001,False,False
K,AR,MMI-ME,2007190058001 Coarse,2007190058,16.5,100.0,True,False
K,AR,MMI-ME,2007190163001 Coarse,2007190163,14.0,100.0,True,False
K,AR,MMI-ME,2007190221001 Coarse,2007190221,4.9,100.0,True,False
K,AR,MMI-ME,2007190310001 Coarse,2007190310,8.6,100.0,True,False
K,AR,MMI-ME,2007190323001 Coarse,2007190323,7.2,100.0,True,False
K,AR,MMI-ME,2007190328001 Coarse,2007190328,12.4,100.0,True,False
K,AR,MMI-ME,2007190387001 Coarse,2007190387,6.0,100.0,True,False
K,AR,MMI-ME,2007190474001 Coarse,2007190474,7.1,100.0,True,False
K,AR,MMI-ME,2007190588001 Coarse,2007190588,78.1,100.0,True,False
K,AR,MMI-ME,2007190592001 Coarse,2007190592,17.8,100.0,True,False
K,AR,MMI-ME,2007190792001 Coarse,2007190792,4.3,100.0,True,False
K,AR,MMI-ME,2007190798001 Coarse,2007190798,8.3,100.0,True,False
K,AR,MMI-ME,2007190998001 Coarse,2007190998,8.9,100.0,True,False
K,AR,MMI-ME,2007191194001 Coarse,2007191194,17.8,100.0,True,False
K,AR,MMI-ME,2007191229001 Coarse,2007191229,7.2,100.0,True,False
K,AR,MMI-ME,2007191237001 Coarse,2007191237,9.9,100.0,True,False
K,AR,MMI-ME,2007191258001 Coarse,2007191258,13.6,100.0,True,False
K,AR,MMI-ME,2007191259001 Coarse,2007191259,35.1,100.0,True,False
K,AR,MMI-ME,2007191433001 Coarse,2007191433,1.2,100.0,True,False
K,AR,MMI-ME,2007191472001 Coarse,2007191472,6.5,100.0,True,False
K,AR,XRF,2007190058001 Coarse,2007190058,266.0,100.0,False,False
K,AR,XRF,2007190163001 Coarse,2007190163,1868.0,100.0,False,False
K,AR,XRF,2007190221001 Coarse,2007190221,1619.0,100.0,False,False
K,AR,XRF,2007190310001 Coarse,2007190310,432.0,100.0,False,False
K,AR,XRF,2007190323001 Coarse,2007190323,955.0,100.0,False,False
K,AR,XRF,2007190328001 Coarse,2007190328,714.0,100.0,False,False
K,AR,XRF,2007190387001 Coarse,2007190387,531.0,100.0,False,False
K,AR,XRF,2007190474001 Coarse,2007190474,191.0,100.0,False,False
K,AR,XRF,2007190588001 Coarse,2007190588,18013.0,100.0,False,False
K,AR,XRF,2007190592001 Coarse,2007190592,349.0,100.0,False,False
K,AR,XRF,2007190798001 Coarse,2007190798,548.0,100.0,False,False
K,AR,XRF,2007190998001 Coarse,2007190998,3686.0,100.0,False,False
K,AR,XRF,2007191194001 Coarse,2007191194,5686.0,100.0,False,False
K,AR,XRF,2007191229001 Coarse,2007191229,830.0,100.0,False,False
K,AR,XRF,2007191237001 Coarse,2007191237,614.0,100.0,False,False
K,AR,XRF,2007191258001 Coarse,2007191258,606.0,100.0,False,False
K,AR,XRF,2007191259001 Coarse,2007191259,1444.0,100.0,False,False
K,AR,XRF,2007191433001 Coarse,2007191433,257.0,100.0,False,False
K,AR,XRF,2007191472001 Coarse,2007191472,390.0,100.0,False,False
K,AR,XRF,2007191499001 Coarse,2007191499,498.0,100.0,False,False
K,XRF,AR,2007190514001 Coarse,2007190514,100.0,42.0,False,False
K,XRF,MMI-ME,2007190514001 Coarse,2007190514,3.8,42.0,True,False
K,XRF,MMI-ME,2007190792001 Coarse,2007190792,4.3,42.0,True,False
La,AR,ICP-MS,2007190163001 Coarse,2007190163,1.2,0.5,False,False
La,AR,ICP-MS,2007190514001 Coarse,2007190514,1.46,0.5,False,False
La,AR,ICP-MS,2007190588001 Coarse,2007190588,22.01,0.5,False,False
La,AR,ICP-MS,2007190792001 Coarse,2007190792,3.97,0.5,False,False
La,AR,ICP-MS,2007190838001 Coarse,2007190838,23.81,0.5,False,False
La,AR,ICP-MS,2007191248001 Coarse,2007191248,0.43,0.5,True,False
La,AR,MMI-ME,2007190163001 Coarse,2007190163,0.033,0.5,True,False
La,AR,MMI-ME,2007190514001 Coarse,2007190514,0.021,0.5,True,False
La,AR,MMI-ME,2007190588001 Coarse,2007190588,0.005,0.5,True,False
La,AR,MMI-ME,2007190792001 Coarse,2007190792,0.088,0.5,True,False
La,AR,MMI-ME,2007190838001 Coarse,2007190838,0.034,0.5,True,False
La,AR,MMI-ME,2007191248001 Coarse,2007191248,0.008,0.5,True,False
La,MMI-ME,AR,2007190044001 Coarse,2007190044,12.0,0.001,False,False
La,MMI-ME,AR,2007190048001 Coarse,2007190048,30.0,0.001,False,False
La,MMI-ME,AR,2007190117001 Coarse,2007190117,17.1,0.001,False,False
La,MMI-ME,AR,2007190134001 Coarse,2007190134,11.4,0.001,False,False
La,MMI-ME,AR,2007190161001 Coarse,2007190161,13.8,0.001,False,False
La,MMI-ME,AR,2007190183001 Coarse,2007190183,4.8,0.001,False,False
La,MMI-ME,AR,2007190185001 Coarse,2007190185,22.6,0.001,False,False
La,MMI-ME,AR,2007190190001 Coarse,2007190190,11.4,0.001,False,False
La,MMI-ME,AR,2007190205001 Coarse,2007190205,15.6,0.001,False,False
La,MMI-ME,AR,2007190209001 Coarse,2007190209,19.8,0.001,False,False
La,MMI-ME,AR,2007190216001 Coarse,2007190216,10.2,0.001,False,False
La,MMI-ME,AR,2007190230001 Coarse,2007190230,10.9,0.001,False,False
La,MMI-ME,AR,2007190244001 Coarse,2007190244,18.4,0.001,False,False
La,MMI-ME,AR,2007190251001 Coarse,2007190251,35.7,0.001,False,False
La,MMI-ME,AR,2007190256001 Coarse,2007190256,13.3,0.001,False,False
La,MMI-ME,AR,2007190263001 Coarse,2007190263,28.2,0.001,False,False
La,MMI-ME,AR,2007190266001 Coarse,2007190266,10.7,0.001,False,False
La,MMI-ME,AR,2007190267001 Coarse,2007190267,20.4,0.001,False,False
La,MMI-ME,AR,2007190272001 Coarse,2007190272,14.3,0.001,False,False
La,MMI-ME,AR,2007190273001 Coarse,2007190273,19.3,0.001,False,False
La,MMI-ME,ICP-MS,2007190044001 Coarse,2007190044,22.39,0.001,False,False
La,MMI-ME,ICP-MS,2007190048001 Coarse,2007190048,32.19,0.001,False,False
La,MMI-ME,ICP-MS,2007190117001 Coarse,2007190117,23.82,0.001,False,False
La,MMI-ME,ICP-MS,2007190134001 Coarse,2007190134,17.62,0.001,False,False
La,MMI-ME,ICP-MS,2007190161001 Coarse,2007190161,14.3,0.001,False,False
La,MMI-ME,ICP-MS,2007190183001 Coarse,2007190183,8.73,0.001,False,False
La,MMI-ME,ICP-MS,2007190185001 Coarse,2007190185,27.39,0.001,False,False
La,MMI-ME,ICP-MS,2007190190001 Coarse,2007190190,15.28,0.001,False,False
La,MMI-ME,ICP-MS,2007190205001 Coarse,2007190205,27.62,0.001,False,False
La,MMI-ME,ICP-MS,2007190209001 Coarse,2007190209,24.36,0.001,False,False
La,MMI-ME,ICP-MS,2007190216001 Coarse,2007190216,19.11,0.001,False,False
La,MMI-ME,ICP-MS,2007190230001 Coarse,2007190230,14.53,0.001,False,False
La,MMI-ME,ICP-MS,2007190244001 Coarse,2007190244,22.25,0.001,False,False
La,MMI-ME,ICP-MS,2007190251001 Coarse,2007190251,42.46,0.001,False,False
La,MMI-ME,ICP-MS,2007190256001 Coarse,2007190256,11.06,0.001,False,False
La,MMI-ME,ICP-MS,2007190263001 Coarse,2007190263,28.41,0.001,False,False
La,MMI-ME,ICP-MS,2007190266001 Coarse,2007190266,13.52,0.001,False,False
La,MMI-ME,ICP-MS,2007190267001 Coarse,2007190267,21.09,0.001,False,False
La,MMI-ME,ICP-MS,2007190272001 Coarse,2007190272,27.19,0.001,False,False
La,MMI-ME,ICP-MS,2007190273001 Coarse,2007190273,24.65,0.001,False,False
Li,AR,MMI-ME,2007190451001 Coarse,2007190451,0.013,0.1,True,False
Li,AR,MMI-ME,2007190733001 Coarse,2007190733,0.011,0.1,True,False
Li,AR,MMI-ME,2007190875001 Coarse,2007190875,0.01,0.1,True,False
Li,AR,MMI-ME,2007191259001 Coarse,2007191259,0.023,0.1,True,False
Li,AR,MMI-ME,2007191330001 Coarse,2007191330,0.006,0.1,True,False
Li,MMI-ME,AR,2007190001001 Coarse,2007190001,13.2,0.005,False,False
Li,MMI-ME,AR,2007190007001 Coarse,2007190007,8.8,0.005,False,False
Li,MMI-ME,AR,2007190010001 Coarse,2007190010,3.3,0.005,False,False
Li,MMI-ME,AR,2007190013001 Coarse,2007190013,13.6,0.005,False,False
Li,MMI-ME,AR,2007190017001 Coarse,2007190017,1.8,0.005,False,False
Li,MMI-ME,AR,2007190019001 Coarse,2007190019,7.7,0.005,False,False
Li,MMI-ME,AR,2007190024001 Coarse,2007190024,0.2,0.005,False,False
Li,MMI-ME,AR,2007190025001 Coarse,2007190025,4.5,0.005,False,False
Li,MMI-ME,AR,2007190033001 Coarse,2007190033,4.5,0.005,False,False
Li,MMI-ME,AR,2007190038001 Coarse,2007190038,2.3,0.005,False,False
Li,MMI-ME,AR,2007190039001 Coarse,2007190039,3.1,0.005,False,False
Li,MMI-ME,AR,2007190048001 Coarse,2007190048,12.9,0.005,False,False
Li,MMI-ME,AR,2007190050001 Coarse,2007190050,2.9,0.005,False,False
Li,MMI-ME,AR,2007190063001 Coarse,2007190063,5.9,0.005,False,False
Li,MMI-ME,AR,2007190069001 Coarse,2007190069,0.5,0.005,False,False
Li,MMI-ME,AR,2007190071001 Coarse,2007190071,2.3,0.005,False,False
Li,MMI-ME,AR,2007190073001 Coarse,2007190073,2.4,0.005,False,False
Li,MMI-ME,AR,2007190075001 Coarse,2007190075,10.8,0.005,False,False
Li,MMI-ME,AR,2007190081001 Coarse,2007190081,3.4,0.005,False,False
Li,MMI-ME,AR,2007190084001 Coarse,2007190084,4.3,0.005,False,False
Mg,AR,MMI-ME,2007190058001 Coarse,2007190058,41.0,100.0,True,False
Mg,AR,MMI-ME,2007190176001 Coarse,2007190176,5.0,100.0,True,False
Mg,AR,MMI-ME,2007190197001 Coarse,2007190197,22.0,100.0,True,False
Mg,AR,MMI-ME,2007190218001 Coarse,2007190218,7.0,100.0,True,False
Mg,AR,MMI-ME,2007190221001 Coarse,2007190221,12.0,100.0,True,False
Mg,AR,MMI-ME,2007190310001 Coarse,2007190310,9.0,100.0,True,False
Mg,AR,MMI-ME,2007190323001 Coarse,2007190323,9.0,100.0,True,False
Mg,AR,MMI-ME,2007190328001 Coarse,2007190328,23.0,100.0,True,False
Mg,AR,MMI-ME,2007190451001 Coarse,2007190451,164.0,100.0,False,False
Mg,AR,MMI-ME,2007190467001 Coarse,2007190467,24.0,100.0,True,False
Mg,AR,MMI-ME,2007190514001 Coarse,2007190514,3.0,100.0,True,False
Mg,AR,MMI-ME,2007190554001 Coarse,2007190554,8.0,100.0,True,False
Mg,AR,MMI-ME,2007190588001 Coarse,2007190588,215.0,100.0,False,False
Mg,AR,MMI-ME,2007190592001 Coarse,2007190592,13.0,100.0,True,False
Mg,AR,MMI-ME,2007190655001 Coarse,2007190655,21.0,100.0,True,False
Mg,AR,MMI-ME,2007190667001 Coarse,2007190667,6.0,100.0,True,False
Mg,AR,MMI-ME,2007190750001 Coarse,2007190750,8.0,100.0,True,False
Mg,AR,MMI-ME,2007190752001 Coarse,2007190752,35.0,100.0,True,False
Mg,AR,MMI-ME,2007190792001 Coarse,2007190792,11.0,100.0,True,False
Mg,AR,MMI-ME,2007190798001 Coarse,2007190798,24.0,100.0,True,False
Mg,AR,XRF,2007190218001 Coarse,2007190218,139.0,100.0,False,False
Mg,AR,XRF,2007190221001 Coarse,2007190221,133.0,100.0,False,False
Mg,AR,XRF,2007190323001 Coarse,2007190323,151.0,100.0,False,False
Mg,AR,XRF,2007190451001 Coarse,2007190451,5029.0,100.0,False,False
Mg,AR,XRF,2007190554001 Coarse,2007190554,72.0,100.0,True,False
Mg,AR,XRF,2007190588001 Coarse,2007190588,8924.0,100.0,False,False
Mg,AR,XRF,2007190655001 Coarse,2007190655,145.0,100.0,False,False
Mg,AR,XRF,2007190752001 Coarse,2007190752,235.0,100.0,False,False
Mg,AR,XRF,2007190798001 Coarse,2007190798,78.0,100.0,True,False
Mg,AR,XRF,2007190838001 Coarse,2007190838,3702.0,100.0,False,False
Mg,AR,XRF,2007190867001 Coarse,2007190867,72.0,100.0,True,False
Mg,AR,XRF,2007190942001 Coarse,2007190942,157.0,100.0,False,False
Mg,AR,XRF,2007191008001 Coarse,2007191008,410.0,100.0,False,False
Mg,AR,XRF,2007191016001 Coarse,2007191016,283.0,100.0,False,False
Mg,AR,XRF,2007191301001 Coarse,2007191301,66.0,100.0,True,False
Mg,AR,XRF,2007191330001 Coarse,2007191330,96.0,100.0,True,False
Mg,AR,XRF,2007191394001 Coarse,2007191394,181.0,100.0,False,False
Mg,XRF,AR,2007190024001 Coarse,2007190024,100.0,60.0,False,False
Mg,XRF,AR,2007190069001 Coarse,2007190069,100.0,60.0,False,False
Mg,XRF,AR,2007190073001 Coarse,2007190073,200.0,60.0,False,False
Mg,XRF,AR,2007190163001 Coarse,2007190163,100.0,60.0,False,False
Mg,XRF,AR,2007190187001 Coarse,2007190187,200.0,60.0,False,False
Mg,XRF,AR,2007190350001 Coarse,2007190350,100.0,60.0,False,False
Mg,XRF,AR,2007190387001 Coarse,2007190387,100.0,60.0,False,False
Mg,XRF,AR,2007190459001 Coarse,2007190459,100.0,60.0,False,False
Mg,XRF,AR,2007190877001 Coarse,2007190877,200.0,60.0,False,False
Mg,XRF,AR,2007190962001 Coarse,2007190962,100.0,60.0,False,False
Mg,XRF,AR,2007191223001 Coarse,2007191223,200.0,60.0,False,False
Mg,XRF,AR,2007191227001 Coarse,2007191227,100.0,60.0,False,False
Mg,XRF,AR,2007191366001 Coarse,2007191366,100.0,60.0,False,False
Mg,XRF,AR,2007191446001 Coarse,2007191446,100.0,60.0,False,False
Mg,XRF,AR,2007191448001 Coarse,2007191448,200.0,60.0,False,False
Mg,XRF,AR,2007191593001 Coarse,2007191593,100.0,60.0,False,False
Mg,XRF,MMI-ME,2007190024001 Coarse,2007190024,16.0,60.0,True,False
Mg,XRF,MMI-ME,2007190058001 Coarse,2007190058,41.0,60.0,True,False
Mg,XRF,MMI-ME,2007190069001 Coarse,2007190069,16.0,60.0,True,False
Mg,XRF,MMI-ME,2007190073001 Coarse,2007190073,41.0,60.0,True,False
Mg,XRF,MMI-ME,2007190163001 Coarse,2007190163,37.0,60.0,True,False
Mg,XRF,MMI-ME,2007190176001 Coarse,2007190176,5.0,60.0,True,False
Mg,XRF,MMI-ME,2007190187001 Coarse,2007190187,34.0,60.0,True,False
Mg,XRF,MMI-ME,2007190197001 Coarse,2007190197,22.0,60.0,True,False
Mg,XRF,MMI-ME,2007190310001 Coarse,2007190310,9.0,60.0,True,False
Mg,XRF,MMI-ME,2007190328001 Coarse,2007190328,23.0,60.0,True,False
Mg,XRF,MMI-ME,2007190350001 Coarse,2007190350,24.0,60.0,True,False
Mg,XRF,MMI-ME,2007190387001 Coarse,2007190387,28.0,60.0,True,False
Mg,XRF,MMI-ME,2007190459001 Coarse,2007190459,17.0,60.0,True,False
Mg,XRF,MMI-ME,2007190467001 Coarse,2007190467,24.0,60.0,True,False
Mg,XRF,MMI-ME,2007190514001 Coarse,2007190514,3.0,60.0,True,False
Mg,XRF,MMI-ME,2007190592001 Coarse,2007190592,13.0,60.0,True,False
Mg,XRF,MMI-ME,2007190667001 Coarse,2007190667,6.0,60.0,True,False
Mg,XRF,MMI-ME,2007190750001 Coarse,2007190750,8.0,60.0,True,False
Mg,XRF,MMI-ME,2007190792001 Coarse,2007190792,11.0,60.0,True,False
Mg,XRF,MMI-ME,2007190829001 Coarse,2007190829,11.0,60.0,True,False
Mn,AR,MMI-ME,2007190514001 Coarse,2007190514,0.102,1.0,True,False
Mn,XRF,AR,2007190024001 Coarse,2007190024,23.0,39.0,True,True
Mn,XRF,AR,2007190058001 Coarse,2007190058,6.0,39.0,True,True
Mn,XRF,AR,2007190071001 Coarse,2007190071,24.0,39.0,True,True
Mn,XRF,AR,2007190090001 Coarse,2007190090,15.0,39.0,True,True
Mn,XRF,AR,2007190099001 Coarse,2007190099,12.0,39.0,True,True
Mn,XRF,AR,2007190101001 Coarse,2007190101,16.0,39.0,True,True
Mn,XRF,AR,2007190154001 Coarse,2007190154,21.0,39.0,True,True
Mn,XRF,AR,2007190163001 Coarse,2007190163,13.0,39.0,True,True
Mn,XRF,AR,2007190170001 Coarse,2007190170,16.0,39.0,True,True
Mn,XRF,AR,2007190175001 Coarse,2007190175,16.0,39.0,True,True
Mn,XRF,AR,2007190176001 Coarse,2007190176,48.0,39.0,False,True
Mn,XRF,AR,2007190187001 Coarse,2007190187,14.0,39.0,True,True
Mn,XRF,AR,2007190195001 Coarse,2007190195,24.0,39.0,True,True
Mn,XRF,AR,2007190299001 Coarse,2007190299,33.0,39.0,True,True
Mn,XRF,AR,2007190310001 Coarse,2007190310,27.0,39.0,True,True
Mn,XRF,AR,2007190323001 Coarse,2007190323,22.0,39.0,True,True
Mn,XRF,AR,2007190345001 Coarse,2007190345,3.0,39.0,True,True
Mn,XRF,AR,2007190350001 Coarse,2007190350,8.0,39.0,True,True
Mn,XRF,AR,2007190357001 Coarse,2007190357,10.0,39.0,True,True
Mn,XRF,AR,2007190359001 Coarse,2007190359,13.0,39.0,True,True
Mn,XRF,MMI-ME,2007190024001 Coarse,2007190024,3.09,39.0,True,False
Mn,XRF,MMI-ME,2007190058001 Coarse,2007190058,0.642,39.0,True,False
Mn,XRF,MMI-ME,2007190071001 Coarse,2007190071,1.37,39.0,True,False
Mn,XRF,MMI-ME,2007190090001 Coarse,2007190090,1.06,39.0,True,False
Mn,XRF,MMI-ME,2007190099001 Coarse,2007190099,1.46,39.0,True,False
Mn,XRF,MMI-ME,2007190101001 Coarse,2007190101,1.04,39.0,True,False
Mn,XRF,MMI-ME,2007190154001 Coarse,2007190154,1.09,39.0,True,False
Mn,XRF,MMI-ME,2007190163001 Coarse,2007190163,4.35,39.0,True,False
Mn,XRF,MMI-ME,2007190170001 Coarse,2007190170,1.01,39.0,True,False
Mn,XRF,MMI-ME,2007190175001 Coarse,2007190175,0.866,39.0,True,False
Mn,XRF,MMI-ME,2007190176001 Coarse,2007190176,2.71,39.0,True,False
Mn,XRF,MMI-ME,2007190187001 Coarse,2007190187,0.426,39.0,True,False
Mn,XRF,MMI-ME,2007190195001 Coarse,2007190195,0.708,39.0,True,False
Mn,XRF,MMI-ME,2007190299001 Coarse,2007190299,3.07,39.0,True,False
Mn,XRF,MMI-ME,2007190310001 Coarse,2007190310,3.34,39.0,True,False
Mn,XRF,MMI-ME,2007190323001 Coarse,2007190323,2.64,39.0,True,False
Mn,XRF,MMI-ME,2007190345001 Coarse,2007190345,0.079,39.0,True,False
Mn,XRF,MMI-ME,2007190350001 Coarse,2007190350,1.74,39.0,True,False
Mn,XRF,MMI-ME,2007190357001 Coarse,2007190357,2.46,39.0,True,False
Mn,XRF,MMI-ME,2007190359001 Coarse,2007190359,1.62,39.0,True,False
Mo,AR,ICP-MS,2007190070001 Coarse,2007190070,0.4,0.01,False,False
Mo,AR,ICP-MS,2007190166001 Coarse,2007190166,0.8,0.01,False,False
Mo,AR,ICP-MS,2007190179001 Coarse,2007190179,0.3,0.01,False,False
Mo,AR,ICP-MS,2007190195001 Coarse,2007190195,0.4,0.01,False,False
Mo,AR,ICP-MS,2007190221001 Coarse,2007190221,0.5,0.01,False,False
Mo,AR,ICP-MS,2007190311001 Coarse,2007190311,0.9,0.01,False,False
Mo,AR,ICP-MS,2007190399001 Coarse,2007190399,0.7,0.01,False,False
Mo,AR,ICP-MS,2007190401001 Coarse,2007190401,0.7,0.01,False,False
Mo,AR,ICP-MS,2007190426001 Coarse,2007190426,0.4,0.01,False,False
Mo,AR,ICP-MS,2007190446001 Coarse,2007190446,0.4,0.01,False,False
Mo,AR,ICP-MS,2007190467001 Coarse,2007190467,0.4,0.01,False,False
Mo,AR,ICP-MS,2007190478001 Coarse,2007190478,0.4,0.01,False,False
Mo,AR,ICP-MS,2007190491001 Coarse,2007190491,0.3,0.01,False,False
Mo,AR,ICP-MS,2007190496001 Coarse,2007190496,0.9,0.01,False,False
Mo,AR,ICP-MS,2007190502001 Coarse,2007190502,0.4,0.01,False,False
Mo,AR,ICP-MS,2007190508001 Coarse,2007190508,0.6,0.01,False,False
Mo,AR,ICP-MS,2007190509001 Coarse,2007190509,0.4,0.01,False,False
Mo,AR,ICP-MS,2007190514001 Coarse,2007190514,0.4,0.01,False,False
Mo,AR,ICP-MS,2007190570001 Coarse,2007190570,0.6,0.01,False,False
Mo,AR,ICP-MS,2007190588001 Coarse,2007190588,0.5,0.01,False,False
Mo,ICP-MS,AR,2007190005001 Coarse,2007190005,0.33,0.3,False,False
Mo,ICP-MS,AR,2007190009001 Coarse,2007190009,0.09,0.3,True,False
Mo,ICP-MS,AR,2007190010001 Coarse,2007190010,0.12,0.3,True,False
Mo,ICP-MS,AR,2007190011001 Coarse,2007190011,0.28,0.3,True,False
Mo,ICP-MS,AR,2007190013001 Coarse,2007190013,0.2,0.3,True,False
Mo,ICP-MS,AR,2007190014001 Coarse,2007190014,0.24,0.3,True,False
Mo,ICP-MS,AR,2007190015001 Coarse,2007190015,0.48,0.3,False,False
Mo,ICP-MS,AR,2007190016001 Coarse,2007190016,0.24,0.3,True,False
Mo,ICP-MS,AR,2007190017001 Coarse,2007190017,0.15,0.3,True,False
Mo,ICP-MS,AR,2007190033001 Coarse,2007190033,0.2,0.3,True,False
Mo,ICP-MS,AR,2007190050001 Coarse,2007190050,0.16,0.3,True,False
Mo,ICP-MS,AR,2007190059001 Coarse,2007190059,0.11,0.3,True,False
Mo,ICP-MS,AR,2007190069001 Coarse,2007190069,0.16,0.3,True,False
Mo,ICP-MS,AR,2007190071001 Coarse,2007190071,0.04,0.3,True,False
Mo,ICP-MS,AR,2007190072001 Coarse,2007190072,0.36,0.3,False,False
Mo,ICP-MS,AR,2007190084001 Coarse,2007190084,0.14,0.3,True,False
Mo,ICP-MS,AR,2007190091001 Coarse,2007190091,0.08,0.3,True,False
Mo,ICP-MS,AR,2007190092001 Coarse,2007190092,0.32,0.3,False,False
Mo,ICP-MS,AR,2007190098001 Coarse,2007190098,0.08,0.3,True,False
Mo,ICP-MS,AR,2007190104001 Coarse,2007190104,0.06,0.3,True,False
Mo,AR,MMI-ME,2007190401001 Coarse,2007190401,0.012,0.01,False,False
Mo,AR,MMI-ME,2007190426001 Coarse,2007190426,0.006,0.01,True,False
Mo,AR,MMI-ME,2007190465001 Coarse,2007190465,0.009,0.01,True,False
Mo,AR,MMI-ME,2007190478001 Coarse,2007190478,0.023,0.01,False,False
Mo,AR,MMI-ME,2007190496001 Coarse,2007190496,0.025,0.01,False,False
Mo,AR,MMI-ME,2007190502001 Coarse,2007190502,0.009,0.01,True,False
Mo,AR,MMI-ME,2007190508001 Coarse,2007190508,0.008,0.01,True,False
Mo,AR,MMI-ME,2007190509001 Coarse,2007190509,0.005,0.01,True,False
Mo,AR,MMI-ME,2007190514001 Coarse,2007190514,0.006,0.01,True,False
Mo,AR,MMI-ME,2007190588001 Coarse,2007190588,0.01,0.01,False,False
Mo,AR,MMI-ME,2007190705001 Coarse,2007190705,0.007,0.01,True,False
Mo,AR,MMI-ME,2007191030001 Coarse,2007191030,0.013,0.01,False,False
Mo,AR,MMI-ME,2007191031001 Coarse,2007191031,0.008,0.01,True,False
Mo,AR,MMI-ME,2007191039001 Coarse,2007191039,0.014,0.01,False,False
Mo,AR,MMI-ME,2007191051001 Coarse,2007191051,0.009,0.01,True,False
Mo,AR,MMI-ME,2007191101001 Coarse,2007191101,0.037,0.01,False,False
Mo,AR,MMI-ME,2007191107001 Coarse,2007191107,0.005,0.01,True,False
Mo,AR,MMI-ME,2007191112001 Coarse,2007191112,0.007,0.01,True,False
Mo,AR,MMI-ME,2007191186001 Coarse,2007191186,0.015,0.01,False,False
Mo,AR,MMI-ME,2007191202001 Coarse,2007191202,0.008,0.01,True,False
Mo,MMI-ME,AR,2007190001001 Coarse,2007190001,0.15,0.005,False,False
Mo,MMI-ME,AR,2007190002001 Coarse,2007190002,0.21,0.005,False,False
Mo,MMI-ME,AR,2007190007001 Coarse,2007190007,0.63,0.005,False,False
Mo,MMI-ME,AR,2007190010001 Coarse,2007190010,0.12,0.005,False,False
Mo,MMI-ME,AR,2007190013001 Coarse,2007190013,0.2,0.005,False,False
Mo,MMI-ME,AR,2007190016001 Coarse,2007190016,0.24,0.005,False,False
Mo,MMI-ME,AR,2007190017001 Coarse,2007190017,0.15,0.005,False,False
Mo,MMI-ME,AR,2007190024001 Coarse,2007190024,0.33,0.005,False,False
Mo,MMI-ME,AR,2007190025001 Coarse,2007190025,0.25,0.005,False,False
Mo,MMI-ME,AR,2007190028001 Coarse,2007190028,0.28,0.005,False,False
Mo,MMI-ME,AR,2007190029001 Coarse,2007190029,0.17,0.005,False,False
Mo,MMI-ME,AR,2007190032001 Coarse,2007190032,0.32,0.005,False,False
Mo,MMI-ME,AR,2007190033001 Coarse,2007190033,0.2,0.005,False,False
Mo,MMI-ME,AR,2007190038001 Coarse,2007190038,0.14,0.005,False,False
Mo,MMI-ME,AR,2007190042001 Coarse,2007190042,0.13,0.005,False,False
Mo,MMI-ME,AR,2007190054001 Coarse,2007190054,0.4,0.005,False,False
Mo,MMI-ME,AR,2007190055001 Coarse,2007190055,0.19,0.005,False,False
Mo,MMI-ME,AR,2007190056001 Coarse,2007190056,0.2,0.005,False,False
Mo,MMI-ME,AR,2007190057001 Coarse,2007190057,0.05,0.005,False,False
Mo,MMI-ME,AR,2007190058001 Coarse,2007190058,0.35,0.005,False,False
Mo,ICP-MS,MMI-ME,2007190005001 Coarse,2007190005,0.007,0.3,True,False
Mo,ICP-MS,MMI-ME,2007190009001 Coarse,2007190009,0.01,0.3,True,False
Mo,ICP-MS,MMI-ME,2007190011001 Coarse,2007190011,0.007,0.3,True,False
Mo,ICP-MS,MMI-ME,2007190014001 Coarse,2007190014,0.008,0.3,True,False
Mo,ICP-MS,MMI-ME,2007190015001 Coarse,2007190015,0.027,0.3,True,False
Mo,ICP-MS,MMI-ME,2007190050001 Coarse,2007190050,0.013,0.3,True,False
Mo,ICP-MS,MMI-ME,2007190059001 Coarse,2007190059,0.007,0.3,True,False
Mo,ICP-MS,MMI-ME,2007190072001 Coarse,2007190072,0.021,0.3,True,False
Mo,ICP-MS,MMI-ME,2007190091001 Coarse,2007190091,0.009,0.3,True,False
Mo,ICP-MS,MMI-ME,2007190092001 Coarse,2007190092,0.009,0.3,True,False
Mo,ICP-MS,MMI-ME,2007190111001 Coarse,2007190111,0.022,0.3,True,False
Mo,ICP-MS,MMI-ME,2007190115001 Coarse,2007190115,0.007,0.3,True,False
Mo,ICP-MS,MMI-ME,2007190127001 Coarse,2007190127,0.016,0.3,True,False
Mo,ICP-MS,MMI-ME,2007190138001 Coarse,2007190138,0.016,0.3,True,False
Mo,ICP-MS,MMI-ME,2007190139001 Coarse,2007190139,0.01,0.3,True,False
Mo,ICP-MS,MMI-ME,2007190144001 Coarse,2007190144,0.007,0.3,True,False
Mo,ICP-MS,MMI-ME,2007190146001 Coarse,2007190146,0.007,0.3,True,False
Mo,ICP-MS,MMI-ME,2007190156001 Coarse,2007190156,0.013,0.3,True,False
Mo,ICP-MS,MMI-ME,2007190214001 Coarse,2007190214,0.01,0.3,True,False
Mo,ICP-MS,MMI-ME,2007190235001 Coarse,2007190235,0.006,0.3,True,False
Mo,MMI-ME,ICP-MS,2007190001001 Coarse,2007190001,0.5,0.005,False,False
Mo,MMI-ME,ICP-MS,2007190002001 Coarse,2007190002,0.4,0.005,False,False
Mo,MMI-ME,ICP-MS,2007190007001 Coarse,2007190007,0.4,0.005,False,False
Mo,MMI-ME,ICP-MS,2007190024001 Coarse,2007190024,0.6,0.005,False,False
Mo,MMI-ME,ICP-MS,2007190025001 Coarse,2007190025,1.3,0.005,False,False
Mo,MMI-ME,ICP-MS,2007190028001 Coarse,2007190028,1.3,0.005,False,False
Mo,MMI-ME,ICP-MS,2007190029001 Coarse,2007190029,0.9,0.005,False,False
Mo,MMI-ME,ICP-MS,2007190032001 Coarse,2007190032,0.7,0.005,False,False
Mo,MMI-ME,ICP-MS,2007190038001 Coarse,2007190038,0.5,0.005,False,False
Mo,MMI-ME,ICP-MS,2007190042001 Coarse,2007190042,0.5,0.005,False,False
Mo,MMI-ME,ICP-MS,2007190054001 Coarse,2007190054,0.5,0.005,False,False
Mo,MMI-ME,ICP-MS,2007190055001 Coarse,2007190055,0.6,0.005,False,False
Mo,MMI-ME,ICP-MS,2007190056001 Coarse,2007190056,0.9,0.005,False,False
Mo,MMI-ME,ICP-MS,2007190057001 Coarse,2007190057,0.4,0.005,False,False
Mo,MMI-ME,ICP-MS,2007190058001 Coarse,2007190058,2.2,0.005,False,False
Mo,MMI-ME,ICP-MS,2007190067001 Coarse,2007190067,0.4,0.005,False,False
Mo,MMI-ME,ICP-MS,2007190070001 Coarse,2007190070,0.4,0.005,False,False
Mo,MMI-ME,ICP-MS,2007190073001 Coarse,2007190073,0.4,0.005,False,False
Mo,MMI-ME,ICP-MS,2007190075001 Coarse,2007190075,1.7,0.005,False,False
Mo,MMI-ME,ICP-MS,2007190081001 Coarse,2007190081,1.1,0.005,False,False
Na,AR,XRF,2007190146001 Coarse,2007190146,408.0,10.0,False,False
Na,AR,XRF,2007190147001 Coarse,2007190147,534.0,10.0,False,False
Na,AR,XRF,2007190151001 Coarse,2007190151,326.0,10.0,False,False
Na,AR,XRF,2007190165001 Coarse,2007190165,519.0,10.0,False,False
Na,AR,XRF,2007190245001 Coarse,2007190245,349.0,10.0,False,False
Na,AR,XRF,2007190296001 Coarse,2007190296,252.0,10.0,False,False
Na,AR,XRF,2007190310001 Coarse,2007190310,119.0,10.0,False,False
Na,AR,XRF,2007190384001 Coarse,2007190384,942.0,10.0,False,False
Na,AR,XRF,2007190390001 Coarse,2007190390,675.0,10.0,False,False
Na,AR,XRF,2007190485001 Coarse,2007190485,1143.0,10.0,False,False
Na,AR,XRF,2007190610001 Coarse,2007190610,720.0,10.0,False,False
Na,AR,XRF,2007190628001 Coarse,2007190628,148.0,10.0,False,False
Na,AR,XRF,2007190695001 Coarse,2007190695,119.0,10.0,False,False
Na,AR,XRF,2007190713001 Coarse,2007190713,230.0,10.0,False,False
Na,AR,XRF,2007190724001 Coarse,2007190724,371.0,10.0,False,False
Na,AR,XRF,2007190747001 Coarse,2007190747,148.0,10.0,False,False
Na,AR,XRF,2007190814001 Coarse,2007190814,2604.0,10.0,False,False
Na,AR,XRF,2007190884001 Coarse,2007190884,423.0,10.0,False,False
Na,AR,XRF,2007190905001 Coarse,2007190905,297.0,10.0,False,False
Na,AR,XRF,2007190975001 Coarse,2007190975,831.0,10.0,False,False
Na,XRF,AR,2007190024001 Coarse,2007190024,70.0,74.0,True,False
Na,XRF,AR,2007190058001 Coarse,2007190058,50.0,74.0,True,False
Na,XRF,AR,2007190069001 Coarse,2007190069,130.0,74.0,False,False
Na,XRF,AR,2007190187001 Coarse,2007190187,250.0,74.0,False,False
Na,XRF,AR,2007190195001 Coarse,2007190195,130.0,74.0,False,False
Na,XRF,AR,2007190323001 Coarse,2007190323,50.0,74.0,True,False
Na,XRF,AR,2007190328001 Coarse,2007190328,10.0,74.0,True,False
Na,XRF,AR,2007190354001 Coarse,2007190354,140.0,74.0,False,False
Na,XRF,AR,2007190467001 Coarse,2007190467,30.0,74.0,True,False
Na,XRF,AR,2007190474001 Coarse,2007190474,130.0,74.0,False,False
Na,XRF,AR,2007190514001 Coarse,2007190514,30.0,74.0,True,False
Na,XRF,AR,2007190529001 Coarse,2007190529,20.0,74.0,True,False
Na,XRF,AR,2007190554001 Coarse,2007190554,130.0,74.0,False,False
Na,XRF,AR,2007190667001 Coarse,2007190667,10.0,74.0,True,False
Na,XRF,AR,2007190792001 Coarse,2007190792,60.0,74.0,True,False
Na,XRF,AR,2007190856001 Coarse,2007190856,30.0,74.0,True,False
Na,XRF,AR,2007190877001 Coarse,2007190877,60.0,74.0,True,False
Na,XRF,AR,2007191183001 Coarse,2007191183,130.0,74.0,False,False
Na,XRF,AR,2007191223001 Coarse,2007191223,190.0,74.0,False,False
Na,XRF,AR,2007191230001 Coarse,2007191230,250.0,74.0,False,False
Nb,AR,ICP-MS,2007190001001 Coarse,2007190001,7.9,0.1,False,False
Nb,AR,ICP-MS,2007190012001 Coarse,2007190012,7.7,0.1,False,False
Nb,AR,ICP-MS,2007190016001 Coarse,2007190016,4.7,0.1,False,False
Nb,AR,ICP-MS,2007190021001 Coarse,2007190021,7.6,0.1,False,False
Nb,AR,ICP-MS,2007190023001 Coarse,2007190023,8.1,0.1,False,False
Nb,AR,ICP-MS,2007190024001 Coarse,2007190024,3.3,0.1,False,False
Nb,AR,ICP-MS,2007190025001 Coarse,2007190025,6.0,0.1,False,False
Nb,AR,ICP-MS,2007190036001 Coarse,2007190036,9.9,0.1,False,False
Nb,AR,ICP-MS,2007190044001 Coarse,2007190044,9.2,0.1,False,False
Nb,AR,ICP-MS,2007190057001 Coarse,2007190057,10.9,0.1,False,False
Nb,AR,ICP-MS,2007190059001 Coarse,2007190059,3.6,0.1,False,False
Nb,AR,ICP-MS,2007190069001 Coarse,2007190069,2.9,0.1,False,False
Nb,AR,ICP-MS,2007190073001 Coarse,2007190073,2.8,0.1,False,False
Nb,AR,ICP-MS,2007190078001 Coarse,2007190078,10.0,0.1,False,False
Nb,AR,ICP-MS,2007190079001 Coarse,2007190079,6.3,0.1,False,False
Nb,AR,ICP-MS,2007190084001 Coarse,2007190084,3.3,0.1,False,False
Nb,AR,ICP-MS,2007190090001 Coarse,2007190090,0.7,0.1,False,False
Nb,AR,ICP-MS,2007190096001 Coarse,2007190096,13.2,0.1,False,False
Nb,AR,ICP-MS,2007190097001 Coarse,2007190097,4.5,0.1,False,False
Nb,AR,ICP-MS,2007190098001 Coarse,2007190098,2.1,0.1,False,False
Nb,AR,MMI-ME,2007190069001 Coarse,2007190069,0.0008,0.1,True,False
Nb,AR,MMI-ME,2007190090001 Coarse,2007190090,0.0007,0.1,True,False
Nb,AR,MMI-ME,2007190096001 Coarse,2007190096,0.0018,0.1,True,False
Nb,AR,MMI-ME,2007190097001 Coarse,2007190097,0.0008,0.1,True,False
Nb,AR,MMI-ME,2007190101001 Coarse,2007190101,0.0013,0.1,True,False
Nb,AR,MMI-ME,2007190103001 Coarse,2007190103,0.001,0.1,True,False
Nb,AR,MMI-ME,2007190137001 Coarse,2007190137,0.0008,0.1,True,False
Nb,AR,MMI-ME,2007190147001 Coarse,2007190147,0.0006,0.1,True,False
Nb,AR,MMI-ME,2007190156001 Coarse,2007190156,0.0006,0.1,True,False
Nb,AR,MMI-ME,2007190163001 Coarse,2007190163,0.0046,0.1,True,False
Nb,AR,MMI-ME,2007190174001 Coarse,2007190174,0.0037,0.1,True,False
Nb,AR,MMI-ME,2007190187001 Coarse,2007190187,0.0067,0.1,True,False
Nb,AR,MMI-ME,2007190197001 Coarse,2007190197,0.0015,0.1,True,False
Nb,AR,MMI-ME,2007190208001 Coarse,2007190208,0.0053,0.1,True,False
Nb,AR,MMI-ME,2007190221001 Coarse,2007190221,0.0026,0.1,True,False
Nb,AR,MMI-ME,2007190224001 Coarse,2007190224,0.0005,0.1,True,False
Nb,AR,MMI-ME,2007190234001 Coarse,2007190234,0.0015,0.1,True,False
Nb,AR,MMI-ME,2007190276001 Coarse,2007190276,0.0006,0.1,True,False
Nb,AR,MMI-ME,2007190319001 Coarse,2007190319,0.0012,0.1,True,False
Nb,AR,MMI-ME,2007190326001 Coarse,2007190326,0.0005,0.1,True,False
Nb,MMI-ME,AR,2007190002001 Coarse,2007190002,0.1,0.0005,False,False
Nb,MMI-ME,AR,2007190003001 Coarse,2007190003,0.3,0.0005,False,False
Nb,MMI-ME,AR,2007190004001 Coarse,2007190004,0.2,0.0005,False,False
Nb,MMI-ME,AR,2007190005001 Coarse,2007190005,0.7,0.0005,False,False
Nb,MMI-ME,AR,2007190007001 Coarse,2007190007,0.1,0.0005,False,False
Nb,MMI-ME,AR,2007190009001 Coarse,2007190009,0.4,0.0005,False,False
Nb,MMI-ME,AR,2007190010001 Coarse,2007190010,0.3,0.0005,False,False
Nb,MMI-ME,AR,2007190011001 Coarse,2007190011,0.1,0.0005,False,False
Nb,MMI-ME,AR,2007190013001 Coarse,2007190013,0.3,0.0005,False,False
Nb,MMI-ME,AR,2007190014001 Coarse,2007190014,0.3,0.0005,False,False
Nb,MMI-ME,AR,2007190015001 Coarse,2007190015,0.5,0.0005,False,False
Nb,MMI-ME,AR,2007190017001 Coarse,2007190017,0.2,0.0005,False,False
Nb,MMI-ME,AR,2007190018001 Coarse,2007190018,0.2,0.0005,False,False
Nb,MMI-ME,AR,2007190019001 Coarse,2007190019,0.4,0.0005,False,False
Nb,MMI-ME,AR,2007190022001 Coarse,2007190022,0.1,0.0005,False,False
Nb,MMI-ME,AR,2007190028001 Coarse,2007190028,0.2,0.0005,False,False
Nb,MMI-ME,AR,2007190029001 Coarse,2007190029,0.2,0.0005,False,False
Nb,MMI-ME,AR,2007190031001 Coarse,2007190031,0.3,0.0005,False,False
Nb,MMI-ME,AR,2007190032001 Coarse,2007190032,0.7,0.0005,False,False
Nb,MMI-ME,AR,2007190033001 Coarse,2007190033,0.2,0.0005,False,False
Nb,ICP-MS,MMI-ME,2007191433001 Coarse,2007191433,0.0005,0.03,True,False
Nb,MMI-ME,ICP-MS,2007190001001 Coarse,2007190001,7.9,0.0005,False,False
Nb,MMI-ME,ICP-MS,2007190002001 Coarse,2007190002,10.2,0.0005,False,False
Nb,MMI-ME,ICP-MS,2007190003001 Coarse,2007190003,8.0,0.0005,False,False
Nb,MMI-ME,ICP-MS,2007190004001 Coarse,2007190004,10.7,0.0005,False,False
Nb,MMI-ME,ICP-MS,2007190005001 Coarse,2007190005,12.3,0.0005,False,False
Nb,MMI-ME,ICP-MS,2007190007001 Coarse,2007190007,11.3,0.0005,False,False
Nb,MMI-ME,ICP-MS,2007190009001 Coarse,2007190009,11.0,0.0005,False,False
Nb,MMI-ME,ICP-MS,2007190010001 Coarse,2007190010,5.6,0.0005,False,False
Nb,MMI-ME,ICP-MS,2007190011001 Coarse,2007190011,10.8,0.0005,False,False
Nb,MMI-ME,ICP-MS,2007190012001 Coarse,2007190012,7.7,0.0005,False,False
Nb,MMI-ME,ICP-MS,2007190013001 Coarse,2007190013,9.3,0.0005,False,False
Nb,MMI-ME,ICP-MS,2007190014001 Coarse,2007190014,10.2,0.0005,False,False
Nb,MMI-ME,ICP-MS,2007190015001 Coarse,2007190015,15.7,0.0005,False,False
Nb,MMI-ME,ICP-MS,2007190016001 Coarse,2007190016,4.7,0.0005,False,False
Nb,MMI-ME,ICP-MS,2007190017001 Coarse,2007190017,6.4,0.0005,False,False
Nb,MMI-ME,ICP-MS,2007190018001 Coarse,2007190018,13.1,0.0005,False,False
Nb,MMI-ME,ICP-MS,2007190019001 Coarse,2007190019,9.0,0.0005,False,False
Nb,MMI-ME,ICP-MS,2007190021001 Coarse,2007190021,7.6,0.0005,False,False
Nb,MMI-ME,ICP-MS,2007190022001 Coarse,2007190022,16.5,0.0005,False,False
Nb,MMI-ME,ICP-MS,2007190023001 Coarse,2007190023,8.1,0.0005,False,False
Ni,AR,ICP-MS,2007190024001 Coarse,2007190024,3.8,0.1,False,False
Ni,AR,ICP-MS,2007190451001 Coarse,2007190451,14.4,0.1,False,False
Ni,AR,ICP-MS,2007190744001 Coarse,2007190744,9.3,0.1,False,False
Ni,AR,ICP-MS,2007190792001 Coarse,2007190792,5.9,0.1,False,False
Ni,AR,ICP-MS,2007190877001 Coarse,2007190877,4.5,0.1,False,False
Ni,AR,ICP-MS,2007191229001 Coarse,2007191229,3.4,0.1,False,False
Ni,AR,ICP-MS,2007191259001 Coarse,2007191259,2.8,0.1,False,False
Ni,AR,ICP-MS,2007191430001 Coarse,2007191430,4.6,0.1,False,False
Ni,AR,ICP-MS,2007191433001 Coarse,2007191433,7.9,0.1,False,False
Ni,ICP-MS,AR,2007190208001 Coarse,2007190208,1.2,0.5,False,False
Ni,ICP-MS,AR,2007191167001 Coarse,2007191167,7.7,0.5,False,False
Ni,ICP-MS,AR,2007191319001 Coarse,2007191319,4.5,0.5,False,False
Ni,AR,MMI-ME,2007190024001 Coarse,2007190024,0.056,0.1,True,False
Ni,AR,MMI-ME,2007190451001 Coarse,2007190451,0.501,0.1,False,False
Ni,AR,MMI-ME,2007190744001 Coarse,2007190744,1.23,0.1,False,False
Ni,AR,MMI-ME,2007190792001 Coarse,2007190792,0.021,0.1,True,False
Ni,AR,MMI-ME,2007190877001 Coarse,2007190877,0.016,0.1,True,False
Ni,AR,MMI-ME,2007191229001 Coarse,2007191229,0.053,0.1,True,False
Ni,AR,MMI-ME,2007191258001 Coarse,2007191258,0.055,0.1,True,False
Ni,AR,MMI-ME,2007191259001 Coarse,2007191259,0.12,0.1,False,False
Ni,AR,MMI-ME,2007191430001 Coarse,2007191430,0.033,0.1,True,False
Ni,AR,MMI-ME,2007191433001 Coarse,2007191433,0.012,0.1,True,False
Ni,ICP-MS,MMI-ME,2007190208001 Coarse,2007190208,0.086,0.5,True,False
Ni,ICP-MS,MMI-ME,2007191167001 Coarse,2007191167,0.425,0.5,True,False
Ni,ICP-MS,MMI-ME,2007191258001 Coarse,2007191258,0.055,0.5,True,False
Ni,ICP-MS,MMI-ME,2007191319001 Coarse,2007191319,0.142,0.5,True,False
P,MMI-ME,XRF,2007190012001 Coarse,2007190012,397.0,0.1,False,False
P,MMI-ME,XRF,2007190021001 Coarse,2007190021,223.0,0.1,False,False
P,MMI-ME,XRF,2007190048001 Coarse,2007190048,323.0,0.1,False,False
P,MMI-ME,XRF,2007190135001 Coarse,2007190135,445.0,0.1,False,False
P,MMI-ME,XRF,2007190158001 Coarse,2007190158,144.0,0.1,False,False
P,MMI-ME,XRF,2007190263001 Coarse,2007190263,445.0,0.1,False,False
P,MMI-ME,XRF,2007190347001 Coarse,2007190347,166.0,0.1,False,False
P,MMI-ME,XRF,2007190399001 Coarse,2007190399,297.0,0.1,False,False
P,MMI-ME,XRF,2007190422001 Coarse,2007190422,297.0,0.1,False,False
P,MMI-ME,XRF,2007190423001 Coarse,2007190423,432.0,0.1,False,False
P,MMI-ME,XRF,2007190434001 Coarse,2007190434,144.0,0.1,False,False
P,MMI-ME,XRF,2007190445001 Coarse,2007190445,279.0,0.1,False,False
P,MMI-ME,XRF,2007190451001 Coarse,2007190451,319.0,0.1,False,False
P,MMI-ME,XRF,2007190468001 Coarse,2007190468,113.0,0.1,False,False
P,MMI-ME,XRF,2007190472001 Coarse,2007190472,144.0,0.1,False,False
P,MMI-ME,XRF,2007190483001 Coarse,2007190483,367.0,0.1,False,False
P,MMI-ME,XRF,2007190502001 Coarse,2007190502,367.0,0.1,False,False
P,MMI-ME,XRF,2007190512001 Coarse,2007190512,231.0,0.1,False,False
P,MMI-ME,XRF,2007190522001 Coarse,2007190522,345.0,0.1,False,False
P,MMI-ME,XRF,2007190531001 Coarse,2007190531,458.0,0.1,False,False
Pb,AR,ICP-MS,2007190451001 Coarse,2007190451,10.21,0.01,False,False
Pb,AR,ICP-MS,2007190514001 Coarse,2007190514,0.68,0.01,False,False
Pb,AR,MMI-ME,2007190451001 Coarse,2007190451,0.05,0.01,False,False
Pb,AR,MMI-ME,2007190514001 Coarse,2007190514,0.05,0.01,False,False
Pb,MMI-ME,AR,2007190003001 Coarse,2007190003,7.6,0.01,False,False
Pb,MMI-ME,AR,2007190004001 Coarse,2007190004,13.6,0.01,False,False
Pb,MMI-ME,AR,2007190005001 Coarse,2007190005,5.36,0.01,False,False
Pb,MMI-ME,AR,2007190007001 Coarse,2007190007,9.89,0.01,False,False
Pb,MMI-ME,AR,2007190010001 Coarse,2007190010,3.2,0.01,False,False
Pb,MMI-ME,AR,2007190013001 Coarse,2007190013,9.4,0.01,False,False
Pb,MMI-ME,AR,2007190033001 Coarse,2007190033,1.57,0.01,False,False
Pb,MMI-ME,AR,2007190036001 Coarse,2007190036,6.29,0.01,False,False
Pb,MMI-ME,AR,2007190039001 Coarse,2007190039,9.82,0.01,False,False
Pb,MMI-ME,AR,2007190044001 Coarse,2007190044,7.17,0.01,False,False
Pb,MMI-ME,AR,2007190048001 Coarse,2007190048,32.5,0.01,False,False
Pb,MMI-ME,AR,2007190050001 Coarse,2007190050,3.6,0.01,False,False
Pb,MMI-ME,AR,2007190051001 Coarse,2007190051,6.28,0.01,False,False
Pb,MMI-ME,AR,2007190054001 Coarse,2007190054,7.76,0.01,False,False
Pb,MMI-ME,AR,2007190059001 Coarse,2007190059,2.68,0.01,False,False
Pb,MMI-ME,AR,2007190062001 Coarse,2007190062,6.07,0.01,False,False
Pb,MMI-ME,AR,2007190063001 Coarse,2007190063,4.34,0.01,False,False
Pb,MMI-ME,AR,2007190065001 Coarse,2007190065,8.26,0.01,False,False
Pb,MMI-ME,AR,2007190066001 Coarse,2007190066,7.74,0.01,False,False
Pb,MMI-ME,AR,2007190074001 Coarse,2007190074,7.91,0.01,False,False
Pb,MMI-ME,ICP-MS,2007190003001 Coarse,2007190003,18.81,0.01,False,False
Pb,MMI-ME,ICP-MS,2007190004001 Coarse,2007190004,18.59,0.01,False,False
Pb,MMI-ME,ICP-MS,2007190005001 Coarse,2007190005,9.7,0.01,False,False
Pb,MMI-ME,ICP-MS,2007190007001 Coarse,2007190007,16.43,0.01,False,False
Pb,MMI-ME,ICP-MS,2007190010001 Coarse,2007190010,5.24,0.01,False,False
Pb,MMI-ME,ICP-MS,2007190013001 Coarse,2007190013,18.85,0.01,False,False
Pb,MMI-ME,ICP-MS,2007190033001 Coarse,2007190033,4.57,0.01,False,False
Pb,MMI-ME,ICP-MS,2007190036001 Coarse,2007190036,11.27,0.01,False,False
Pb,MMI-ME,ICP-MS,2007190039001 Coarse,2007190039,20.38,0.01,False,False
Pb,MMI-ME,ICP-MS,2007190044001 Coarse,2007190044,12.88,0.01,False,False
Pb,MMI-ME,ICP-MS,2007190048001 Coarse,2007190048,23.28,0.01,False,False
Pb,MMI-ME,ICP-MS,2007190050001 Coarse,2007190050,20.69,0.01,False,False
Pb,MMI-ME,ICP-MS,2007190051001 Coarse,2007190051,10.02,0.01,False,False
Pb,MMI-ME,ICP-MS,2007190054001 Coarse,2007190054,9.73,0.01,False,False
Pb,MMI-ME,ICP-MS,2007190059001 Coarse,2007190059,5.84,0.01,False,False
Pb,MMI-ME,ICP-MS,2007190062001 Coarse,2007190062,12.13,0.01,False,False
Pb,MMI-ME,ICP-MS,2007190063001 Coarse,2007190063,6.48,0.01,False,False
Pb,MMI-ME,ICP-MS,2007190065001 Coarse,2007190065,13.67,0.01,False,False
Pb,MMI-ME,ICP-MS,2007190066001 Coarse,2007190066,17.18,0.01,False,False
Pb,MMI-ME,ICP-MS,2007190074001 Coarse,2007190074,15.55,0.01,False,False
Pd,FA,MMI-ME,2007190001001 Coarse,2007190001,0.002,0.001,False,False
Pd,FA,MMI-ME,2007190002001 Coarse,2007190002,0.009,0.001,False,False
Pd,FA,MMI-ME,2007190005001 Coarse,2007190005,0.003,0.001,False,False
Pd,FA,MMI-ME,2007190014001 Coarse,2007190014,0.002,0.001,False,False
Pd,FA,MMI-ME,2007190018001 Coarse,2007190018,0.002,0.001,False,False
Pd,FA,MMI-ME,2007190022001 Coarse,2007190022,0.001,0.001,False,False
Pd,FA,MMI-ME,2007190025001 Coarse,2007190025,0.009,0.001,False,False
Pd,FA,MMI-ME,2007190031001 Coarse,2007190031,0.001,0.001,False,False
Pd,FA,MMI-ME,2007190032001 Coarse,2007190032,0.006,0.001,False,False
Pd,FA,MMI-ME,2007190035001 Coarse,2007190035,0.004,0.001,False,False
Pd,FA,MMI-ME,2007190042001 Coarse,2007190042,0.006,0.001,False,False
Pd,FA,MMI-ME,2007190050001 Coarse,2007190050,0.001,0.001,False,False
Pd,FA,MMI-ME,2007190051001 Coarse,2007190051,0.001,0.001,False,False
Pd,FA,MMI-ME,2007190052001 Coarse,2007190052,0.009,0.001,False,False
Pd,FA,MMI-ME,2007190053001 Coarse,2007190053,0.004,0.001,False,False
Pd,FA,MMI-ME,2007190055001 Coarse,2007190055,0.009,0.001,False,False
Pd,FA,MMI-ME,2007190056001 Coarse,2007190056,0.006,0.001,False,False
Pd,FA,MMI-ME,2007190064001 Coarse,2007190064,0.006,0.001,False,False
Pd,FA,MMI-ME,2007190069001 Coarse,2007190069,0.003,0.001,False,False
Pd,FA,MMI-ME,2007190071001 Coarse,2007190071,0.002,0.001,False,False
Pd,MMI-ME,FA,2007190004001 Coarse,2007190004,0.001,0.001,False,False
Pd,MMI-ME,FA,2007190007001 Coarse,2007190007,0.001,0.001,False,False
Pd,MMI-ME,FA,2007190016001 Coarse,2007190016,0.001,0.001,False,False
Pd,MMI-ME,FA,2007190034001 Coarse,2007190034,0.001,0.001,False,False
Pd,MMI-ME,FA,2007190048001 Coarse,2007190048,0.002,0.001,False,False
Pd,MMI-ME,FA,2007190063001 Coarse,2007190063,0.001,0.001,False,False
Pd,MMI-ME,FA,2007190065001 Coarse,2007190065,0.001,0.001,False,False
Pd,MMI-ME,FA,2007190066001 Coarse,2007190066,0.001,0.001,False,False
Pd,MMI-ME,FA,2007190070001 Coarse,2007190070,0.001,0.001,False,False
Pd,MMI-ME,FA,2007190075001 Coarse,2007190075,0.001,0.001,False,False
Pd,MMI-ME,FA,2007190076001 Coarse,2007190076,0.001,0.001,False,False
Pd,MMI-ME,FA,2007190082001 Coarse,2007190082,0.001,0.001,False,False
Pd,MMI-ME,FA,2007190130001 Coarse,2007190130,0.001,0.001,False,False
Pd,MMI-ME,FA,2007190135001 Coarse,2007190135,0.002,0.001,False,False
Pd,MMI-ME,FA,2007190142001 Coarse,2007190142,0.001,0.001,False,False
Pd,MMI-ME,FA,2007190152001 Coarse,2007190152,0.001,0.001,False,False
Pd,MMI-ME,FA,2007190155001 Coarse,2007190155,0.001,0.001,False,False
Pd,MMI-ME,FA,2007190159001 Coarse,2007190159,0.001,0.001,False,False
Pd,MMI-ME,FA,2007190161001 Coarse,2007190161,0.001,0.001,False,False
Pd,MMI-ME,FA,2007190166001 Coarse,2007190166,0.001,0.001,False,False
Pt,MMI-ME,FA,2007190004001 Coarse,2007190004,0.0017,0.001,False,False
Pt,MMI-ME,FA,2007190007001 Coarse,2007190007,0.0019,0.001,False,False
Pt,MMI-ME,FA,2007190016001 Coarse,2007190016,0.0013,0.001,False,False
Pt,MMI-ME,FA,2007190019001 Coarse,2007190019,0.0005,0.001,True,False
Pt,MMI-ME,FA,2007190021001 Coarse,2007190021,0.0005,0.001,True,False
Pt,MMI-ME,FA,2007190029001 Coarse,2007190029,0.0007,0.001,True,False
Pt,MMI-ME,FA,2007190034001 Coarse,2007190034,0.0032,0.001,False,False
Pt,MMI-ME,FA,2007190039001 Coarse,2007190039,0.0007,0.001,True,False
Pt,MMI-ME,FA,2007190043001 Coarse,2007190043,0.0005,0.001,True,False
Pt,MMI-ME,FA,2007190048001 Coarse,2007190048,0.0022,0.001,False,False
Pt,MMI-ME,FA,2007190052001 Coarse,2007190052,0.0006,0.001,True,False
Pt,MMI-ME,FA,2007190065001 Coarse,2007190065,0.0014,0.001,False,False
Pt,MMI-ME,FA,2007190066001 Coarse,2007190066,0.0017,0.001,False,False
Pt,MMI-ME,FA,2007190067001 Coarse,2007190067,0.0009,0.001,True,False
Pt,MMI-ME,FA,2007190068001 Coarse,2007190068,0.0005,0.001,True,False
Pt,MMI-ME,FA,2007190075001 Coarse,2007190075,0.0016,0.001,False,False
Pt,MMI-ME,FA,2007190076001 Coarse,2007190076,0.001,0.001,False,False
Pt,MMI-ME,FA,2007190086001 Coarse,2007190086,0.0005,0.001,True,False
Pt,MMI-ME,FA,2007190092001 Coarse,2007190092,0.0011,0.001,False,False
Pt,MMI-ME,FA,2007190117001 Coarse,2007190117,0.0005,0.001,True,False
Rb,AR,ICP-MS,2007190058001 Coarse,2007190058,3.6,0.1,False,False
Rb,AR,ICP-MS,2007190514001 Coarse,2007190514,0.2,0.1,False,False
Rb,AR,ICP-MS,2007190792001 Coarse,2007190792,0.3,0.1,False,False
Rb,ICP-MS,AR,2007190576001 Coarse,2007190576,0.9,0.2,False,False
Rb,ICP-MS,AR,2007190592001 Coarse,2007190592,0.8,0.2,False,False
Rb,ICP-MS,AR,2007191237001 Coarse,2007191237,0.1,0.2,True,False
Rb,AR,MMI-ME,2007190058001 Coarse,2007190058,0.0228,0.1,True,False
Rb,AR,MMI-ME,2007190514001 Coarse,2007190514,0.003,0.1,True,False
Rb,AR,MMI-ME,2007190792001 Coarse,2007190792,0.0108,0.1,True,False
Rb,ICP-MS,MMI-ME,2007190576001 Coarse,2007190576,0.0164,0.2,True,False
Rb,ICP-MS,MMI-ME,2007190592001 Coarse,2007190592,0.0904,0.2,True,False
Rb,ICP-MS,MMI-ME,2007191237001 Coarse,2007191237,0.0327,0.2,True,False
Sb,AR,ICP-MS,2007190288001 Coarse,2007190288,0.9,0.02,False,False
Sb,AR,ICP-MS,2007190293001 Coarse,2007190293,1.1,0.02,False,False
Sb,AR,ICP-MS,2007190298001 Coarse,2007190298,1.0,0.02,False,False
Sb,AR,ICP-MS,2007190347001 Coarse,2007190347,1.1,0.02,False,False
Sb,AR,ICP-MS,2007190577001 Coarse,2007190577,1.3,0.02,False,False
Sb,AR,ICP-MS,2007190588001 Coarse,2007190588,1.1,0.02,False,False
Sb,AR,ICP-MS,2007191007001 Coarse,2007191007,0.9,0.02,False,False
Sb,AR,ICP-MS,2007191053001 Coarse,2007191053,0.8,0.02,False,False
Sb,AR,ICP-MS,2007191056001 Coarse,2007191056,0.9,0.02,False,False
Sb,AR,ICP-MS,2007191076001 Coarse,2007191076,3.2,0.02,False,False
Sb,AR,ICP-MS,2007191128001 Coarse,2007191128,3.1,0.02,False,False
Sb,AR,ICP-MS,2007191134001 Coarse,2007191134,2.7,0.02,False,False
Sb,AR,ICP-MS,2007191144001 Coarse,2007191144,3.2,0.02,False,False
Sb,AR,ICP-MS,2007191188001 Coarse,2007191188,3.0,0.02,False,False
Sb,AR,ICP-MS,2007191194001 Coarse,2007191194,2.9,0.02,False,False
Sb,AR,ICP-MS,2007191228001 Coarse,2007191228,2.3,0.02,False,False
Sb,AR,ICP-MS,2007191258001 Coarse,2007191258,0.8,0.02,False,False
Sb,AR,ICP-MS,2007191293001 Coarse,2007191293,1.3,0.02,False,False
Sb,AR,ICP-MS,2007191323001 Coarse,2007191323,1.0,0.02,False,False
Sb,AR,ICP-MS,2007191334001 Coarse,2007191334,1.3,0.02,False,False
Sb,ICP-MS,AR,2007190001001 Coarse,2007190001,0.07,0.4,True,False
Sb,ICP-MS,AR,2007190002001 Coarse,2007190002,0.07,0.4,True,False
Sb,ICP-MS,AR,2007190005001 Coarse,2007190005,0.07,0.4,True,False
Sb,ICP-MS,AR,2007190007001 Coarse,2007190007,0.39,0.4,True,False
Sb,ICP-MS,AR,2007190009001 Coarse,2007190009,0.02,0.4,True,False
Sb,ICP-MS,AR,2007190010001 Coarse,2007190010,0.04,0.4,True,False
Sb,ICP-MS,AR,2007190011001 Coarse,2007190011,0.06,0.4,True,False
Sb,ICP-MS,AR,2007190012001 Coarse,2007190012,0.07,0.4,True,False
Sb,ICP-MS,AR,2007190013001 Coarse,2007190013,0.09,0.4,True,False
Sb,ICP-MS,AR,2007190014001 Coarse,2007190014,0.16,0.4,True,False
Sb,ICP-MS,AR,2007190015001 Coarse,2007190015,0.16,0.4,True,False
Sb,ICP-MS,AR,2007190016001 Coarse,2007190016,0.02,0.4,True,False
Sb,ICP-MS,AR,2007190017001 Coarse,2007190017,0.06,0.4,True,False
Sb,ICP-MS,AR,2007190019001 Coarse,2007190019,0.36,0.4,True,False
Sb,ICP-MS,AR,2007190021001 Coarse,2007190021,0.07,0.4,True,False
Sb,ICP-MS,AR,2007190022001 Coarse,2007190022,0.09,0.4,True,False
Sb,ICP-MS,AR,2007190023001 Coarse,2007190023,0.03,0.4,True,False
Sb,ICP-MS,AR,2007190025001 Coarse,2007190025,0.23,0.4,True,False
Sb,ICP-MS,AR,2007190028001 Coarse,2007190028,0.09,0.4,True,False
Sb,ICP-MS,AR,2007190029001 Coarse,2007190029,0.1,0.4,True,False
Sb,MMI-ME,AR,2007190001001 Coarse,2007190001,0.07,0.001,False,False
Sb,MMI-ME,AR,2007190002001 Coarse,2007190002,0.07,0.001,False,False
Sb,MMI-ME,AR,2007190003001 Coarse,2007190003,0.13,0.001,False,False
Sb,MMI-ME,AR,2007190004001 Coarse,2007190004,0.63,0.001,False,False
Sb,MMI-ME,AR,2007190005001 Coarse,2007190005,0.07,0.001,False,False
Sb,MMI-ME,AR,2007190007001 Coarse,2007190007,0.39,0.001,False,False
Sb,MMI-ME,AR,2007190009001 Coarse,2007190009,0.02,0.001,False,False
Sb,MMI-ME,AR,2007190010001 Coarse,2007190010,0.04,0.001,False,False
Sb,MMI-ME,AR,2007190011001 Coarse,2007190011,0.06,0.001,False,False
Sb,MMI-ME,AR,2007190012001 Coarse,2007190012,0.07,0.001,False,False
Sb,MMI-ME,AR,2007190013001 Coarse,2007190013,0.09,0.001,False,False
Sb,MMI-ME,AR,2007190014001 Coarse,2007190014,0.16,0.001,False,False
Sb,MMI-ME,AR,2007190015001 Coarse,2007190015,0.16,0.001,False,False
Sb,MMI-ME,AR,2007190016001 Coarse,2007190016,0.02,0.001,False,False
Sb,MMI-ME,AR,2007190017001 Coarse,2007190017,0.06,0.001,False,False
Sb,MMI-ME,AR,2007190021001 Coarse,2007190021,0.07,0.001,False,False
Sb,MMI-ME,AR,2007190022001 Coarse,2007190022,0.09,0.001,False,False
Sb,MMI-ME,AR,2007190023001 Coarse,2007190023,0.03,0.001,False,False
Sb,MMI-ME,AR,2007190025001 Coarse,2007190025,0.23,0.001,False,False
Sb,MMI-ME,AR,2007190028001 Coarse,2007190028,0.09,0.001,False,False
Sb,ICP-MS,MMI-ME,2007190019001 Coarse,2007190019,0.001,0.4,True,False
Sb,ICP-MS,MMI-ME,2007190064001 Coarse,2007190064,0.003,0.4,True,False
Sb,ICP-MS,MMI-ME,2007190110001 Coarse,2007190110,0.001,0.4,True,False
Sb,ICP-MS,MMI-ME,2007190176001 Coarse,2007190176,0.001,0.4,True,False
Sb,ICP-MS,MMI-ME,2007190319001 Coarse,2007190319,0.001,0.4,True,False
Sb,ICP-MS,MMI-ME,2007190321001 Coarse,2007190321,0.001,0.4,True,False
Sb,ICP-MS,MMI-ME,2007190381001 Coarse,2007190381,0.001,0.4,True,False
Sb,ICP-MS,MMI-ME,2007190412001 Coarse,2007190412,0.001,0.4,True,False
Sb,ICP-MS,MMI-ME,2007190544001 Coarse,2007190544,0.003,0.4,True,False
Sb,ICP-MS,MMI-ME,2007190633001 Coarse,2007190633,0.001,0.4,True,False
Sb,ICP-MS,MMI-ME,2007190634001 Coarse,2007190634,0.001,0.4,True,False
Sb,ICP-MS,MMI-ME,2007190685001 Coarse,2007190685,0.001,0.4,True,False
Sb,ICP-MS,MMI-ME,2007190796001 Coarse,2007190796,0.002,0.4,True,False
Sb,ICP-MS,MMI-ME,2007190847001 Coarse,2007190847,0.001,0.4,True,False
Sb,ICP-MS,MMI-ME,2007190889001 Coarse,2007190889,0.001,0.4,True,False
Sb,ICP-MS,MMI-ME,2007191155001 Coarse,2007191155,0.002,0.4,True,False
Sb,ICP-MS,MMI-ME,2007191221001 Coarse,2007191221,0.002,0.4,True,False
Sb,ICP-MS,MMI-ME,2007191224001 Coarse,2007191224,0.002,0.4,True,False
Sb,ICP-MS,MMI-ME,2007191381001 Coarse,2007191381,0.002,0.4,True,False
Sb,ICP-MS,MMI-ME,2007191541001 Coarse,2007191541,0.001,0.4,True,False
Sb,MMI-ME,ICP-MS,2007190003001 Coarse,2007190003,0.9,0.001,False,False
Sb,MMI-ME,ICP-MS,2007190004001 Coarse,2007190004,3.0,0.001,False,False
Sb,MMI-ME,ICP-MS,2007190034001 Coarse,2007190034,2.5,0.001,False,False
Sb,MMI-ME,ICP-MS,2007190048001 Coarse,2007190048,2.2,0.001,False,False
Sb,MMI-ME,ICP-MS,2007190055001 Coarse,2007190055,0.9,0.001,False,False
Sb,MMI-ME,ICP-MS,2007190056001 Coarse,2007190056,1.1,0.001,False,False
Sb,MMI-ME,ICP-MS,2007190062001 Coarse,2007190062,1.1,0.001,False,False
Sb,MMI-ME,ICP-MS,2007190065001 Coarse,2007190065,1.5,0.001,False,False
Sb,MMI-ME,ICP-MS,2007190074001 Coarse,2007190074,0.9,0.001,False,False
Sb,MMI-ME,ICP-MS,2007190075001 Coarse,2007190075,2.1,0.001,False,False
Sb,MMI-ME,ICP-MS,2007190076001 Coarse,2007190076,2.5,0.001,False,False
Sb,MMI-ME,ICP-MS,2007190077001 Coarse,2007190077,1.7,0.001,False,False
Sb,MMI-ME,ICP-MS,2007190078001 Coarse,2007190078,1.4,0.001,False,False
Sb,MMI-ME,ICP-MS,2007190081001 Coarse,2007190081,1.0,0.001,False,False
Sb,MMI-ME,ICP-MS,2007190083001 Coarse,2007190083,1.2,0.001,False,False
Sb,MMI-ME,ICP-MS,2007190096001 Coarse,2007190096,1.0,0.001,False,False
Sb,MMI-ME,ICP-MS,2007190112001 Coarse,2007190112,0.8,0.001,False,False
Sb,MMI-ME,ICP-MS,2007190114001 Coarse,2007190114,1.6,0.001,False,False
Sb,MMI-ME,ICP-MS,2007190118001 Coarse,2007190118,1.0,0.001,False,False
Sb,MMI-ME,ICP-MS,2007190128001 Coarse,2007190128,1.1,0.001,False,False
Sc,AR,ICP-MS,2007190163001 Coarse,2007190163,1.2,0.1,False,False
Sc,AR,ICP-MS,2007190195001 Coarse,2007190195,1.3,0.1,False,False
Sc,AR,ICP-MS,2007190451001 Coarse,2007190451,9.8,0.1,False,False
Sc,AR,ICP-MS,2007190592001 Coarse,2007190592,3.2,0.1,False,False
Sc,AR,ICP-MS,2007190710001 Coarse,2007190710,1.4,0.1,False,False
Sc,AR,ICP-MS,2007190792001 Coarse,2007190792,4.0,0.1,False,False
Sc,AR,ICP-MS,2007190817001 Coarse,2007190817,3.1,0.1,False,False
Sc,AR,ICP-MS,2007190823001 Coarse,2007190823,1.1,0.1,False,False
Sc,AR,ICP-MS,2007190829001 Coarse,2007190829,2.5,0.1,False,False
Sc,AR,ICP-MS,2007190832001 Coarse,2007190832,1.5,0.1,False,False
Sc,AR,ICP-MS,2007190838001 Coarse,2007190838,9.2,0.1,False,False
Sc,AR,ICP-MS,2007190916001 Coarse,2007190916,2.7,0.1,False,False
Sc,AR,ICP-MS,2007190942001 Coarse,2007190942,4.5,0.1,False,False
Sc,AR,ICP-MS,2007190958001 Coarse,2007190958,4.6,0.1,False,False
Sc,AR,ICP-MS,2007190962001 Coarse,2007190962,2.6,0.1,False,False
Sc,AR,ICP-MS,2007191175001 Coarse,2007191175,2.0,0.1,False,False
Sc,AR,ICP-MS,2007191183001 Coarse,2007191183,1.1,0.1,False,False
Sc,AR,ICP-MS,2007191227001 Coarse,2007191227,2.6,0.1,False,False
Sc,AR,ICP-MS,2007191237001 Coarse,2007191237,0.8,0.1,False,False
Sc,AR,ICP-MS,2007191243001 Coarse,2007191243,2.5,0.1,False,False
Sc,ICP-MS,AR,2007190357001 Coarse,2007190357,0.3,0.3,False,False
Sc,ICP-MS,AR,2007190865001 Coarse,2007190865,0.7,0.3,False,False
Sc,ICP-MS,AR,2007191042001 Coarse,2007191042,1.2,0.3,False,False
Sc,AR,MMI-ME,2007190163001 Coarse,2007190163,0.009,0.1,True,False
Sc,AR,MMI-ME,2007190195001 Coarse,2007190195,0.01,0.1,True,False
Sc,AR,MMI-ME,2007190592001 Coarse,2007190592,0.165,0.1,False,False
Sc,AR,MMI-ME,2007190710001 Coarse,2007190710,0.013,0.1,True,False
Sc,AR,MMI-ME,2007190792001 Coarse,2007190792,0.015,0.1,True,False
Sc,AR,MMI-ME,2007190817001 Coarse,2007190817,0.013,0.1,True,False
Sc,AR,MMI-ME,2007190823001 Coarse,2007190823,0.019,0.1,True,False
Sc,AR,MMI-ME,2007190829001 Coarse,2007190829,0.023,0.1,True,False
Sc,AR,MMI-ME,2007190838001 Coarse,2007190838,0.01,0.1,True,False
Sc,AR,MMI-ME,2007190916001 Coarse,2007190916,0.039,0.1,True,False
Sc,AR,MMI-ME,2007190958001 Coarse,2007190958,0.071,0.1,True,False
Sc,AR,MMI-ME,2007190962001 Coarse,2007190962,0.113,0.1,False,False
Sc,AR,MMI-ME,2007191175001 Coarse,2007191175,0.025,0.1,True,False
Sc,AR,MMI-ME,2007191227001 Coarse,2007191227,0.295,0.1,False,False
Sc,AR,MMI-ME,2007191237001 Coarse,2007191237,0.005,0.1,True,False
Sc,AR,MMI-ME,2007191259001 Coarse,2007191259,0.011,0.1,True,False
Sc,AR,MMI-ME,2007191366001 Coarse,2007191366,0.052,0.1,True,False
Sc,AR,MMI-ME,2007191433001 Coarse,2007191433,0.043,0.1,True,False
Sc,AR,MMI-ME,2007191593001 Coarse,2007191593,0.084,0.1,True,False
Sc,MMI-ME,AR,2007190004001 Coarse,2007190004,9.0,0.005,False,False
Sc,MMI-ME,AR,2007190007001 Coarse,2007190007,6.9,0.005,False,False
Sc,MMI-ME,AR,2007190010001 Coarse,2007190010,5.6,0.005,False,False
Sc,MMI-ME,AR,2007190012001 Coarse,2007190012,6.4,0.005,False,False
Sc,MMI-ME,AR,2007190013001 Coarse,2007190013,5.8,0.005,False,False
Sc,MMI-ME,AR,2007190016001 Coarse,2007190016,5.9,0.005,False,False
Sc,MMI-ME,AR,2007190018001 Coarse,2007190018,3.4,0.005,False,False
Sc,MMI-ME,AR,2007190028001 Coarse,2007190028,6.7,0.005,False,False
Sc,MMI-ME,AR,2007190029001 Coarse,2007190029,8.2,0.005,False,False
Sc,MMI-ME,AR,2007190033001 Coarse,2007190033,1.7,0.005,False,False
Sc,MMI-ME,AR,2007190034001 Coarse,2007190034,13.4,0.005,False,False
Sc,MMI-ME,AR,2007190043001 Coarse,2007190043,4.7,0.005,False,False
Sc,MMI-ME,AR,2007190044001 Coarse,2007190044,5.1,0.005,False,False
Sc,MMI-ME,AR,2007190048001 Coarse,2007190048,11.1,0.005,False,False
Sc,MMI-ME,AR,2007190054001 Coarse,2007190054,4.7,0.005,False,False
Sc,MMI-ME,AR,2007190070001 Coarse,2007190070,0.6,0.005,False,False
Sc,MMI-ME,AR,2007190072001 Coarse,2007190072,4.2,0.005,False,False
Sc,MMI-ME,AR,2007190075001 Coarse,2007190075,5.7,0.005,False,False
Sc,MMI-ME,AR,2007190079001 Coarse,2007190079,6.0,0.005,False,False
Sc,MMI-ME,AR,2007190082001 Coarse,2007190082,9.5,0.005,False,False
Sc,ICP-MS,MMI-ME,2007190357001 Coarse,2007190357,0.036,0.3,True,False
Sc,ICP-MS,MMI-ME,2007191042001 Coarse,2007191042,0.023,0.3,True,False
Sc,ICP-MS,MMI-ME,2007191433001 Coarse,2007191433,0.043,0.3,True,False
Sc,MMI-ME,ICP-MS,2007190004001 Coarse,2007190004,16.8,0.005,False,False
Sc,MMI-ME,ICP-MS,2007190007001 Coarse,2007190007,13.4,0.005,False,False
Sc,MMI-ME,ICP-MS,2007190010001 Coarse,2007190010,9.2,0.005,False,False
Sc,MMI-ME,ICP-MS,2007190012001 Coarse,2007190012,10.3,0.005,False,False
Sc,MMI-ME,ICP-MS,2007190013001 Coarse,2007190013,8.0,0.005,False,False
Sc,MMI-ME,ICP-MS,2007190016001 Coarse,2007190016,7.6,0.005,False,False
Sc,MMI-ME,ICP-MS,2007190018001 Coarse,2007190018,6.3,0.005,False,False
Sc,MMI-ME,ICP-MS,2007190028001 Coarse,2007190028,5.9,0.005,False,False
Sc,MMI-ME,ICP-MS,2007190029001 Coarse,2007190029,7.7,0.005,False,False
Sc,MMI-ME,ICP-MS,2007190033001 Coarse,2007190033,2.0,0.005,False,False
Sc,MMI-ME,ICP-MS,2007190034001 Coarse,2007190034,17.8,0.005,False,False
Sc,MMI-ME,ICP-MS,2007190043001 Coarse,2007190043,10.6,0.005,False,False
Sc,MMI-ME,ICP-MS,2007190044001 Coarse,2007190044,12.6,0.005,False,False
Sc,MMI-ME,ICP-MS,2007190048001 Coarse,2007190048,13.1,0.005,False,False
Sc,MMI-ME,ICP-MS,2007190054001 Coarse,2007190054,7.5,0.005,False,False
Sc,MMI-ME,ICP-MS,2007190070001 Coarse,2007190070,2.4,0.005,False,False
Sc,MMI-ME,ICP-MS,2007190072001 Coarse,2007190072,7.1,0.005,False,False
Sc,MMI-ME,ICP-MS,2007190075001 Coarse,2007190075,12.7,0.005,False,False
Sc,MMI-ME,ICP-MS,2007190079001 Coarse,2007190079,7.1,0.005,False,False
Sc,MMI-ME,ICP-MS,2007190082001 Coarse,2007190082,6.2,0.005,False,False
Se,AR,MMI-ME,2007190070001 Coarse,2007190070,0.01,0.01,False,False
Se,AR,MMI-ME,2007190116001 Coarse,2007190116,0.018,0.01,False,False
Se,AR,MMI-ME,2007190163001 Coarse,2007190163,0.013,0.01,False,False
Se,AR,MMI-ME,2007190179001 Coarse,2007190179,0.005,0.01,True,False
Se,AR,MMI-ME,2007190248001 Coarse,2007190248,0.003,0.01,True,False
Se,AR,MMI-ME,2007190263001 Coarse,2007190263,0.018,0.01,False,False
Se,AR,MMI-ME,2007190311001 Coarse,2007190311,0.006,0.01,True,False
Se,AR,MMI-ME,2007190707001 Coarse,2007190707,0.002,0.01,True,False
Se,AR,MMI-ME,2007190747001 Coarse,2007190747,0.005,0.01,True,False
Se,AR,MMI-ME,2007190754001 Coarse,2007190754,0.021,0.01,False,False
Se,AR,MMI-ME,2007190798001 Coarse,2007190798,0.014,0.01,False,False
Se,AR,MMI-ME,2007190817001 Coarse,2007190817,0.012,0.01,False,False
Se,AR,MMI-ME,2007190829001 Coarse,2007190829,0.019,0.01,False,False
Se,AR,MMI-ME,2007190830001 Coarse,2007190830,0.01,0.01,False,False
Se,AR,MMI-ME,2007190833001 Coarse,2007190833,0.01,0.01,False,False
Se,AR,MMI-ME,2007190848001 Coarse,2007190848,0.01,0.01,False,False
Se,AR,MMI-ME,2007190877001 Coarse,2007190877,0.016,0.01,False,False
Se,AR,MMI-ME,2007191021001 Coarse,2007191021,0.008,0.01,True,False
Se,AR,MMI-ME,2007191042001 Coarse,2007191042,0.03,0.01,False,False
Se,AR,MMI-ME,2007191052001 Coarse,2007191052,0.008,0.01,True,False
Se,MMI-ME,AR,2007190003001 Coarse,2007190003,0.03,0.002,False,False
Se,MMI-ME,AR,2007190010001 Coarse,2007190010,0.03,0.002,False,False
Se,MMI-ME,AR,2007190011001 Coarse,2007190011,0.04,0.002,False,False
Se,MMI-ME,AR,2007190015001 Coarse,2007190015,0.25,0.002,False,False
Se,MMI-ME,AR,2007190017001 Coarse,2007190017,0.05,0.002,False,False
Se,MMI-ME,AR,2007190023001 Coarse,2007190023,0.02,0.002,False,False
Se,MMI-ME,AR,2007190044001 Coarse,2007190044,0.05,0.002,False,False
Se,MMI-ME,AR,2007190050001 Coarse,2007190050,0.03,0.002,False,False
Se,MMI-ME,AR,2007190054001 Coarse,2007190054,0.05,0.002,False,False
Se,MMI-ME,AR,2007190056001 Coarse,2007190056,0.16,0.002,False,False
Se,MMI-ME,AR,2007190057001 Coarse,2007190057,0.02,0.002,False,False
Se,MMI-ME,AR,2007190058001 Coarse,2007190058,0.01,0.002,False,False
Se,MMI-ME,AR,2007190063001 Coarse,2007190063,0.07,0.002,False,False
Se,MMI-ME,AR,2007190072001 Coarse,2007190072,0.04,0.002,False,False
Se,MMI-ME,AR,2007190077001 Coarse,2007190077,0.05,0.002,False,False
Se,MMI-ME,AR,2007190078001 Coarse,2007190078,0.04,0.002,False,False
Se,MMI-ME,AR,2007190081001 Coarse,2007190081,0.04,0.002,False,False
Se,MMI-ME,AR,2007190084001 Coarse,2007190084,0.02,0.002,False,False
Se,MMI-ME,AR,2007190090001 Coarse,2007190090,0.01,0.002,False,False
Se,MMI-ME,AR,2007190098001 Coarse,2007190098,0.03,0.002,False,False
Sn,AR,ICP-MS,2007190024001 Coarse,2007190024,0.5,0.05,False,False
Sn,AR,ICP-MS,2007190091001 Coarse,2007190091,0.3,0.05,False,False
Sn,AR,ICP-MS,2007190101001 Coarse,2007190101,0.3,0.05,False,False
Sn,AR,ICP-MS,2007190108001 Coarse,2007190108,0.7,0.05,False,False
Sn,AR,ICP-MS,2007190116001 Coarse,2007190116,0.3,0.05,False,False
Sn,AR,ICP-MS,2007190130001 Coarse,2007190130,0.4,0.05,False,False
Sn,AR,ICP-MS,2007190148001 Coarse,2007190148,0.2,0.05,False,False
Sn,AR,ICP-MS,2007190152001 Coarse,2007190152,1.4,0.05,False,False
Sn,AR,ICP-MS,2007190207001 Coarse,2007190207,0.3,0.05,False,False
Sn,AR,ICP-MS,2007190234001 Coarse,2007190234,0.5,0.05,False,False
Sn,AR,ICP-MS,2007190289001 Coarse,2007190289,0.3,0.05,False,False
Sn,AR,ICP-MS,2007190311001 Coarse,2007190311,0.5,0.05,False,False
Sn,AR,ICP-MS,2007190451001 Coarse,2007190451,1.0,0.05,False,False
Sn,AR,ICP-MS,2007190514001 Coarse,2007190514,0.2,0.05,False,False
Sn,AR,ICP-MS,2007190524001 Coarse,2007190524,0.2,0.05,False,False
Sn,AR,ICP-MS,2007190588001 Coarse,2007190588,1.0,0.05,False,False
Sn,AR,ICP-MS,2007190636001 Coarse,2007190636,0.2,0.05,False,False
Sn,AR,ICP-MS,2007190710001 Coarse,2007190710,0.2,0.05,False,False
Sn,AR,ICP-MS,2007190799001 Coarse,2007190799,0.5,0.05,False,False
Sn,AR,ICP-MS,2007190823001 Coarse,2007190823,0.4,0.05,False,False
Sn,ICP-MS,AR,2007190033001 Coarse,2007190033,0.35,0.2,False,False
Sn,ICP-MS,AR,2007190162001 Coarse,2007190162,0.28,0.2,False,False
Sn,ICP-MS,AR,2007190166001 Coarse,2007190166,0.11,0.2,True,False
Sn,ICP-MS,AR,2007190299001 Coarse,2007190299,0.25,0.2,False,False
Sn,ICP-MS,AR,2007190459001 Coarse,2007190459,0.27,0.2,False,False
Sn,ICP-MS,AR,2007190467001 Coarse,2007190467,0.11,0.2,True,False
Sn,ICP-MS,AR,2007190495001 Coarse,2007190495,0.29,0.2,False,False
Sn,ICP-MS,AR,2007190666001 Coarse,2007190666,0.29,0.2,False,False
Sn,ICP-MS,AR,2007190691001 Coarse,2007190691,0.66,0.2,False,False
Sn,ICP-MS,AR,2007190693001 Coarse,2007190693,0.56,0.2,False,False
Sn,ICP-MS,AR,2007190732001 Coarse,2007190732,0.6,0.2,False,False
Sn,ICP-MS,AR,2007190751001 Coarse,2007190751,1.49,0.2,False,False
Sn,ICP-MS,AR,2007190752001 Coarse,2007190752,0.67,0.2,False,False
Sn,ICP-MS,AR,2007190761001 Coarse,2007190761,0.3,0.2,False,False
Sn,ICP-MS,AR,2007190832001 Coarse,2007190832,0.18,0.2,True,False
Sn,ICP-MS,AR,2007190834001 Coarse,2007190834,0.28,0.2,False,False
Sn,ICP-MS,AR,2007190875001 Coarse,2007190875,0.11,0.2,True,False
Sn,ICP-MS,AR,2007190889001 Coarse,2007190889,0.44,0.2,False,False
Sn,ICP-MS,AR,2007190890001 Coarse,2007190890,5.95,0.2,False,False
Sn,ICP-MS,AR,2007191042001 Coarse,2007191042,0.22,0.2,False,False
Sn,AR,MMI-ME,2007190636001 Coarse,2007190636,0.001,0.05,True,False
Sn,AR,MMI-ME,2007190823001 Coarse,2007190823,0.002,0.05,True,False
Sn,AR,MMI-ME,2007190861001 Coarse,2007190861,0.001,0.05,True,False
Sn,AR,MMI-ME,2007191259001 Coarse,2007191259,0.002,0.05,True,False
Sn,AR,MMI-ME,2007191330001 Coarse,2007191330,0.002,0.05,True,False
Sn,MMI-ME,AR,2007190001001 Coarse,2007190001,0.35,0.001,False,False
Sn,MMI-ME,AR,2007190002001 Coarse,2007190002,0.74,0.001,False,False
Sn,MMI-ME,AR,2007190003001 Coarse,2007190003,0.3,0.001,False,False
Sn,MMI-ME,AR,2007190004001 Coarse,2007190004,0.65,0.001,False,False
Sn,MMI-ME,AR,2007190005001 Coarse,2007190005,0.63,0.001,False,False
Sn,MMI-ME,AR,2007190007001 Coarse,2007190007,0.75,0.001,False,False
Sn,MMI-ME,AR,2007190009001 Coarse,2007190009,0.9,0.001,False,False
Sn,MMI-ME,AR,2007190010001 Coarse,2007190010,0.49,0.001,False,False
Sn,MMI-ME,AR,2007190011001 Coarse,2007190011,0.95,0.001,False,False
Sn,MMI-ME,AR,2007190012001 Coarse,2007190012,0.52,0.001,False,False
Sn,MMI-ME,AR,2007190013001 Coarse,2007190013,1.2,0.001,False,False
Sn,MMI-ME,AR,2007190014001 Coarse,2007190014,1.19,0.001,False,False
Sn,MMI-ME,AR,2007190015001 Coarse,2007190015,1.21,0.001,False,False
Sn,MMI-ME,AR,2007190016001 Coarse,2007190016,0.39,0.001,False,False
Sn,MMI-ME,AR,2007190017001 Coarse,2007190017,0.25,0.001,False,False
Sn,MMI-ME,AR,2007190018001 Coarse,2007190018,0.46,0.001,False,False
Sn,MMI-ME,AR,2007190019001 Coarse,2007190019,0.58,0.001,False,False
Sn,MMI-ME,AR,2007190021001 Coarse,2007190021,0.48,0.001,False,False
Sn,MMI-ME,AR,2007190022001 Coarse,2007190022,1.28,0.001,False,False
Sn,MMI-ME,AR,2007190023001 Coarse,2007190023,0.6,0.001,False,False
Sn,ICP-MS,MMI-ME,2007190467001 Coarse,2007190467,0.002,0.2,True,False
Sn,ICP-MS,MMI-ME,2007190752001 Coarse,2007190752,0.003,0.2,True,False
Sn,ICP-MS,MMI-ME,2007191259001 Coarse,2007191259,0.002,0.2,True,False
Sn,ICP-MS,MMI-ME,2007191573001 Coarse,2007191573,0.003,0.2,True,False
Sn,MMI-ME,ICP-MS,2007190001001 Coarse,2007190001,1.1,0.001,False,False
Sn,MMI-ME,ICP-MS,2007190002001 Coarse,2007190002,1.7,0.001,False,False
Sn,MMI-ME,ICP-MS,2007190003001 Coarse,2007190003,1.4,0.001,False,False
Sn,MMI-ME,ICP-MS,2007190004001 Coarse,2007190004,2.6,0.001,False,False
Sn,MMI-ME,ICP-MS,2007190005001 Coarse,2007190005,0.7,0.001,False,False
Sn,MMI-ME,ICP-MS,2007190007001 Coarse,2007190007,1.8,0.001,False,False
Sn,MMI-ME,ICP-MS,2007190009001 Coarse,2007190009,7.3,0.001,False,False
Sn,MMI-ME,ICP-MS,2007190010001 Coarse,2007190010,1.1,0.001,False,False
Sn,MMI-ME,ICP-MS,2007190011001 Coarse,2007190011,1.5,0.001,False,False
Sn,MMI-ME,ICP-MS,2007190012001 Coarse,2007190012,2.0,0.001,False,False
Sn,MMI-ME,ICP-MS,2007190013001 Coarse,2007190013,1.7,0.001,False,False
Sn,MMI-ME,ICP-MS,2007190014001 Coarse,2007190014,2.1,0.001,False,False
Sn,MMI-ME,ICP-MS,2007190015001 Coarse,2007190015,2.4,0.001,False,False
Sn,MMI-ME,ICP-MS,2007190016001 Coarse,2007190016,0.8,0.001,False,False
Sn,MMI-ME,ICP-MS,2007190017001 Coarse,2007190017,2.0,0.001,False,False
Sn,MMI-ME,ICP-MS,2007190018001 Coarse,2007190018,1.3,0.001,False,False
Sn,MMI-ME,ICP-MS,2007190019001 Coarse,2007190019,3.2,0.001,False,False
Sn,MMI-ME,ICP-MS,2007190021001 Coarse,2007190021,1.0,0.001,False,False
Sn,MMI-ME,ICP-MS,2007190022001 Coarse,2007190022,2.9,0.001,False,False
Sn,MMI-ME,ICP-MS,2007190023001 Coarse,2007190023,1.6,0.001,False,False
Sr,AR,ICP-MS,2007190451001 Coarse,2007190451,129.1,0.5,False,False
Sr,AR,ICP-MS,2007190514001 Coarse,2007190514,1.1,0.5,False,False
Sr,AR,ICP-MS,2007190588001 Coarse,2007190588,134.8,0.5,False,False
Sr,AR,ICP-MS,2007190998001 Coarse,2007190998,7.9,0.5,False,False
Sr,AR,ICP-MS,2007191016001 Coarse,2007191016,10.7,0.5,False,False
Sr,AR,ICP-MS,2007191387001 Coarse,2007191387,14.2,0.5,False,False
Sr,AR,ICP-MS,2007191430001 Coarse,2007191430,8.8,0.5,False,False
Sr,AR,ICP-MS,2007191541001 Coarse,2007191541,18.0,0.5,False,False
Sr,AR,MMI-ME,2007190451001 Coarse,2007190451,6.77,0.5,False,False
Sr,AR,MMI-ME,2007190514001 Coarse,2007190514,0.08,0.5,True,False
Sr,AR,MMI-ME,2007190588001 Coarse,2007190588,4.54,0.5,False,False
Sr,AR,MMI-ME,2007190998001 Coarse,2007190998,0.09,0.5,True,False
Sr,AR,MMI-ME,2007191016001 Coarse,2007191016,0.28,0.5,True,False
Sr,AR,MMI-ME,2007191387001 Coarse,2007191387,0.15,0.5,True,False
Sr,AR,MMI-ME,2007191430001 Coarse,2007191430,0.12,0.5,True,False
Sr,AR,MMI-ME,2007191541001 Coarse,2007191541,0.07,0.5,True,False
Ta,AR,ICP-MS,2007190001001 Coarse,2007190001,0.53,0.05,False,False
Ta,AR,ICP-MS,2007190002001 Coarse,2007190002,0.7,0.05,False,False
Ta,AR,ICP-MS,2007190003001 Coarse,2007190003,0.79,0.05,False,False
Ta,AR,ICP-MS,2007190004001 Coarse,2007190004,0.94,0.05,False,False
Ta,AR,ICP-MS,2007190005001 Coarse,2007190005,0.66,0.05,False,False
Ta,AR,ICP-MS,2007190007001 Coarse,2007190007,0.97,0.05,False,False
Ta,AR,ICP-MS,2007190009001 Coarse,2007190009,0.89,0.05,False,False
Ta,AR,ICP-MS,2007190010001 Coarse,2007190010,0.43,0.05,False,False
Ta,AR,ICP-MS,2007190011001 Coarse,2007190011,0.72,0.05,False,False
Ta,AR,ICP-MS,2007190012001 Coarse,2007190012,0.57,0.05,False,False
Ta,AR,ICP-MS,2007190013001 Coarse,2007190013,0.68,0.05,False,False
Ta,AR,ICP-MS,2007190014001 Coarse,2007190014,0.73,0.05,False,False
Ta,AR,ICP-MS,2007190015001 Coarse,2007190015,0.97,0.05,False,False
Ta,AR,ICP-MS,2007190016001 Coarse,2007190016,0.37,0.05,False,False
Ta,AR,ICP-MS,2007190017001 Coarse,2007190017,0.52,0.05,False,False
Ta,AR,ICP-MS,2007190018001 Coarse,2007190018,1.27,0.05,False,False
Ta,AR,ICP-MS,2007190019001 Coarse,2007190019,0.76,0.05,False,False
Ta,AR,ICP-MS,2007190021001 Coarse,2007190021,0.54,0.05,False,False
Ta,AR,ICP-MS,2007190022001 Coarse,2007190022,1.2,0.05,False,False
Ta,AR,ICP-MS,2007190023001 Coarse,2007190023,0.62,0.05,False,False
Ta,AR,MMI-ME,2007190002001 Coarse,2007190002,0.001,0.05,True,False
Ta,AR,MMI-ME,2007190092001 Coarse,2007190092,0.001,0.05,True,False
Ta,AR,MMI-ME,2007190325001 Coarse,2007190325,0.019,0.05,True,False
Ta,AR,MMI-ME,2007190361001 Coarse,2007190361,0.002,0.05,True,False
Ta,AR,MMI-ME,2007190363001 Coarse,2007190363,0.001,0.05,True,False
Ta,AR,MMI-ME,2007190444001 Coarse,2007190444,0.002,0.05,True,False
Ta,AR,MMI-ME,2007190445001 Coarse,2007190445,0.002,0.05,True,False
Ta,AR,MMI-ME,2007190452001 Coarse,2007190452,0.001,0.05,True,False
Ta,AR,MMI-ME,2007190519001 Coarse,2007190519,0.002,0.05,True,False
Ta,AR,MMI-ME,2007190536001 Coarse,2007190536,0.001,0.05,True,False
Ta,AR,MMI-ME,2007190537001 Coarse,2007190537,0.001,0.05,True,False
Ta,AR,MMI-ME,2007190538001 Coarse,2007190538,0.001,0.05,True,False
Ta,AR,MMI-ME,2007190544001 Coarse,2007190544,0.013,0.05,True,False
Ta,AR,MMI-ME,2007190545001 Coarse,2007190545,0.038,0.05,True,False
Ta,AR,MMI-ME,2007190556001 Coarse,2007190556,0.035,0.05,True,False
Ta,AR,MMI-ME,2007190726001 Coarse,2007190726,0.002,0.05,True,False
Ta,AR,MMI-ME,2007190952001 Coarse,2007190952,0.003,0.05,True,False
Ta,AR,MMI-ME,2007190990001 Coarse,2007190990,0.001,0.05,True,False
Ta,AR,MMI-ME,2007190997001 Coarse,2007190997,0.001,0.05,True,False
Ta,AR,MMI-ME,2007190998001 Coarse,2007190998,0.001,0.05,True,False
Ta,MMI-ME,ICP-MS,2007190001001 Coarse,2007190001,0.53,0.001,False,False
Ta,MMI-ME,ICP-MS,2007190003001 Coarse,2007190003,0.79,0.001,False,False
Ta,MMI-ME,ICP-MS,2007190004001 Coarse,2007190004,0.94,0.001,False,False
Ta,MMI-ME,ICP-MS,2007190005001 Coarse,2007190005,0.66,0.001,False,False
Ta,MMI-ME,ICP-MS,2007190007001 Coarse,2007190007,0.97,0.001,False,False
Ta,MMI-ME,ICP-MS,2007190009001 Coarse,2007190009,0.89,0.001,False,False
Ta,MMI-ME,ICP-MS,2007190010001 Coarse,2007190010,0.43,0.001,False,False
Ta,MMI-ME,ICP-MS,2007190011001 Coarse,2007190011,0.72,0.001,False,False
Ta,MMI-ME,ICP-MS,2007190012001 Coarse,2007190012,0.57,0.001,False,False
Ta,MMI-ME,ICP-MS,2007190013001 Coarse,2007190013,0.68,0.001,False,False
Ta,MMI-ME,ICP-MS,2007190014001 Coarse,2007190014,0.73,0.001,False,False
Ta,MMI-ME,ICP-MS,2007190015001 Coarse,2007190015,0.97,0.001,False,False
Ta,MMI-ME,ICP-MS,2007190016001 Coarse,2007190016,0.37,0.001,False,False
Ta,MMI-ME,ICP-MS,2007190017001 Coarse,2007190017,0.52,0.001,False,False
Ta,MMI-ME,ICP-MS,2007190018001 Coarse,2007190018,1.27,0.001,False,False
Ta,MMI-ME,ICP-MS,2007190019001 Coarse,2007190019,0.76,0.001,False,False
Ta,MMI-ME,ICP-MS,2007190021001 Coarse,2007190021,0.54,0.001,False,False
Ta,MMI-ME,ICP-MS,2007190022001 Coarse,2007190022,1.2,0.001,False,False
Ta,MMI-ME,ICP-MS,2007190023001 Coarse,2007190023,0.62,0.001,False,False
Ta,MMI-ME,ICP-MS,2007190024001 Coarse,2007190024,0.26,0.001,False,False
Te,MMI-ME,AR,2007190001001 Coarse,2007190001,0.03,0.01,False,False
Te,MMI-ME,AR,2007190002001 Coarse,2007190002,0.03,0.01,False,False
Te,MMI-ME,AR,2007190003001 Coarse,2007190003,0.03,0.01,False,False
Te,MMI-ME,AR,2007190004001 Coarse,2007190004,0.03,0.01,False,False
Te,MMI-ME,AR,2007190005001 Coarse,2007190005,0.03,0.01,False,False
Te,MMI-ME,AR,2007190007001 Coarse,2007190007,0.04,0.01,False,False
Te,MMI-ME,AR,2007190009001 Coarse,2007190009,0.03,0.01,False,False
Te,MMI-ME,AR,2007190011001 Coarse,2007190011,0.04,0.01,False,False
Te,MMI-ME,AR,2007190013001 Coarse,2007190013,0.04,0.01,False,False
Te,MMI-ME,AR,2007190014001 Coarse,2007190014,0.03,0.01,False,False
Te,MMI-ME,AR,2007190015001 Coarse,2007190015,0.04,0.01,False,False
Te,MMI-ME,AR,2007190016001 Coarse,2007190016,0.04,0.01,False,False
Te,MMI-ME,AR,2007190017001 Coarse,2007190017,0.04,0.01,False,False
Te,MMI-ME,AR,2007190021001 Coarse,2007190021,0.03,0.01,False,False
Te,MMI-ME,AR,2007190022001 Coarse,2007190022,0.03,0.01,False,False
Te,MMI-ME,AR,2007190023001 Coarse,2007190023,0.02,0.01,False,False
Te,MMI-ME,AR,2007190025001 Coarse,2007190025,0.06,0.01,False,False
Te,MMI-ME,AR,2007190029001 Coarse,2007190029,0.04,0.01,False,False
Te,MMI-ME,AR,2007190031001 Coarse,2007190031,0.05,0.01,False,False
Te,MMI-ME,AR,2007190032001 Coarse,2007190032,0.03,0.01,False,False
Th,AR,ICP-MS,2007190451001 Coarse,2007190451,5.29,0.1,False,False
Th,AR,ICP-MS,2007190514001 Coarse,2007190514,0.97,0.1,False,False
Th,AR,ICP-MS,2007190588001 Coarse,2007190588,7.13,0.1,False,False
Th,AR,ICP-MS,2007190792001 Coarse,2007190792,2.21,0.1,False,False
Th,AR,MMI-ME,2007190451001 Coarse,2007190451,0.0014,0.1,True,False
Th,AR,MMI-ME,2007190514001 Coarse,2007190514,0.0245,0.1,True,False
Th,AR,MMI-ME,2007190588001 Coarse,2007190588,0.0008,0.1,True,False
Th,AR,MMI-ME,2007190792001 Coarse,2007190792,0.0486,0.1,True,False
Th,MMI-ME,AR,2007190007001 Coarse,2007190007,6.4,0.0005,False,False
Th,MMI-ME,AR,2007190016001 Coarse,2007190016,9.3,0.0005,False,False
Th,MMI-ME,AR,2007190034001 Coarse,2007190034,13.4,0.0005,False,False
Th,MMI-ME,AR,2007190044001 Coarse,2007190044,2.8,0.0005,False,False
Th,MMI-ME,AR,2007190048001 Coarse,2007190048,8.2,0.0005,False,False
Th,MMI-ME,AR,2007190117001 Coarse,2007190117,4.6,0.0005,False,False
Th,MMI-ME,AR,2007190129001 Coarse,2007190129,6.0,0.0005,False,False
Th,MMI-ME,AR,2007190134001 Coarse,2007190134,7.49,0.0005,False,False
Th,MMI-ME,AR,2007190158001 Coarse,2007190158,7.1,0.0005,False,False
Th,MMI-ME,AR,2007190159001 Coarse,2007190159,4.7,0.0005,False,False
Th,MMI-ME,AR,2007190161001 Coarse,2007190161,6.0,0.0005,False,False
Th,MMI-ME,AR,2007190166001 Coarse,2007190166,0.5,0.0005,False,False
Th,MMI-ME,AR,2007190179001 Coarse,2007190179,1.8,0.0005,False,False
Th,MMI-ME,AR,2007190184001 Coarse,2007190184,3.13,0.0005,False,False
Th,MMI-ME,AR,2007190188001 Coarse,2007190188,2.0,0.0005,False,False
Th,MMI-ME,AR,2007190205001 Coarse,2007190205,10.9,0.0005,False,False
Th,MMI-ME,AR,2007190244001 Coarse,2007190244,11.5,0.0005,False,False
Th,MMI-ME,AR,2007190251001 Coarse,2007190251,9.4,0.0005,False,False
Th,MMI-ME,AR,2007190256001 Coarse,2007190256,3.1,0.0005,False,False
Th,MMI-ME,AR,2007190263001 Coarse,2007190263,7.9,0.0005,False,False
Th,MMI-ME,ICP-MS,2007190007001 Coarse,2007190007,11.46,0.0005,False,False
Th,MMI-ME,ICP-MS,2007190016001 Coarse,2007190016,12.76,0.0005,False,False
Th,MMI-ME,ICP-MS,2007190034001 Coarse,2007190034,19.29,0.0005,False,False
Th,MMI-ME,ICP-MS,2007190044001 Coarse,2007190044,6.5,0.0005,False,False
Th,MMI-ME,ICP-MS,2007190048001 Coarse,2007190048,11.72,0.0005,False,False
Th,MMI-ME,ICP-MS,2007190117001 Coarse,2007190117,7.17,0.0005,False,False
Th,MMI-ME,ICP-MS,2007190129001 Coarse,2007190129,12.5,0.0005,False,False
Th,MMI-ME,ICP-MS,2007190134001 Coarse,2007190134,6.06,0.0005,False,False
Th,MMI-ME,ICP-MS,2007190158001 Coarse,2007190158,11.0,0.0005,False,False
Th,MMI-ME,ICP-MS,2007190159001 Coarse,2007190159,8.88,0.0005,False,False
Th,MMI-ME,ICP-MS,2007190161001 Coarse,2007190161,6.54,0.0005,False,False
Th,MMI-ME,ICP-MS,2007190166001 Coarse,2007190166,6.16,0.0005,False,False
Th,MMI-ME,ICP-MS,2007190179001 Coarse,2007190179,3.4,0.0005,False,False
Th,MMI-ME,ICP-MS,2007190184001 Coarse,2007190184,5.24,0.0005,False,False
Th,MMI-ME,ICP-MS,2007190188001 Coarse,2007190188,3.03,0.0005,False,False
Th,MMI-ME,ICP-MS,2007190205001 Coarse,2007190205,9.77,0.0005,False,False
Th,MMI-ME,ICP-MS,2007190244001 Coarse,2007190244,11.88,0.0005,False,False
Th,MMI-ME,ICP-MS,2007190251001 Coarse,2007190251,19.94,0.0005,False,False
Th,MMI-ME,ICP-MS,2007190256001 Coarse,2007190256,3.66,0.0005,False,False
Th,MMI-ME,ICP-MS,2007190263001 Coarse,2007190263,10.1,0.0005,False,False
Ti,MMI-ME,XRF,2007190188001 Coarse,2007190188,1283.0,0.003,False,False
Ti,MMI-ME,XRF,2007190472001 Coarse,2007190472,4003.0,0.003,False,False
Ti,MMI-ME,XRF,2007190509001 Coarse,2007190509,2655.0,0.003,False,False
Ti,MMI-ME,XRF,2007190522001 Coarse,2007190522,3895.0,0.003,False,False
Ti,MMI-ME,XRF,2007190531001 Coarse,2007190531,5256.0,0.003,False,False
Ti,MMI-ME,XRF,2007190621001 Coarse,2007190621,2062.0,0.003,False,False
Ti,MMI-ME,XRF,2007190681001 Coarse,2007190681,5262.0,0.003,False,False
Ti,MMI-ME,XRF,2007190703001 Coarse,2007190703,5322.0,0.003,False,False
Ti,MMI-ME,XRF,2007190716001 Coarse,2007190716,1594.0,0.003,False,False
Ti,MMI-ME,XRF,2007190814001 Coarse,2007190814,779.0,0.003,False,False
Ti,MMI-ME,XRF,2007190816001 Coarse,2007190816,5436.0,0.003,False,False
Ti,MMI-ME,XRF,2007190819001 Coarse,2007190819,1858.0,0.003,False,False
Ti,MMI-ME,XRF,2007190822001 Coarse,2007190822,4722.0,0.003,False,False
Ti,MMI-ME,XRF,2007190825001 Coarse,2007190825,4710.0,0.003,False,False
Ti,MMI-ME,XRF,2007190826001 Coarse,2007190826,1247.0,0.003,False,False
Ti,MMI-ME,XRF,2007190827001 Coarse,2007190827,1708.0,0.003,False,False
Ti,MMI-ME,XRF,2007190830001 Coarse,2007190830,3997.0,0.003,False,False
Ti,MMI-ME,XRF,2007190832001 Coarse,2007190832,1109.0,0.003,False,False
Tl,AR,MMI-ME,2007190071001 Coarse,2007190071,0.0008,0.02,True,False
Tl,AR,MMI-ME,2007190152001 Coarse,2007190152,0.0006,0.02,True,False
Tl,AR,MMI-ME,2007190289001 Coarse,2007190289,0.0006,0.02,True,False
Tl,AR,MMI-ME,2007190357001 Coarse,2007190357,0.0005,0.02,True,False
Tl,AR,MMI-ME,2007190557001 Coarse,2007190557,0.0009,0.02,True,False
Tl,AR,MMI-ME,2007190576001 Coarse,2007190576,0.0005,0.02,True,False
Tl,AR,MMI-ME,2007190655001 Coarse,2007190655,0.0007,0.02,True,False
Tl,AR,MMI-ME,2007190823001 Coarse,2007190823,0.0005,0.02,True,False
Tl,AR,MMI-ME,2007190856001 Coarse,2007190856,0.0007,0.02,True,False
Tl,AR,MMI-ME,2007190889001 Coarse,2007190889,0.0007,0.02,True,False
Tl,AR,MMI-ME,2007190890001 Coarse,2007190890,0.0005,0.02,True,False
Tl,AR,MMI-ME,2007191159001 Coarse,2007191159,0.0005,0.02,True,False
Tl,AR,MMI-ME,2007191194001 Coarse,2007191194,0.0006,0.02,True,False
Tl,AR,MMI-ME,2007191218001 Coarse,2007191218,0.0006,0.02,True,False
Tl,AR,MMI-ME,2007191248001 Coarse,2007191248,0.0009,0.02,True,False
Tl,AR,MMI-ME,2007191319001 Coarse,2007191319,0.0007,0.02,True,False
Tl,AR,MMI-ME,2007191524001 Coarse,2007191524,0.0006,0.02,True,False
Tl,AR,MMI-ME,2007191541001 Coarse,2007191541,0.0005,0.02,True,False
Tl,AR,MMI-ME,2007191566001 Coarse,2007191566,0.0006,0.02,True,False
Tl,MMI-ME,AR,2007190003001 Coarse,2007190003,0.14,0.0005,False,False
Tl,MMI-ME,AR,2007190004001 Coarse,2007190004,0.15,0.0005,False,False
Tl,MMI-ME,AR,2007190005001 Coarse,2007190005,0.05,0.0005,False,False
Tl,MMI-ME,AR,2007190007001 Coarse,2007190007,0.11,0.0005,False,False
Tl,MMI-ME,AR,2007190009001 Coarse,2007190009,0.09,0.0005,False,False
Tl,MMI-ME,AR,2007190010001 Coarse,2007190010,0.03,0.0005,False,False
Tl,MMI-ME,AR,2007190012001 Coarse,2007190012,0.12,0.0005,False,False
Tl,MMI-ME,AR,2007190013001 Coarse,2007190013,0.19,0.0005,False,False
Tl,MMI-ME,AR,2007190014001 Coarse,2007190014,0.16,0.0005,False,False
Tl,MMI-ME,AR,2007190015001 Coarse,2007190015,0.16,0.0005,False,False
Tl,MMI-ME,AR,2007190017001 Coarse,2007190017,0.03,0.0005,False,False
Tl,MMI-ME,AR,2007190019001 Coarse,2007190019,0.07,0.0005,False,False
Tl,MMI-ME,AR,2007190022001 Coarse,2007190022,0.25,0.0005,False,False
Tl,MMI-ME,AR,2007190023001 Coarse,2007190023,0.16,0.0005,False,False
Tl,MMI-ME,AR,2007190025001 Coarse,2007190025,0.07,0.0005,False,False
Tl,MMI-ME,AR,2007190028001 Coarse,2007190028,0.14,0.0005,False,False
Tl,MMI-ME,AR,2007190029001 Coarse,2007190029,0.21,0.0005,False,False
Tl,MMI-ME,AR,2007190031001 Coarse,2007190031,0.11,0.0005,False,False
Tl,MMI-ME,AR,2007190032001 Coarse,2007190032,0.08,0.0005,False,False
Tl,MMI-ME,AR,2007190033001 Coarse,2007190033,0.02,0.0005,False,False
U,AR,ICP-MS,2007190024001 Coarse,2007190024,0.76,0.1,False,False
U,AR,ICP-MS,2007190058001 Coarse,2007190058,0.81,0.1,False,False
U,AR,ICP-MS,2007190090001 Coarse,2007190090,0.14,0.1,False,False
U,AR,ICP-MS,2007190148001 Coarse,2007190148,0.59,0.1,False,False
U,AR,ICP-MS,2007190163001 Coarse,2007190163,0.35,0.1,False,False
U,AR,ICP-MS,2007190165001 Coarse,2007190165,0.47,0.1,False,False
U,AR,ICP-MS,2007190175001 Coarse,2007190175,0.5,0.1,False,False
U,AR,ICP-MS,2007190187001 Coarse,2007190187,0.22,0.1,False,False
U,AR,ICP-MS,2007190257001 Coarse,2007190257,0.76,0.1,False,False
U,AR,ICP-MS,2007190311001 Coarse,2007190311,0.42,0.1,False,False
U,AR,ICP-MS,2007190350001 Coarse,2007190350,0.49,0.1,False,False
U,AR,ICP-MS,2007190427001 Coarse,2007190427,0.48,0.1,False,False
U,AR,ICP-MS,2007190451001 Coarse,2007190451,1.06,0.1,False,False
U,AR,ICP-MS,2007190459001 Coarse,2007190459,0.47,0.1,False,False
U,AR,ICP-MS,2007190467001 Coarse,2007190467,0.42,0.1,False,False
U,AR,ICP-MS,2007190501001 Coarse,2007190501,0.59,0.1,False,False
U,AR,ICP-MS,2007190510001 Coarse,2007190510,0.58,0.1,False,False
U,AR,ICP-MS,2007190514001 Coarse,2007190514,0.8,0.1,False,False
U,AR,ICP-MS,2007190524001 Coarse,2007190524,0.36,0.1,False,False
U,AR,ICP-MS,2007190549001 Coarse,2007190549,0.47,0.1,False,False
U,AR,MMI-ME,2007190024001 Coarse,2007190024,0.005,0.1,True,False
U,AR,MMI-ME,2007190058001 Coarse,2007190058,0.003,0.1,True,False
U,AR,MMI-ME,2007190090001 Coarse,2007190090,0.011,0.1,True,False
U,AR,MMI-ME,2007190148001 Coarse,2007190148,0.018,0.1,True,False
U,AR,MMI-ME,2007190163001 Coarse,2007190163,0.032,0.1,True,False
U,AR,MMI-ME,2007190165001 Coarse,2007190165,0.009,0.1,True,False
U,AR,MMI-ME,2007190175001 Coarse,2007190175,0.003,0.1,True,False
U,AR,MMI-ME,2007190187001 Coarse,2007190187,0.015,0.1,True,False
U,AR,MMI-ME,2007190257001 Coarse,2007190257,0.007,0.1,True,False
U,AR,MMI-ME,2007190311001 Coarse,2007190311,0.008,0.1,True,False
U,AR,MMI-ME,2007190350001 Coarse,2007190350,0.02,0.1,True,False
U,AR,MMI-ME,2007190427001 Coarse,2007190427,0.026,0.1,True,False
U,AR,MMI-ME,2007190451001 Coarse,2007190451,0.023,0.1,True,False
U,AR,MMI-ME,2007190459001 Coarse,2007190459,0.011,0.1,True,False
U,AR,MMI-ME,2007190467001 Coarse,2007190467,0.005,0.1,True,False
U,AR,MMI-ME,2007190501001 Coarse,2007190501,0.002,0.1,True,False
U,AR,MMI-ME,2007190510001 Coarse,2007190510,0.007,0.1,True,False
U,AR,MMI-ME,2007190514001 Coarse,2007190514,0.021,0.1,True,False
U,AR,MMI-ME,2007190524001 Coarse,2007190524,0.013,0.1,True,False
U,AR,MMI-ME,2007190549001 Coarse,2007190549,0.015,0.1,True,False
U,MMI-ME,AR,2007191094001 Coarse,2007191094,0.2,0.001,False,False
U,MMI-ME,ICP-MS,2007191094001 Coarse,2007191094,1.04,0.001,False,False
V,AR,ICP-MS,2007190058001 Coarse,2007190058,6.4,1.0,False,False
V,AR,ICP-MS,2007190451001 Coarse,2007190451,75.7,1.0,False,False
V,AR,ICP-MS,2007190514001 Coarse,2007190514,1.8,1.0,False,False
V,AR,ICP-MS,2007190792001 Coarse,2007190792,5.7,1.0,False,False
V,AR,ICP-MS,2007190871001 Coarse,2007190871,5.7,1.0,False,False
V,AR,ICP-MS,2007190877001 Coarse,2007190877,2.2,1.0,False,False
V,ICP-MS,AR,2007190101001 Coarse,2007190101,3.0,0.1,False,False
V,AR,MMI-ME,2007190058001 Coarse,2007190058,0.449,1.0,True,False
V,AR,MMI-ME,2007190451001 Coarse,2007190451,0.133,1.0,True,False
V,AR,MMI-ME,2007190514001 Coarse,2007190514,0.027,1.0,True,False
V,AR,MMI-ME,2007190792001 Coarse,2007190792,0.009,1.0,True,False
V,AR,MMI-ME,2007190871001 Coarse,2007190871,0.032,1.0,True,False
V,AR,MMI-ME,2007190877001 Coarse,2007190877,0.009,1.0,True,False
V,ICP-MS,MMI-ME,2007190101001 Coarse,2007190101,0.031,0.1,True,False
W,AR,ICP-MS,2007190001001 Coarse,2007190001,1.9,0.1,False,False
W,AR,ICP-MS,2007190002001 Coarse,2007190002,1.8,0.1,False,False
W,AR,ICP-MS,2007190003001 Coarse,2007190003,1.1,0.1,False,False
W,AR,ICP-MS,2007190004001 Coarse,2007190004,1.7,0.1,False,False
W,AR,ICP-MS,2007190005001 Coarse,2007190005,0.9,0.1,False,False
W,AR,ICP-MS,2007190007001 Coarse,2007190007,1.3,0.1,False,False
W,AR,ICP-MS,2007190009001 Coarse,2007190009,1.4,0.1,False,False
W,AR,ICP-MS,2007190010001 Coarse,2007190010,0.7,0.1,False,False
W,AR,ICP-MS,2007190011001 Coarse,2007190011,1.1,0.1,False,False
W,AR,ICP-MS,2007190012001 Coarse,2007190012,1.1,0.1,False,False
W,AR,ICP-MS,2007190013001 Coarse,2007190013,1.4,0.1,False,False
W,AR,ICP-MS,2007190014001 Coarse,2007190014,2.1,0.1,False,False
W,AR,ICP-MS,2007190015001 Coarse,2007190015,1.6,0.1,False,False
W,AR,ICP-MS,2007190016001 Coarse,2007190016,0.6,0.1,False,False
W,AR,ICP-MS,2007190017001 Coarse,2007190017,0.5,0.1,False,False
W,AR,ICP-MS,2007190018001 Coarse,2007190018,0.6,0.1,False,False
W,AR,ICP-MS,2007190021001 Coarse,2007190021,0.8,0.1,False,False
W,AR,ICP-MS,2007190022001 Coarse,2007190022,1.9,0.1,False,False
W,AR,ICP-MS,2007190023001 Coarse,2007190023,1.0,0.1,False,False
W,AR,ICP-MS,2007190024001 Coarse,2007190024,0.3,0.1,False,False
W,ICP-MS,AR,2007190761001 Coarse,2007190761,0.1,0.1,False,False
W,ICP-MS,AR,2007191036001 Coarse,2007191036,0.5,0.1,False,False
W,AR,MMI-ME,2007190002001 Coarse,2007190002,0.002,0.1,True,False
W,AR,MMI-ME,2007190025001 Coarse,2007190025,0.001,0.1,True,False
W,AR,MMI-ME,2007190035001 Coarse,2007190035,0.001,0.1,True,False
W,AR,MMI-ME,2007190056001 Coarse,2007190056,0.001,0.1,True,False
W,AR,MMI-ME,2007190066001 Coarse,2007190066,0.001,0.1,True,False
W,AR,MMI-ME,2007190087001 Coarse,2007190087,0.001,0.1,True,False
W,AR,MMI-ME,2007190113001 Coarse,2007190113,0.001,0.1,True,False
W,AR,MMI-ME,2007190138001 Coarse,2007190138,0.002,0.1,True,False
W,AR,MMI-ME,2007190189001 Coarse,2007190189,0.002,0.1,True,False
W,AR,MMI-ME,2007190193001 Coarse,2007190193,0.002,0.1,True,False
W,AR,MMI-ME,2007190213001 Coarse,2007190213,0.001,0.1,True,False
W,AR,MMI-ME,2007190226001 Coarse,2007190226,0.001,0.1,True,False
W,AR,MMI-ME,2007190235001 Coarse,2007190235,0.002,0.1,True,False
W,AR,MMI-ME,2007190242001 Coarse,2007190242,0.002,0.1,True,False
W,AR,MMI-ME,2007190259001 Coarse,2007190259,0.002,0.1,True,False
W,AR,MMI-ME,2007190263001 Coarse,2007190263,0.001,0.1,True,False
W,AR,MMI-ME,2007190279001 Coarse,2007190279,0.001,0.1,True,False
W,AR,MMI-ME,2007190286001 Coarse,2007190286,0.001,0.1,True,False
W,AR,MMI-ME,2007190321001 Coarse,2007190321,0.001,0.1,True,False
W,AR,MMI-ME,2007190333001 Coarse,2007190333,0.001,0.1,True,False
W,MMI-ME,AR,2007190050001 Coarse,2007190050,0.1,0.001,False,False
W,MMI-ME,AR,2007190076001 Coarse,2007190076,0.1,0.001,False,False
W,MMI-ME,AR,2007190178001 Coarse,2007190178,0.1,0.001,False,False
W,MMI-ME,AR,2007190182001 Coarse,2007190182,0.2,0.001,False,False
W,MMI-ME,AR,2007190203001 Coarse,2007190203,0.1,0.001,False,False
W,MMI-ME,AR,2007190231001 Coarse,2007190231,0.1,0.001,False,False
W,MMI-ME,AR,2007190318001 Coarse,2007190318,0.1,0.001,False,False
W,MMI-ME,AR,2007190386001 Coarse,2007190386,0.3,0.001,False,False
W,MMI-ME,AR,2007190411001 Coarse,2007190411,0.2,0.001,False,False
W,MMI-ME,AR,2007190456001 Coarse,2007190456,0.1,0.001,False,False
W,MMI-ME,AR,2007190664001 Coarse,2007190664,0.2,0.001,False,False
W,MMI-ME,AR,2007190717001 Coarse,2007190717,0.7,0.001,False,False
W,MMI-ME,AR,2007190761001 Coarse,2007190761,0.1,0.001,False,False
W,MMI-ME,AR,2007190763001 Coarse,2007190763,0.1,0.001,False,False
W,MMI-ME,AR,2007190770001 Coarse,2007190770,0.1,0.001,False,False
W,MMI-ME,AR,2007190789001 Coarse,2007190789,0.2,0.001,False,False
W,MMI-ME,AR,2007190802001 Coarse,2007190802,0.1,0.001,False,False
W,MMI-ME,AR,2007190857001 Coarse,2007190857,0.1,0.001,False,False
W,MMI-ME,AR,2007190859001 Coarse,2007190859,0.1,0.001,False,False
W,MMI-ME,AR,2007190918001 Coarse,2007190918,0.2,0.001,False,False
W,ICP-MS,MMI-ME,2007190235001 Coarse,2007190235,0.002,0.1,True,False
W,ICP-MS,MMI-ME,2007190242001 Coarse,2007190242,0.002,0.1,True,False
W,ICP-MS,MMI-ME,2007190621001 Coarse,2007190621,0.001,0.1,True,False
W,ICP-MS,MMI-ME,2007190654001 Coarse,2007190654,0.001,0.1,True,False
W,ICP-MS,MMI-ME,2007191032001 Coarse,2007191032,0.001,0.1,True,False
W,MMI-ME,ICP-MS,2007190001001 Coarse,2007190001,1.9,0.001,False,False
W,MMI-ME,ICP-MS,2007190003001 Coarse,2007190003,1.1,0.001,False,False
W,MMI-ME,ICP-MS,2007190004001 Coarse,2007190004,1.7,0.001,False,False
W,MMI-ME,ICP-MS,2007190005001 Coarse,2007190005,0.9,0.001,False,False
W,MMI-ME,ICP-MS,2007190007001 Coarse,2007190007,1.3,0.001,False,False
W,MMI-ME,ICP-MS,2007190009001 Coarse,2007190009,1.4,0.001,False,False
W,MMI-ME,ICP-MS,2007190010001 Coarse,2007190010,0.7,0.001,False,False
W,MMI-ME,ICP-MS,2007190011001 Coarse,2007190011,1.1,0.001,False,False
W,MMI-ME,ICP-MS,2007190012001 Coarse,2007190012,1.1,0.001,False,False
W,MMI-ME,ICP-MS,2007190013001 Coarse,2007190013,1.4,0.001,False,False
W,MMI-ME,ICP-MS,2007190014001 Coarse,2007190014,2.1,0.001,False,False
W,MMI-ME,ICP-MS,2007190015001 Coarse,2007190015,1.6,0.001,False,False
W,MMI-ME,ICP-MS,2007190016001 Coarse,2007190016,0.6,0.001,False,False
W,MMI-ME,ICP-MS,2007190017001 Coarse,2007190017,0.5,0.001,False,False
W,MMI-ME,ICP-MS,2007190018001 Coarse,2007190018,0.6,0.001,False,False
W,MMI-ME,ICP-MS,2007190021001 Coarse,2007190021,0.8,0.001,False,False
W,MMI-ME,ICP-MS,2007190022001 Coarse,2007190022,1.9,0.001,False,False
W,MMI-ME,ICP-MS,2007190023001 Coarse,2007190023,1.0,0.001,False,False
W,MMI-ME,ICP-MS,2007190024001 Coarse,2007190024,0.3,0.001,False,False
W,MMI-ME,ICP-MS,2007190028001 Coarse,2007190028,0.6,0.001,False,False
Y,MMI-ME,AR,2007190166001 Coarse,2007190166,0.82,0.005,False,False
Y,MMI-ME,AR,2007190184001 Coarse,2007190184,4.03,0.005,False,False
Y,MMI-ME,AR,2007190188001 Coarse,2007190188,5.77,0.005,False,False
Y,MMI-ME,AR,2007190251001 Coarse,2007190251,15.0,0.005,False,False
Y,MMI-ME,AR,2007190266001 Coarse,2007190266,7.52,0.005,False,False
Y,MMI-ME,AR,2007190272001 Coarse,2007190272,8.01,0.005,False,False
Y,MMI-ME,AR,2007190363001 Coarse,2007190363,3.89,0.005,False,False
Y,MMI-ME,AR,2007190442001 Coarse,2007190442,5.61,0.005,False,False
Y,MMI-ME,AR,2007190535001 Coarse,2007190535,3.37,0.005,False,False
Y,MMI-ME,AR,2007190621001 Coarse,2007190621,5.48,0.005,False,False
Y,MMI-ME,AR,2007190643001 Coarse,2007190643,7.3,0.005,False,False
Y,MMI-ME,AR,2007190666001 Coarse,2007190666,0.92,0.005,False,False
Y,MMI-ME,AR,2007190673001 Coarse,2007190673,2.6,0.005,False,False
Y,MMI-ME,AR,2007190744001 Coarse,2007190744,0.91,0.005,False,False
Y,MMI-ME,AR,2007190882001 Coarse,2007190882,4.12,0.005,False,False
Y,MMI-ME,AR,2007191165001 Coarse,2007191165,8.07,0.005,False,False
Y,MMI-ME,AR,2007191172001 Coarse,2007191172,4.69,0.005,False,False
Y,MMI-ME,AR,2007191248001 Coarse,2007191248,0.27,0.005,False,False
Y,MMI-ME,AR,2007191252001 Coarse,2007191252,4.05,0.005,False,False
Y,MMI-ME,AR,2007191293001 Coarse,2007191293,11.6,0.005,False,False
Y,MMI-ME,ICP-MS,2007190166001 Coarse,2007190166,15.0,0.005,False,False
Y,MMI-ME,ICP-MS,2007190184001 Coarse,2007190184,10.0,0.005,False,False
Y,MMI-ME,ICP-MS,2007190188001 Coarse,2007190188,11.1,0.005,False,False
Y,MMI-ME,ICP-MS,2007190251001 Coarse,2007190251,41.7,0.005,False,False
Y,MMI-ME,ICP-MS,2007190266001 Coarse,2007190266,14.2,0.005,False,False
Y,MMI-ME,ICP-MS,2007190272001 Coarse,2007190272,25.4,0.005,False,False
Y,MMI-ME,ICP-MS,2007190363001 Coarse,2007190363,6.0,0.005,False,False
Y,MMI-ME,ICP-MS,2007190442001 Coarse,2007190442,12.2,0.005,False,False
Y,MMI-ME,ICP-MS,2007190535001 Coarse,2007190535,10.2,0.005,False,False
Y,MMI-ME,ICP-MS,2007190621001 Coarse,2007190621,11.6,0.005,False,False
Y,MMI-ME,ICP-MS,2007190643001 Coarse,2007190643,14.1,0.005,False,False
Y,MMI-ME,ICP-MS,2007190666001 Coarse,2007190666,2.6,0.005,False,False
Y,MMI-ME,ICP-MS,2007190673001 Coarse,2007190673,4.1,0.005,False,False
Y,MMI-ME,ICP-MS,2007190744001 Coarse,2007190744,1.5,0.005,False,False
Y,MMI-ME,ICP-MS,2007190882001 Coarse,2007190882,32.7,0.005,False,False
Y,MMI-ME,ICP-MS,2007191165001 Coarse,2007191165,16.7,0.005,False,False
Y,MMI-ME,ICP-MS,2007191172001 Coarse,2007191172,11.6,0.005,False,False
Y,MMI-ME,ICP-MS,2007191248001 Coarse,2007191248,0.7,0.005,False,False
Y,MMI-ME,ICP-MS,2007191252001 Coarse,2007191252,9.7,0.005,False,False
Y,MMI-ME,ICP-MS,2007191293001 Coarse,2007191293,23.7,0.005,False,False
Zn,AR,ICP-MS,2007190064001 Coarse,2007190064,9.4,0.1,False,False
Zn,AR,ICP-MS,2007190069001 Coarse,2007190069,2.8,0.1,False,False
Zn,AR,ICP-MS,2007190073001 Coarse,2007190073,5.6,0.1,False,False
Zn,AR,ICP-MS,2007190137001 Coarse,2007190137,5.3,0.1,False,False
Zn,AR,ICP-MS,2007190152001 Coarse,2007190152,37.2,0.1,False,False
Zn,AR,ICP-MS,2007190154001 Coarse,2007190154,5.3,0.1,False,False
Zn,AR,ICP-MS,2007190197001 Coarse,2007190197,3.1,0.1,False,False
Zn,AR,ICP-MS,2007190204001 Coarse,2007190204,6.8,0.1,False,False
Zn,AR,ICP-MS,2007190207001 Coarse,2007190207,5.8,0.1,False,False
Zn,AR,ICP-MS,2007190212001 Coarse,2007190212,6.7,0.1,False,False
Zn,AR,ICP-MS,2007190229001 Coarse,2007190229,7.4,0.1,False,False
Zn,AR,ICP-MS,2007190239001 Coarse,2007190239,4.7,0.1,False,False
Zn,AR,ICP-MS,2007190245001 Coarse,2007190245,6.7,0.1,False,False
Zn,AR,ICP-MS,2007190248001 Coarse,2007190248,8.7,0.1,False,False
Zn,AR,ICP-MS,2007190252001 Coarse,2007190252,7.5,0.1,False,False
Zn,AR,ICP-MS,2007190275001 Coarse,2007190275,8.4,0.1,False,False
Zn,AR,ICP-MS,2007190302001 Coarse,2007190302,3.4,0.1,False,False
Zn,AR,ICP-MS,2007190310001 Coarse,2007190310,3.8,0.1,False,False
Zn,AR,ICP-MS,2007190323001 Coarse,2007190323,3.5,0.1,False,False
Zn,AR,ICP-MS,2007190328001 Coarse,2007190328,2.1,0.1,False,False
Zn,ICP-MS,AR,2007190101001 Coarse,2007190101,3.9,0.9,False,False
Zn,ICP-MS,AR,2007190345001 Coarse,2007190345,18.3,0.9,False,False
Zn,ICP-MS,AR,2007190387001 Coarse,2007190387,24.3,0.9,False,False
Zn,ICP-MS,AR,2007190554001 Coarse,2007190554,18.5,0.9,False,False
Zn,ICP-MS,AR,2007190592001 Coarse,2007190592,21.0,0.9,False,False
Zn,ICP-MS,AR,2007190752001 Coarse,2007190752,15.5,0.9,False,False
Zn,ICP-MS,AR,2007190761001 Coarse,2007190761,19.4,0.9,False,False
Zn,ICP-MS,AR,2007190798001 Coarse,2007190798,24.6,0.9,False,False
Zn,ICP-MS,AR,2007190871001 Coarse,2007190871,1.0,0.9,False,False
Zn,ICP-MS,AR,2007190877001 Coarse,2007190877,3.6,0.9,False,False
Zn,ICP-MS,AR,2007190905001 Coarse,2007190905,19.1,0.9,False,False
Zn,ICP-MS,AR,2007191042001 Coarse,2007191042,19.8,0.9,False,False
Zn,ICP-MS,AR,2007191046001 Coarse,2007191046,18.2,0.9,False,False
Zn,ICP-MS,AR,2007191076001 Coarse,2007191076,1.3,0.9,False,False
Zn,ICP-MS,AR,2007191134001 Coarse,2007191134,11.5,0.9,False,False
Zn,ICP-MS,AR,2007191194001 Coarse,2007191194,17.9,0.9,False,False
Zn,ICP-MS,AR,2007191199001 Coarse,2007191199,33.6,0.9,False,False
Zn,ICP-MS,AR,2007191229001 Coarse,2007191229,10.8,0.9,False,False
Zn,ICP-MS,AR,2007191258001 Coarse,2007191258,10.7,0.9,False,False
Zn,ICP-MS,AR,2007191259001 Coarse,2007191259,6.5,0.9,False,False
Zn,AR,MMI-ME,2007190064001 Coarse,2007190064,0.59,0.1,False,False
Zn,AR,MMI-ME,2007190069001 Coarse,2007190069,0.13,0.1,False,False
Zn,AR,MMI-ME,2007190073001 Coarse,2007190073,0.05,0.1,True,False
Zn,AR,MMI-ME,2007190137001 Coarse,2007190137,0.05,0.1,True,False
Zn,AR,MMI-ME,2007190152001 Coarse,2007190152,0.09,0.1,True,False
Zn,AR,MMI-ME,2007190154001 Coarse,2007190154,0.07,0.1,True,False
Zn,AR,MMI-ME,2007190197001 Coarse,2007190197,0.03,0.1,True,False
Zn,AR,MMI-ME,2007190204001 Coarse,2007190204,0.08,0.1,True,False
Zn,AR,MMI-ME,2007190207001 Coarse,2007190207,0.14,0.1,False,False
Zn,AR,MMI-ME,2007190212001 Coarse,2007190212,0.19,0.1,False,False
Zn,AR,MMI-ME,2007190229001 Coarse,2007190229,0.22,0.1,False,False
Zn,AR,MMI-ME,2007190239001 Coarse,2007190239,0.28,0.1,False,False
Zn,AR,MMI-ME,2007190245001 Coarse,2007190245,0.05,0.1,True,False
Zn,AR,MMI-ME,2007190248001 Coarse,2007190248,0.1,0.1,False,False
Zn,AR,MMI-ME,2007190252001 Coarse,2007190252,0.12,0.1,False,False
Zn,AR,MMI-ME,2007190275001 Coarse,2007190275,0.37,0.1,False,False
Zn,AR,MMI-ME,2007190302001 Coarse,2007190302,0.04,0.1,True,False
Zn,AR,MMI-ME,2007190310001 Coarse,2007190310,0.08,0.1,True,False
Zn,AR,MMI-ME,2007190323001 Coarse,2007190323,0.05,0.1,True,False
Zn,AR,MMI-ME,2007190328001 Coarse,2007190328,0.03,0.1,True,False
Zn,MMI-ME,AR,2007190455001 Coarse,2007190455,36.1,0.02,False,False
Zn,MMI-ME,AR,2007190459001 Coarse,2007190459,19.3,0.02,False,False
Zn,MMI-ME,AR,2007190468001 Coarse,2007190468,23.8,0.02,False,False
Zn,MMI-ME,AR,2007190497001 Coarse,2007190497,26.8,0.02,False,False
Zn,MMI-ME,AR,2007190513001 Coarse,2007190513,19.7,0.02,False,False
Zn,MMI-ME,AR,2007190529001 Coarse,2007190529,6.2,0.02,False,False
Zn,MMI-ME,AR,2007190568001 Coarse,2007190568,4.2,0.02,False,False
Zn,MMI-ME,AR,2007190586001 Coarse,2007190586,23.9,0.02,False,False
Zn,MMI-ME,AR,2007190628001 Coarse,2007190628,2.1,0.02,False,False
Zn,MMI-ME,AR,2007190629001 Coarse,2007190629,30.5,0.02,False,False
Zn,MMI-ME,AR,2007190634001 Coarse,2007190634,4.6,0.02,False,False
Zn,MMI-ME,AR,2007190637001 Coarse,2007190637,23.9,0.02,False,False
Zn,MMI-ME,AR,2007190693001 Coarse,2007190693,26.3,0.02,False,False
Zn,MMI-ME,AR,2007190712001 Coarse,2007190712,22.0,0.02,False,False
Zn,MMI-ME,AR,2007190713001 Coarse,2007190713,5.0,0.02,False,False
Zn,MMI-ME,AR,2007190739001 Coarse,2007190739,40.6,0.02,False,False
Zn,MMI-ME,AR,2007191252001 Coarse,2007191252,15.8,0.02,False,False
Zn,MMI-ME,AR,2007191501001 Coarse,2007191501,11.4,0.02,False,False
Zn,MMI-ME,AR,2007191576001 Coarse,2007191576,18.6,0.02,False,False
Zn,ICP-MS,MMI-ME,2007190101001 Coarse,2007190101,0.09,0.9,True,False
Zn,ICP-MS,MMI-ME,2007190345001 Coarse,2007190345,0.08,0.9,True,False
Zn,ICP-MS,MMI-ME,2007190350001 Coarse,2007190350,0.23,0.9,True,False
Zn,ICP-MS,MMI-ME,2007190387001 Coarse,2007190387,0.11,0.9,True,False
Zn,ICP-MS,MMI-ME,2007190554001 Coarse,2007190554,0.04,0.9,True,False
Zn,ICP-MS,MMI-ME,2007190592001 Coarse,2007190592,0.04,0.9,True,False
Zn,ICP-MS,MMI-ME,2007190752001 Coarse,2007190752,0.11,0.9,True,False
Zn,ICP-MS,MMI-ME,2007190761001 Coarse,2007190761,0.08,0.9,True,False
Zn,ICP-MS,MMI-ME,2007190798001 Coarse,2007190798,0.08,0.9,True,False
Zn,ICP-MS,MMI-ME,2007190871001 Coarse,2007190871,0.13,0.9,True,False
Zn,ICP-MS,MMI-ME,2007190877001 Coarse,2007190877,0.27,0.9,True,False
Zn,ICP-MS,MMI-ME,2007190905001 Coarse,2007190905,0.07,0.9,True,False
Zn,ICP-MS,MMI-ME,2007190942001 Coarse,2007190942,0.11,0.9,True,False
Zn,ICP-MS,MMI-ME,2007191042001 Coarse,2007191042,0.05,0.9,True,False
Zn,ICP-MS,MMI-ME,2007191046001 Coarse,2007191046,0.04,0.9,True,False
Zn,ICP-MS,MMI-ME,2007191076001 Coarse,2007191076,0.05,0.9,True,False
Zn,ICP-MS,MMI-ME,2007191134001 Coarse,2007191134,0.08,0.9,True,False
Zn,ICP-MS,MMI-ME,2007191194001 Coarse,2007191194,1.71,0.9,False,False
Zn,ICP-MS,MMI-ME,2007191199001 Coarse,2007191199,0.06,0.9,True,False
Zn,ICP-MS,MMI-ME,2007191229001 Coarse,2007191229,0.07,0.9,True,False
Zn,MMI-ME,ICP-MS,2007190455001 Coarse,2007190455,33.7,0.02,False,False
Zn,MMI-ME,ICP-MS,2007190459001 Coarse,2007190459,31.8,0.02,False,False
Zn,MMI-ME,ICP-MS,2007190468001 Coarse,2007190468,20.1,0.02,False,False
Zn,MMI-ME,ICP-MS,2007190497001 Coarse,2007190497,12.9,0.02,False,False
Zn,MMI-ME,ICP-MS,2007190513001 Coarse,2007190513,34.0,0.02,False,False
Zn,MMI-ME,ICP-MS,2007190514001 Coarse,2007190514,1.6,0.02,False,False
Zn,MMI-ME,ICP-MS,2007190529001 Coarse,2007190529,4.1,0.02,False,False
Zn,MMI-ME,ICP-MS,2007190568001 Coarse,2007190568,5.5,0.02,False,False
Zn,MMI-ME,ICP-MS,2007190586001 Coarse,2007190586,12.3,0.02,False,False
Zn,MMI-ME,ICP-MS,2007190628001 Coarse,2007190628,5.3,0.02,False,False
Zn,MMI-ME,ICP-MS,2007190629001 Coarse,2007190629,54.2,0.02,False,False
Zn,MMI-ME,ICP-MS,2007190634001 Coarse,2007190634,11.9,0.02,False,False
Zn,MMI-ME,ICP-MS,2007190637001 Coarse,2007190637,11.3,0.02,False,False
Zn,MMI-ME,ICP-MS,2007190659001 Coarse,2007190659,5.8,0.02,False,False
Zn,MMI-ME,ICP-MS,2007190693001 Coarse,2007190693,22.4,0.02,False,False
Zn,MMI-ME,ICP-MS,2007190712001 Coarse,2007190712,15.0,0.02,False,False
Zn,MMI-ME,ICP-MS,2007190713001 Coarse,2007190713,3.4,0.02,False,False
Zn,MMI-ME,ICP-MS,2007190739001 Coarse,2007190739,10.0,0.02,False,False
Zn,MMI-ME,ICP-MS,2007191252001 Coarse,2007191252,8.2,0.02,False,False
Zn,MMI-ME,ICP-MS,2007191501001 Coarse,2007191501,4.1,0.02,False,False
Zr,AR,ICP-MS,2007190163001 Coarse,2007190163,116.8,0.1,False,False
Zr,AR,ICP-MS,2007190311001 Coarse,2007190311,340.9,0.1,False,False
Zr,AR,ICP-MS,2007190514001 Coarse,2007190514,558.7,0.1,False,False
Zr,AR,ICP-MS,2007190792001 Coarse,2007190792,779.4,0.1,False,False
Zr,AR,ICP-MS,2007191194001 Coarse,2007191194,807.8,0.1,False,False
Zr,AR,ICP-MS,2007191259001 Coarse,2007191259,638.3,0.1,False,False
Zr,AR,ICP-MS,2007191330001 Coarse,2007191330,137.5,0.1,False,False
Zr,AR,ICP-MS,2007191397001 Coarse,2007191397,340.2,0.1,False,False
Zr,AR,MMI-ME,2007190163001 Coarse,2007190163,0.011,0.1,True,False
Zr,AR,MMI-ME,2007190311001 Coarse,2007190311,0.01,0.1,True,False
Zr,AR,MMI-ME,2007190514001 Coarse,2007190514,0.048,0.1,True,False
Zr,AR,MMI-ME,2007190792001 Coarse,2007190792,0.054,0.1,True,False
Zr,AR,MMI-ME,2007191194001 Coarse,2007191194,0.111,0.1,False,False
Zr,AR,MMI-ME,2007191259001 Coarse,2007191259,0.015,0.1,True,False
Zr,AR,MMI-ME,2007191330001 Coarse,2007191330,0.091,0.1,True,False
Zr,AR,MMI-ME,2007191397001 Coarse,2007191397,0.13,0.1,False,False
Zr,MMI-ME,AR,2007190007001 Coarse,2007190007,10.2,0.005,False,False
Zr,MMI-ME,AR,2007190010001 Coarse,2007190010,9.2,0.005,False,False
Zr,MMI-ME,AR,2007190012001 Coarse,2007190012,6.4,0.005,False,False
Zr,MMI-ME,AR,2007190013001 Coarse,2007190013,5.5,0.005,False,False
Zr,MMI-ME,AR,2007190016001 Coarse,2007190016,10.7,0.005,False,False
Zr,MMI-ME,AR,2007190028001 Coarse,2007190028,2.3,0.005,False,False
Zr,MMI-ME,AR,2007190029001 Coarse,2007190029,6.7,0.005,False,False
Zr,MMI-ME,AR,2007190033001 Coarse,2007190033,2.4,0.005,False,False
Zr,MMI-ME,AR,2007190034001 Coarse,2007190034,42.3,0.005,False,False
Zr,MMI-ME,AR,2007190043001 Coarse,2007190043,1.2,0.005,False,False
Zr,MMI-ME,AR,2007190048001 Coarse,2007190048,19.0,0.005,False,False
Zr,MMI-ME,AR,2007190054001 Coarse,2007190054,13.3,0.005,False,False
Zr,MMI-ME,AR,2007190057001 Coarse,2007190057,15.7,0.005,False,False
Zr,MMI-ME,AR,2007190075001 Coarse,2007190075,10.4,0.005,False,False
Zr,MMI-ME,AR,2007190082001 Coarse,2007190082,5.7,0.005,False,False
Zr,MMI-ME,AR,2007190095001 Coarse,2007190095,3.7,0.005,False,False
Zr,MMI-ME,AR,2007190101001 Coarse,2007190101,0.4,0.005,False,False
Zr,MMI-ME,AR,2007190104001 Coarse,2007190104,1.2,0.005,False,False
Zr,MMI-ME,AR,2007190115001 Coarse,2007190115,6.1,0.005,False,False
Zr,MMI-ME,AR,2007190119001 Coarse,2007190119,3.8,0.005,False,False
Zr,MMI-ME,ICP-MS,2007190007001 Coarse,2007190007,253.3,0.005,False,False
Zr,MMI-ME,ICP-MS,2007190010001 Coarse,2007190010,340.8,0.005,False,False
Zr,MMI-ME,ICP-MS,2007190012001 Coarse,2007190012,287.5,0.005,False,False
Zr,MMI-ME,ICP-MS,2007190013001 Coarse,2007190013,267.5,0.005,False,False
Zr,MMI-ME,ICP-MS,2007190016001 Coarse,2007190016,160.3,0.005,False,False
Zr,MMI-ME,ICP-MS,2007190028001 Coarse,2007190028,120.4,0.005,False,False
Zr,MMI-ME,ICP-MS,2007190029001 Coarse,2007190029,228.9,0.005,False,False
Zr,MMI-ME,ICP-MS,2007190033001 Coarse,2007190033,231.0,0.005,False,False
Zr,MMI-ME,ICP-MS,2007190034001 Coarse,2007190034,200.6,0.005,False,False
Zr,MMI-ME,ICP-MS,2007190043001 Coarse,2007190043,277.1,0.005,False,False
Zr,MMI-ME,ICP-MS,2007190048001 Coarse,2007190048,190.4,0.005,False,False
Zr,MMI-ME,ICP-MS,2007190054001 Coarse,2007190054,152.9,0.005,False,False
Zr,MMI-ME,ICP-MS,2007190057001 Coarse,2007190057,230.1,0.005,False,False
Zr,MMI-ME,ICP-MS,2007190075001 Coarse,2007190075,299.4,0.005,False,False
Zr,MMI-ME,ICP-MS,2007190082001 Coarse,2007190082,163.1,0.005,False,False
Zr,MMI-ME,ICP-MS,2007190095001 Coarse,2007190095,266.0,0.005,False,False
Zr,MMI-ME,ICP-MS,2007190101001 Coarse,2007190101,62.9,0.005,False,False
Zr,MMI-ME,ICP-MS,2007190104001 Coarse,2007190104,144.6,0.005,False,False
Zr,MMI-ME,ICP-MS,2007190115001 Coarse,2007190115,250.2,0.005,False,False
Zr,MMI-ME,ICP-MS,2007190119001 Coarse,2007190119,259.4,0.005,False,False
