k_features,draw,balanced_accuracy,balanced_accuracy_normalised,balanced_accuracy_null,balanced_accuracy_null_normalised,retention_disparity,retention_disparity_null,retention_pct_lowest_survey,retention_pct_highest_survey,retention_pct_pooled,retention_pct_GEMAS,retention_pct_NASGL,retention_pct_NGSA
5,0,0.6107684347183527,0.8323053041550583,0.3333333333333333,0.0,6.034255121147095,1.0215507911525916,16.532839201152974,99.76336961665878,39.89136994568497,99.76336961665878,16.532839201152974,29.96197718631179
5,1,0.3926134858734196,0.17784045762025885,0.3333333333333333,0.0,1.2341376391900873,1.0192345339711901,80.83650190114069,99.76336961665878,96.08931804465902,99.76336961665878,98.62054766316658,80.83650190114069
5,2,0.6649170861492771,0.9947512584478315,0.3333333333333333,0.0,346.1076330200798,1.1063785034442866,0.2882437718756434,99.76336961665878,25.72118286059143,99.76336961665878,0.2882437718756434,0.6844106463878328
5,3,0.3333333333333333,0.0,0.3333333333333333,0.0,3.4854305129735175,1.03454080586704,27.984790874524716,97.5390440132513,61.25528062764032,97.5390440132513,54.4780728844966,27.984790874524716
5,4,0.3333333333333333,0.0,0.3333333333333333,0.0,2.714915154057746,1.0235586743018477,34.82889733840304,94.55750118315191,75.1961375980688,94.55750118315191,77.70228536133416,34.82889733840304
5,5,0.606101630792747,0.8183048923782412,0.3333333333333333,0.0,5.563153688038022,1.0134227433885405,17.93288037883467,99.76336961665878,48.980084490042245,99.76336961665878,17.93288037883467,82.0532319391635
5,6,0.3333333333333333,0.0,0.3333333333333333,0.0,1.11460349231866,1.0083270728566172,89.50570342205323,99.76336961665878,94.4115872057936,99.76336961665878,93.41157092855671,89.50570342205323
5,7,0.6229134148461749,0.8687402445385248,0.3333333333333333,0.0,9.145697621088061,1.075797546758332,10.665019559398806,97.5390440132513,46.36089318044659,97.5390440132513,10.665019559398806,95.96958174904942
5,8,0.4765984064906264,0.42979521947187926,0.3333333333333333,0.0,45.07268298479088,1.0144755285842586,1.3176858142886554,59.39163498098859,21.496680748340374,44.29720776147658,1.3176858142886554,59.39163498098859
5,9,0.4806475451907842,0.4419426355723526,0.3333333333333333,0.0,430.3030761949835,1.098146188026002,0.10294420424130121,44.29720776147658,11.394085697042849,44.29720776147658,0.10294420424130121,0.22813688212927757
5,10,0.3333333333333333,0.0,0.3333333333333333,0.0,1.0225162201551543,1.0012980970836718,97.56653992395438,99.76336961665878,98.86541943270971,99.76336961665878,98.82643607164917,97.56653992395438
5,11,0.3333333333333333,0.0,0.3333333333333333,0.0,1.0815237514089555,1.0061101110610213,92.24334600760457,99.76336961665878,96.54797827398913,99.76336961665878,96.31459748816141,92.24334600760457
5,12,0.3333333333333333,0.0,0.3333333333333333,0.0,1.082416097738501,1.0081369257671713,92.16730038022814,99.76336961665878,96.24622812311407,99.76336961665878,95.82046530780318,92.16730038022814
5,13,0.606101630792747,0.8183048923782412,0.3333333333333333,0.0,5.563153688038022,1.041584688148724,17.93288037883467,99.76336961665878,51.65962582981292,99.76336961665878,17.93288037883467,98.93536121673003
5,14,0.4944758496028232,0.48342754880846966,0.3333333333333333,0.0,2.077805596690228,1.0217083304042804,47.14828897338403,97.9649787032655,88.44900422450212,97.9649787032655,95.49104385423101,47.14828897338403
5,15,0.3333333333333333,0.0,0.3333333333333333,0.0,1.7572223174049018,1.0166182282249485,55.50751492690962,97.5390440132513,71.86481593240796,97.5390440132513,55.50751492690962,91.02661596958174
5,16,0.47055746178473673,0.41167238535421025,0.3333333333333333,0.0,1.7461464448729433,1.0365905058802252,55.20912547528517,96.40321817321345,89.84912492456246,96.40321817321345,96.3763640107062,55.20912547528517
5,17,0.6649170861492771,0.9947512584478315,0.3333333333333333,0.0,346.1076330200798,1.052280903235819,0.2882437718756434,99.76336961665878,25.68497284248642,99.76336961665878,0.2882437718756434,0.45627376425855515
5,18,0.6001069944147694,0.8003209832443084,0.3333333333333333,0.0,5.462869133889329,1.0790894800892437,17.93288037883467,97.9649787032655,44.29692214846108,97.9649787032655,17.93288037883467,55.437262357414454
5,19,0.3333333333333333,0.0,0.3333333333333333,0.0,1.1460889598848065,1.011962834370736,86.98785258389952,99.69581749049429,91.93723596861798,98.48556554661619,86.98785258389952,99.69581749049429
5,20,0.3333333333333333,0.0,0.3333333333333333,0.0,3.584394290871757,1.0113798819452737,27.832699619771862,99.76336961665878,73.5666867833434,99.76336961665878,74.55219271155033,27.832699619771862
5,21,0.3333333333333333,0.0,0.3333333333333333,0.0,1.031358734637628,1.006674577539005,96.73003802281369,99.76336961665878,97.91188895594448,99.76336961665878,97.42639489396747,96.73003802281369
5,22,0.3333333333333333,0.0,0.3333333333333333,0.0,4.8982489351632745,1.0186624441508407,20.0,97.9649787032655,72.03379601689801,97.9649787032655,74.84043648342599,20.0
5,23,0.3333333333333333,0.0,0.3333333333333333,0.0,2.7550844121305533,1.0104836685349057,34.372623574144484,94.69947941315665,72.89076644538322,94.69947941315665,73.83158328186124,34.372623574144484
5,24,0.3333333333333333,0.0,0.3333333333333333,0.0,2.7025723293449033,1.026544130202108,35.51330798479088,95.97728348319924,75.76342788171394,95.97728348319924,77.86699608812025,35.51330798479088
5,25,0.38996240514193903,0.16988721542581714,0.3333333333333333,0.0,1.2214974957719393,1.0116283617846276,81.67300380228137,99.76336961665878,96.24622812311407,99.76336961665878,98.66172534486309,81.67300380228137
5,26,0.4281733105473056,0.2845199316419169,0.3333333333333333,0.0,1.5959711806071326,1.0103586074199769,62.50950570342205,99.76336961665878,88.69040434520217,99.76336961665878,90.96149886761376,62.50950570342205
5,27,0.6005802551814519,0.8017407655443557,0.3333333333333333,0.0,5.4707863355326465,1.0042918609986164,17.93288037883467,98.10695693327023,49.909474954737476,98.10695693327023,17.93288037883467,90.5703422053232
5,28,0.6649170861492771,0.9947512584478315,0.3333333333333333,0.0,346.1076330200798,1.085519203450664,0.2882437718756434,99.76336961665878,25.672902836451417,99.76336961665878,0.2882437718756434,0.38022813688212925
5,29,0.45312996046890364,0.35938988140671096,0.3333333333333333,0.0,1.9464218256069183,1.0319774383657938,51.254752851711025,99.76336961665878,84.69523234761618,99.76336961665878,87.19374099238213,51.254752851711025
5,30,0.6649170861492771,0.9947512584478315,0.3333333333333333,0.0,437.2961034863543,1.0358929535663368,0.22813688212927757,99.76336961665878,25.64876282438141,99.76336961665878,0.2882437718756434,0.22813688212927757
5,31,0.3333333333333333,0.0,0.3333333333333333,0.0,1.1338500236236415,1.005418201876211,86.98785258389952,98.63117870722434,91.76825588412795,98.48556554661619,86.98785258389952,98.63117870722434
5,32,0.5579944329235659,0.6739832987706977,0.3333333333333333,0.0,3.47980984206648,1.017934409069986,28.669201520912544,99.76336961665878,86.31261315630658,99.76336961665878,96.0675313979823,28.669201520912544
5,33,0.3333333333333333,0.0,0.3333333333333333,0.0,1.6310896560932024,1.013410351015284,60.38022813688213,98.48556554661619,83.10199155099578,98.48556554661619,82.56125180152357,60.38022813688213
5,34,0.3333333333333333,0.0,0.3333333333333333,0.0,2.714915154057746,1.027149676627845,34.82889733840304,94.55750118315191,75.35304767652384,94.55750118315191,77.96994029236154,34.82889733840304
5,35,0.606101630792747,0.8183048923782412,0.3333333333333333,0.0,5.563153688038022,1.062824693202331,17.93288037883467,99.76336961665878,51.575135787567895,99.76336961665878,17.93288037883467,98.40304182509506
5,36,0.6649170861492771,0.9947512584478315,0.3333333333333333,0.0,346.1076330200798,1.069583538130811,0.2882437718756434,99.76336961665878,25.72118286059143,99.76336961665878,0.2882437718756434,0.6844106463878328
5,37,0.4669788154501598,0.4009364463504794,0.3333333333333333,0.0,14.069451811572337,1.0587598073067035,3.067737286390776,43.16138192143871,19.118889559444778,43.16138192143871,3.067737286390776,39.77186311787072
5,38,0.6589224497712995,0.9767673493138987,0.3333333333333333,0.0,339.86850111554327,1.063991367793649,0.2882437718756434,97.9649787032655,25.25045262522631,97.9649787032655,0.2882437718756434,0.6083650190114068
5,39,0.46780236908409023,0.40340710725227075,0.3333333333333333,0.0,15.301812554191812,1.2352661107679637,2.820671196211653,43.16138192143871,15.71514785757393,43.16138192143871,2.820671196211653,19.23954372623574
5,40,0.606101630792747,0.8183048923782412,0.3333333333333333,0.0,5.563153688038022,1.028799535079855,17.93288037883467,99.76336961665878,51.647555823777914,99.76336961665878,17.93288037883467,98.85931558935361
5,41,0.6524340579767337,0.9573021739302012,0.3333333333333333,0.0,420.70042593469,1.106437444238556,0.22813688212927757,95.97728348319924,24.659022329511167,95.97728348319924,0.24706609017912293,0.22813688212927757
5,42,0.6649170861492771,0.9947512584478315,0.3333333333333333,0.0,437.2961034863543,1.0653705258313462,0.22813688212927757,99.76336961665878,25.64876282438141,99.76336961665878,0.2882437718756434,0.22813688212927757
5,43,0.46888614955644353,0.40665844866933065,0.3333333333333333,0.0,15.630667297681022,1.1432836852656374,2.7794935145151327,43.44533838144818,14.194327097163548,43.44533838144818,2.7794935145151327,9.35361216730038
5,44,0.5564446594660523,0.6693339783981569,0.3333333333333333,0.0,4.571039409265028,1.013078798199165,21.825095057034222,99.76336961665878,80.94146047073023,99.76336961665878,88.7584928968499,21.825095057034222
5,45,0.3333333333333333,0.0,0.3333333333333333,0.0,1.7696941978795724,1.0302478974198046,55.11632695079267,97.5390440132513,66.72299336149669,97.5390440132513,55.11632695079267,60.07604562737643
5,46,0.3333333333333333,0.0,0.3333333333333333,0.0,1.7893080530911532,1.009999469134701,53.05744286596664,94.93610979649787,64.04345202172601,94.93610979649787,53.05744286596664,54.980988593155885
5,47,0.3333333333333333,0.0,0.3333333333333333,0.0,1.1327077173895441,1.0040040610094005,87.00844142474779,98.5551330798479,91.76825588412795,98.48556554661619,87.00844142474779,98.5551330798479
5,48,0.3333333333333333,0.0,0.3333333333333333,0.0,3.1382718133973224,1.0015651787919477,30.26615969581749,94.98343587316612,74.84610742305371,94.98343587316612,78.15523985999589,30.26615969581749
5,49,0.47170616141605753,0.41511848424817266,0.3333333333333333,0.0,25.82117525060491,1.0576778035244971,2.2647724933086266,58.479087452471475,21.774290887145444,43.776620918125886,2.2647724933086266,58.479087452471475
5,50,0.5657605750053559,0.6972817250160679,0.3333333333333333,0.0,4.169059773294308,1.025118902584424,23.49809885931559,97.9649787032655,83.36753168376583,97.9649787032655,93.22627136092237,23.49809885931559
5,51,0.3333333333333333,0.0,0.3333333333333333,0.0,1.0213968933982118,1.0029727794835899,97.67346098414659,99.76336961665878,98.50331925165963,99.76336961665878,97.67346098414659,99.54372623574145
5,52,0.659395710537982,0.978187131613946,0.3333333333333333,0.0,340.3610641606382,1.071855457473165,0.2882437718756434,98.10695693327023,25.25045262522631,98.10695693327023,0.2882437718756434,0.38022813688212925
5,53,0.3872382588155598,0.16171477644667942,0.3333333333333333,0.0,1.2203612190316866,1.008683845045846,81.74904942965779,99.76336961665878,95.82377791188895,99.76336961665878,97.92052707432572,81.74904942965779
5,54,0.46907971012790917,0.40723913038372755,0.3333333333333333,0.0,1.786739902840418,1.0128244388148067,54.82889733840304,97.9649787032655,89.70428485214242,97.9649787032655,95.55281037677578,54.82889733840304
5,55,0.46985936935006595,0.4095781080501979,0.3333333333333333,0.0,14.002097194770005,1.05593252211882,3.1500926497838173,44.1079034548036,17.27217863608932,44.1079034548036,3.1500926497838173,26.311787072243348
5,56,0.3333333333333333,0.0,0.3333333333333333,0.0,3.461446729443438,1.0142351032269008,28.8212927756654,99.76336961665878,74.0012070006035,99.76336961665878,75.02573605106032,28.8212927756654
5,57,0.3333333333333333,0.0,0.3333333333333333,0.0,1.01989199374471,1.0024686304856678,97.81758287008442,99.76336961665878,98.61194930597466,99.76336961665878,97.81758287008442,99.69581749049429
5,58,0.3333333333333333,0.0,0.3333333333333333,0.0,1.3400289177314229,1.0170549146187533,74.44866920152091,99.76336961665878,91.38201569100785,99.76336961665878,92.32036236359893,74.44866920152091
5,59,0.5397798063918304,0.6193394191754914,0.3333333333333333,0.0,6.126705232058592,1.0500588627221128,15.665399239543726,95.97728348319924,72.4562462281231,95.97728348319924,77.59934115709287,15.665399239543726
5,60,0.43586753520783117,0.30760260562349356,0.3333333333333333,0.0,1.6543358265561956,1.006678311537942,60.3041825095057,99.76336961665878,88.4007242003621,99.76336961665878,91.06444307185505,60.3041825095057
5,61,0.6589224497712995,0.9767673493138987,0.3333333333333333,0.0,339.86850111554327,1.0370463670184258,0.2882437718756434,97.9649787032655,25.25045262522631,97.9649787032655,0.2882437718756434,0.6083650190114068
5,62,0.3333333333333333,0.0,0.3333333333333333,0.0,1.7598333461083264,1.0210244325636084,55.42515956351658,97.5390440132513,72.14242607121304,97.5390440132513,55.42515956351658,93.07984790874525
5,63,0.47014723635817157,0.41044170907451477,0.3333333333333333,0.0,17.76637628146508,1.16661284441898,3.253036854025118,57.79467680608364,22.377791188895593,44.29720776147658,3.253036854025118,57.79467680608364
5,64,0.3333333333333333,0.0,0.3333333333333333,0.0,4.613807297749117,1.0302016376706475,21.140684410646386,97.5390440132513,60.51901025950514,97.5390440132513,55.075149269096144,21.140684410646386
5,65,0.3333333333333333,0.0,0.3333333333333333,0.0,1.0718041752116527,1.005770567455125,93.07984790874525,99.76336961665878,96.64453832226916,99.76336961665878,96.25283096561662,93.07984790874525
5,66,0.3333333333333333,0.0,0.3333333333333333,0.0,2.6967976021454487,1.0220738435717207,35.5893536121673,95.97728348319924,75.94447797223899,95.97728348319924,78.15523985999589,35.5893536121673
5,67,0.3333333333333333,0.0,0.3333333333333333,0.0,3.5836291213125095,1.021002572417402,27.376425855513308,98.10695693327023,73.04767652383826,98.10695693327023,74.51101502985382,27.376425855513308
5,68,0.3333333333333333,0.0,0.3333333333333333,0.0,1.1319081681493488,1.0223627799474801,87.00844142474779,98.48556554661619,91.61134580567291,98.48556554661619,87.00844142474779,97.56653992395438
5,69,0.3333333333333333,0.0,0.3333333333333333,0.0,4.771257296103486,1.0242452629199377,20.53231939163498,97.9649787032655,72.4321062160531,97.9649787032655,75.37574634548075,20.53231939163498
5,70,0.3333333333333333,0.0,0.3333333333333333,0.0,1.1015015201167615,1.0055700435968387,90.5703422053232,99.76336961665878,94.54435727217863,99.76336961665878,93.34980440601194,90.5703422053232
5,71,0.3333333333333333,0.0,0.3333333333333333,0.0,1.095065367661989,1.0085825464434077,91.10266159695819,99.76336961665878,96.41520820760411,99.76336961665878,96.39695285155446,91.10266159695819
5,72,0.3333333333333333,0.0,0.3333333333333333,0.0,2.7922594641682967,1.0049087906546568,34.372623574144484,95.97728348319924,75.54616777308388,95.97728348319924,77.80522956557546,34.372623574144484
5,73,0.3333333333333333,0.0,0.3333333333333333,0.0,3.340204241599621,1.0382391523232655,29.20152091254753,97.5390440132513,62.027761013880514,97.5390440132513,55.46633724521309,29.20152091254753
5,74,0.3333333333333333,0.0,0.3333333333333333,0.0,1.0463197716003276,1.016534524616492,95.34692196829319,99.76336961665878,96.72902836451418,99.76336961665878,95.34692196829319,96.95817490494296
5,75,0.5501817376198831,0.6505452128596494,0.3333333333333333,0.0,3.5360870901861534,1.0213596635279736,28.212927756653993,99.76336961665878,84.59867229933616,99.76336961665878,93.26744904261889,28.212927756653993
5,76,0.3333333333333333,0.0,0.3333333333333333,0.0,1.0329829216213093,1.0077548630121074,96.57794676806084,99.76336961665878,98.28605914302958,99.76336961665878,98.10582664196006,96.57794676806084
5,77,0.3333333333333333,0.0,0.3333333333333333,0.0,1.0469978535188054,1.014394005596512,95.2851711026616,99.76336961665878,97.05491852745926,99.76336961665878,96.35577516985794,95.2851711026616
5,78,0.38700580584436034,0.16101741753308108,0.3333333333333333,0.0,1.2180949957837168,1.0049044249699832,81.90114068441065,99.76336961665878,95.89619794809897,99.76336961665878,98.00288243771875,81.90114068441065
5,79,0.3333333333333333,0.0,0.3333333333333333,0.0,3.3753642862480384,1.031750142127054,28.89733840304182,97.5390440132513,61.991550995775505,97.5390440132513,55.48692608606135,28.89733840304182
5,80,0.42956802837450186,0.28870408512350565,0.3333333333333333,0.0,1.6196151980976086,1.006978689634437,61.59695817490495,99.76336961665878,88.25588412794207,99.76336961665878,90.4673666872555,61.59695817490495
5,81,0.606101630792747,0.8183048923782412,0.3333333333333333,0.0,5.563153688038022,1.0602373639167215,17.93288037883467,99.76336961665878,51.647555823777914,99.76336961665878,17.93288037883467,98.85931558935361
5,82,0.546934963531135,0.6408048905934052,0.3333333333333333,0.0,6.859246075022119,1.0132396235641647,13.992395437262358,95.97728348319924,72.46831623415811,95.97728348319924,78.07288449660284,13.992395437262358
5,83,0.5938244910286862,0.7814734730860586,0.3333333333333333,0.0,5.3829291671812785,1.0104342691544201,17.82993617459337,95.97728348319924,40.56729028364514,95.97728348319924,17.82993617459337,35.51330798479088
5,84,0.3333333333333333,0.0,0.3333333333333333,0.0,2.6734991347403048,1.0264208961020294,35.20912547528517,94.13156649313773,58.467109233554616,94.13156649313773,49.2485073090385,35.20912547528517
5,85,0.3333333333333333,0.0,0.3333333333333333,0.0,1.7572223174049018,1.033404921296016,55.50751492690962,97.5390440132513,71.997585998793,97.5390440132513,55.50751492690962,91.86311787072243
5,86,0.4704903837056425,0.41147115111692756,0.3333333333333333,0.0,14.0621920325158,1.0818588588359597,3.1500926497838173,44.29720776147658,19.43270971635486,44.29720776147658,3.1500926497838173,39.61977186311787
5,87,0.5949011259812625,0.7847033779437877,0.3333333333333333,0.0,5.375779915812833,1.0189021310012816,17.93288037883467,96.40321817321345,43.87447193723597,96.40321817321345,17.93288037883467,55.2851711026616
5,88,0.3333333333333333,0.0,0.3333333333333333,0.0,1.0147658350326947,1.0050500877449546,98.31171505044266,99.76336961665878,98.7567893783947,99.76336961665878,98.31171505044266,98.78326996197718
5,89,0.3333333333333333,0.0,0.3333333333333333,0.0,1.0203215123775777,1.0083306398785261,97.7764051883879,99.76336961665878,98.50331925165963,99.76336961665878,97.7764051883879,99.16349809885932
5,90,0.43019675781860583,0.29059027345581756,0.3333333333333333,0.0,1.6046100543190343,1.0215941297414735,61.14068441064639,98.10695693327023,87.6041038020519,98.10695693327023,90.19971175622813,61.14068441064639
5,91,0.606101630792747,0.8183048923782412,0.3333333333333333,0.0,5.563153688038022,1.0402677369080355,17.93288037883467,99.76336961665878,50.92335546167773,99.76336961665878,17.93288037883467,94.29657794676805
5,92,0.6001069944147694,0.8003209832443084,0.3333333333333333,0.0,5.462869133889329,1.0129532207336727,17.93288037883467,97.9649787032655,44.465902232951116,97.9649787032655,17.93288037883467,56.50190114068441
5,93,0.3333333333333333,0.0,0.3333333333333333,0.0,1.109888587528818,1.006192395818826,89.88593155893537,99.76336961665878,94.52021726010862,99.76336961665878,93.49392629194976,89.88593155893537
5,94,0.383832253919643,0.151496761758929,0.3333333333333333,0.0,1.208000285873907,1.0045402524075635,82.58555133079848,99.76336961665878,95.84791792395896,99.76336961665878,97.73522750669137,82.58555133079848
5,95,0.3333333333333333,0.0,0.3333333333333333,0.0,1.08870399208221,1.0118665657832988,91.63498098859316,99.76336961665878,94.71333735666867,99.76336961665878,93.34980440601194,91.63498098859316
5,96,0.4227925513801178,0.2683776541403534,0.3333333333333333,0.0,1.5673695465460729,1.0090499614453987,63.65019011406844,99.76336961665878,88.59384429692216,99.76336961665878,90.48795552810377,63.65019011406844
5,97,0.6069938138961716,0.8209814416885148,0.3333333333333333,0.0,5.647443895432537,1.0888048117459312,17.66522544780729,99.76336961665878,44.11587205793603,99.76336961665878,17.66522544780729,52.39543726235741
5,98,0.6534563544993698,0.9603690634981095,0.3333333333333333,0.0,1167.1281353525794,1.0759634944526733,0.08235536339304096,96.11926171320397,24.659022329511167,96.11926171320397,0.08235536339304096,0.6083650190114068
5,99,0.4702158658276658,0.4106475974829974,0.3333333333333333,0.0,15.032927272286937,1.054926290983151,3.2324480131768585,48.59315589353612,20.905250452625225,44.29720776147658,3.2324480131768585,48.59315589353612
5,100,0.3333333333333333,0.0,0.3333333333333333,0.0,1.086900008665338,1.0215053350880356,91.78707224334602,99.76336961665878,94.67712733856366,99.76336961665878,93.24686020177064,91.78707224334602
5,101,0.3333333333333333,0.0,0.3333333333333333,0.0,1.7730057513935689,1.0071962067597229,55.013382746551365,97.5390440132513,71.88895594447797,97.5390440132513,55.013382746551365,93.00380228136882
5,102,0.3333333333333333,0.0,0.3333333333333333,0.0,3.3753642862480384,1.0181585054279862,28.89733840304182,97.5390440132513,57.07905853952927,97.5390440132513,47.107267860819434,28.89733840304182
5,103,0.3333333333333333,0.0,0.3333333333333333,0.0,1.0233138147106575,1.0026398956880123,97.49049429657795,99.76336961665878,98.72057936028969,99.76336961665878,98.5999588223183,97.49049429657795
5,104,0.46909411448804633,0.40728234346413905,0.3333333333333333,0.0,1.7455819375988364,1.010431806749048,56.121673003802286,97.9649787032655,90.66988533494266,97.9649787032655,96.84990735021618,56.121673003802286
5,105,0.5761180927896522,0.7283542783689567,0.3333333333333333,0.0,4.1289726600895555,1.0194985048491456,23.726235741444867,97.9649787032655,85.35908267954134,97.9649787032655,96.56166357834054,23.726235741444867
5,106,0.6481747110765917,0.9445241332297754,0.3333333333333333,0.0,415.0993847610033,1.0268599140664896,0.22813688212927757,94.69947941315665,24.33313216656608,94.69947941315665,0.24706609017912293,0.22813688212927757
5,107,0.3333333333333333,0.0,0.3333333333333333,0.0,2.714915154057746,1.0209624569922677,34.82889733840304,94.55750118315191,75.35304767652384,94.55750118315191,77.96994029236154,34.82889733840304
5,108,0.3333333333333333,0.0,0.3333333333333333,0.0,1.1912340569459867,1.0058430810104702,82.3574144486692,98.10695693327023,91.88895594447797,98.10695693327023,91.76446366069591,82.3574144486692
5,109,0.4595767466656646,0.3787302399969939,0.3333333333333333,0.0,1.7744345316087347,1.0158088117603958,55.20912547528517,97.9649787032655,88.31623415811708,97.9649787032655,93.08214947498456,55.20912547528517
5,110,0.3333333333333333,0.0,0.3333333333333333,0.0,1.7420092147903536,1.01280779087029,55.09573810994441,95.97728348319924,71.38201569100785,95.97728348319924,55.09573810994441,92.01520912547528
5,111,0.47014723635817157,0.41044170907451477,0.3333333333333333,0.0,15.335187948211965,1.038713159669294,3.253036854025118,49.88593155893536,21.122510561255282,44.29720776147658,3.253036854025118,49.88593155893536
5,112,0.3333333333333333,0.0,0.3333333333333333,0.0,2.421783517003583,1.0215050796195702,39.92395437262358,96.68717463322291,79.33614966807482,96.68717463322291,82.45830759728227,39.92395437262358
5,113,0.4665189038136061,0.3995567114408184,0.3333333333333333,0.0,17.813129903258414,1.01031185234746,3.253036854025118,57.946768060836504,22.124321062160533,43.20870799810695,3.253036854025118,57.946768060836504
5,114,0.5496747667707068,0.6490243003121206,0.3333333333333333,0.0,3.517126837691858,1.016420772199841,28.365019011406844,99.76336961665878,84.62281231140616,99.76336961665878,93.26744904261889,28.365019011406844
5,115,0.3333333333333333,0.0,0.3333333333333333,0.0,1.7472326307267567,1.0157512711834318,54.93102738315832,95.97728348319924,70.3802051901026,95.97728348319924,54.93102738315832,86.31178707224335
5,116,0.4679939664530189,0.4039818993590567,0.3333333333333333,0.0,14.257703278290123,1.030380215914063,3.0471484455425157,43.44533838144818,16.52383826191913,43.44533838144818,3.0471484455425157,23.041825095057035
5,117,0.3333333333333333,0.0,0.3333333333333333,0.0,2.7025723293449033,1.0295288613497315,35.51330798479088,95.97728348319924,75.93240796620398,95.97728348319924,78.15523985999589,35.51330798479088
5,118,0.3333333333333333,0.0,0.3333333333333333,0.0,1.0257140816724495,1.0088226840774663,97.26235741444867,99.76336961665878,98.72057936028969,99.76336961665878,98.66172534486309,97.26235741444867
5,119,0.6649170861492771,0.9947512584478315,0.3333333333333333,0.0,346.1076330200798,1.046247375290846,0.2882437718756434,99.76336961665878,25.672902836451417,99.76336961665878,0.2882437718756434,0.38022813688212925
5,120,0.3333333333333333,0.0,0.3333333333333333,0.0,1.0600710630012353,1.0079952523790412,92.54752851711027,98.10695693327023,95.07543753771877,98.10695693327023,94.44101297096974,92.54752851711027
5,121,0.3333333333333333,0.0,0.3333333333333333,0.0,1.3092697709172285,1.0194317617198494,76.19771863117872,99.76336961665878,92.11828605914303,99.76336961665878,93.10273831583282,76.19771863117872
5,122,0.4963388135138993,0.48901644054169796,0.3333333333333333,0.0,2.05460840502064,1.0177873614552504,47.68060836501901,97.9649787032655,89.1732045866023,97.9649787032655,96.58225241918879,47.68060836501901
5,123,0.606101630792747,0.8183048923782412,0.3333333333333333,0.0,5.563153688038022,1.0381915187097577,17.93288037883467,99.76336961665878,51.683765841882924,99.76336961665878,17.93288037883467,99.08745247148289
5,124,0.3333333333333333,0.0,0.3333333333333333,0.0,2.997865267943159,1.0134443304099268,32.01520912547529,95.97728348319924,75.35304767652384,95.97728348319924,78.11406217829936,32.01520912547529
5,125,0.4682871571821001,0.4048614715463004,0.3333333333333333,0.0,1.7389606570339597,1.0038903161832646,55.437262357414454,96.40321817321345,89.6197948098974,96.40321817321345,95.92340951204447,55.437262357414454
5,126,0.606101630792747,0.8183048923782412,0.3333333333333333,0.0,5.563153688038022,1.066311057641982,17.93288037883467,99.76336961665878,50.65781532890766,99.76336961665878,17.93288037883467,92.62357414448668
5,127,0.606101630792747,0.8183048923782412,0.3333333333333333,0.0,5.563153688038022,1.0066273644041366,17.93288037883467,99.76336961665878,47.990343995172,99.76336961665878,17.93288037883467,75.81749049429658
5,128,0.3333333333333333,0.0,0.3333333333333333,0.0,3.3128492688360174,1.0396621060400495,30.11406844106464,99.76336961665878,74.47193723596862,99.76336961665878,75.47869054972205,30.11406844106464
5,129,0.3333333333333333,0.0,0.3333333333333333,0.0,1.0329115161509235,1.009636083828983,94.98098859315589,98.10695693327023,96.74109837054918,98.10695693327023,96.62343010088532,94.98098859315589
5,130,0.38934693188433817,0.16804079565301455,0.3333333333333333,0.0,1.2518018229571213,1.0091140073645257,79.69581749049429,99.76336961665878,94.66505733252866,99.76336961665878,96.49989705579576,79.69581749049429
5,131,0.606101630792747,0.8183048923782412,0.3333333333333333,0.0,5.563153688038022,1.0645639237488576,17.93288037883467,99.76336961665878,50.95956547978274,99.76336961665878,17.93288037883467,94.52471482889734
5,132,0.3333333333333333,0.0,0.3333333333333333,0.0,1.0683129563998883,1.0046222108303726,93.38403041825096,99.76336961665878,97.79118889559444,99.76336961665878,98.12641548280831,93.38403041825096
5,133,0.35618131018615284,0.06854393055845859,0.3333333333333333,0.0,1.0987339283576742,1.0021470071371634,90.79847908745246,99.76336961665878,97.10319855159928,99.76336961665878,97.65287214329832,90.79847908745246
5,134,0.3333333333333333,0.0,0.3333333333333333,0.0,1.0657094317295392,1.0084090892397641,93.61216730038024,99.76336961665878,96.08931804465902,99.76336961665878,95.16162240065884,93.61216730038024
5,135,0.6061702602622412,0.8185107807867237,0.3333333333333333,0.0,5.569548117564502,1.0044420341869769,17.91229153798641,99.76336961665878,50.11466505733253,99.76336961665878,17.91229153798641,89.27756653992395
5,136,0.5604329971533123,0.681298991459937,0.3333333333333333,0.0,3.434262592824772,1.0133474901389397,29.04942965779468,99.76336961665878,87.02474351237176,99.76336961665878,97.17932880378835,29.04942965779468
5,137,0.4716375319465633,0.41491259583969003,0.3333333333333333,0.0,24.956325146439216,1.1080608365019011,2.285361334156887,57.03422053231939,21.55703077851539,43.776620918125886,2.285361334156887,57.03422053231939
5,138,0.6036952795689484,0.8110858387068454,0.3333333333333333,0.0,5.693472149640495,1.0237552598430377,17.376981675931642,98.93536121673003,51.00784550392275,98.48556554661619,17.376981675931642,98.93536121673003
5,139,0.500987820748176,0.5029634622445283,0.3333333333333333,0.0,2.4537894665675073,1.0368449750506405,39.92395437262358,97.9649787032655,84.21243210621606,97.9649787032655,90.22030059707639,39.92395437262358
5,140,0.3333333333333333,0.0,0.3333333333333333,0.0,1.0107440263414929,1.002262309713303,98.70290302655961,99.76336961665878,99.05853952926977,99.76336961665878,98.70290302655961,99.23954372623575
5,141,0.46684155651117143,0.40052466953351434,0.3333333333333333,0.0,19.250416740110293,1.1417155006820523,3.1089149680872965,59.847908745247146,22.329511164755584,43.16138192143871,3.1089149680872965,59.847908745247146
5,142,0.4311099733754191,0.2933299201262574,0.3333333333333333,0.0,1.629674919824923,1.0031720012857785,61.21673003802282,99.76336961665878,88.24381412190706,99.76336961665878,90.54972205064855,61.21673003802282
5,143,0.3333333333333333,0.0,0.3333333333333333,0.0,1.086900008665338,1.0122105864076216,91.78707224334602,99.76336961665878,94.60470730235365,99.76336961665878,93.12332715668109,91.78707224334602
5,144,0.3333333333333333,0.0,0.3333333333333333,0.0,1.0860002570025356,1.0042270791205954,91.86311787072243,99.76336961665878,97.2118286059143,99.76336961665878,97.54992793905703,91.86311787072243
5,145,0.3333333333333333,0.0,0.3333333333333333,0.0,2.7200458573363577,1.0115415344254484,35.28517110266159,95.97728348319924,75.87205793602897,95.97728348319924,78.11406217829936,35.28517110266159
5,146,0.3333333333333333,0.0,0.3333333333333333,0.0,3.5836291213125095,1.0037045207211979,27.376425855513308,98.10695693327023,73.04767652383826,98.10695693327023,74.51101502985382,27.376425855513308
5,147,0.5625915113957538,0.6877745341872615,0.3333333333333333,0.0,3.3638161806642644,1.0116370340735417,29.65779467680608,99.76336961665878,87.85757392878696,99.76336961665878,98.43524809553223,29.65779467680608
5,148,0.3333333333333333,0.0,0.3333333333333333,0.0,1.0679689434375028,1.0069599374930585,91.86311787072243,98.10695693327023,96.86179843089921,98.10695693327023,97.67346098414659,91.86311787072243
5,149,0.606101630792747,0.8183048923782412,0.3333333333333333,0.0,5.563153688038022,1.0378623042027866,17.93288037883467,99.76336961665878,51.29752564876282,99.76336961665878,17.93288037883467,96.65399239543726
5,150,0.3333333333333333,0.0,0.3333333333333333,0.0,1.0514315270354553,1.0106846281463804,93.30798479087451,98.10695693327023,97.09112854556427,98.10695693327023,97.67346098414659,93.30798479087451
5,151,0.4688461611727863,0.40653848351835903,0.3333333333333333,0.0,1.7503253667770942,1.0188506794928691,55.96958174904943,97.9649787032655,90.51297525648762,97.9649787032655,96.62343010088532,55.96958174904943
5,152,0.38257589101535866,0.14772767304607604,0.3333333333333333,0.0,1.209113650192685,1.0174549660213623,82.50950570342205,99.76336961665878,95.5703077851539,99.76336961665878,97.28227300802965,82.50950570342205
5,153,0.4704903837056425,0.41147115111692756,0.3333333333333333,0.0,14.0621920325158,1.1232797358665985,3.1500926497838173,44.29720776147658,15.546167773083885,44.29720776147658,3.1500926497838173,15.133079847908744
5,154,0.6649170861492771,0.9947512584478315,0.3333333333333333,0.0,346.1076330200798,1.109099698003208,0.2882437718756434,99.76336961665878,25.72118286059143,99.76336961665878,0.2882437718756434,0.6844106463878328
5,155,0.4705590131751367,0.4116770395254102,0.3333333333333333,0.0,14.154706453782351,1.059056342896647,3.129503808935557,44.29720776147658,19.263729631864816,44.29720776147658,3.129503808935557,38.631178707224336
5,156,0.3333333333333333,0.0,0.3333333333333333,0.0,1.0467718432233997,1.0082440516649134,95.30574428659666,99.76336961665878,96.68074834037417,99.76336961665878,95.30574428659666,96.80608365019012
5,157,0.3333333333333333,0.0,0.3333333333333333,0.0,1.313201511971034,1.0048003281900966,75.96958174904942,99.76336961665878,92.22691611345806,99.76336961665878,93.34980440601194,75.96958174904942
5,158,0.3333333333333333,0.0,0.3333333333333333,0.0,3.3057691463253986,1.032874518308289,29.50570342205323,97.5390440132513,57.27217863608932,97.5390440132513,47.27197858760552,29.50570342205323
5,159,0.5949011259812625,0.7847033779437877,0.3333333333333333,0.0,5.375779915812833,1.0940856249942383,17.93288037883467,96.40321817321345,43.83826191913096,96.40321817321345,17.93288037883467,55.057034220532316
5,160,0.3333333333333333,0.0,0.3333333333333333,0.0,1.0777831943797023,1.003782122721909,91.02661596958174,98.10695693327023,95.63065781532892,98.10695693327023,95.79987646695491,91.02661596958174
5,161,0.3333333333333333,0.0,0.3333333333333333,0.0,1.7598333461083264,1.0323614203064153,55.42515956351658,97.5390440132513,72.21484610742306,97.5390440132513,55.42515956351658,93.5361216730038
5,162,0.3333333333333333,0.0,0.3333333333333333,0.0,1.0436661181058575,1.005837867210855,95.5893536121673,99.76336961665878,97.88774894387447,99.76336961665878,97.69404982499485,95.5893536121673
5,163,0.3333333333333333,0.0,0.3333333333333333,0.0,1.0436661181058575,1.004329557330353,95.5893536121673,99.76336961665878,98.49124924562463,99.76336961665878,98.72349186740786,95.5893536121673
5,164,0.3333333333333333,0.0,0.3333333333333333,0.0,1.0436661181058575,1.0115429636212312,95.5893536121673,99.76336961665878,97.33252866626432,99.76336961665878,96.74696314597489,95.5893536121673
5,165,0.46146293499797636,0.38438880499392913,0.3333333333333333,0.0,1.8195472739377705,1.002079372709575,53.8403041825095,97.9649787032655,87.6282438141219,97.9649787032655,92.27918468190241,53.8403041825095
5,166,0.5785942858007715,0.7357828574023147,0.3333333333333333,0.0,4.169059773294308,1.0047229224452632,23.49809885931559,97.9649787032655,85.6246228123114,97.9649787032655,97.07638459954705,23.49809885931559
5,167,0.4702158658276658,0.4106475974829974,0.3333333333333333,0.0,13.703919624044058,1.0199978101967053,3.2324480131768585,44.29720776147658,16.415208207604103,44.29720776147658,3.2324480131768585,20.304182509505704
5,168,0.6649170861492771,0.9947512584478315,0.3333333333333333,0.0,346.1076330200798,1.0475467522816282,0.2882437718756434,99.76336961665878,25.72118286059143,99.76336961665878,0.2882437718756434,0.6844106463878328
5,169,0.3333333333333333,0.0,0.3333333333333333,0.0,1.7572223174049018,1.0326425513269244,55.50751492690962,97.5390440132513,72.72178636089318,97.5390440132513,55.50751492690962,96.425855513308
5,170,0.6649170861492771,0.9947512584478315,0.3333333333333333,0.0,346.1076330200798,1.133570948808041,0.2882437718756434,99.76336961665878,25.68497284248642,99.76336961665878,0.2882437718756434,0.45627376425855515
5,171,0.3333333333333333,0.0,0.3333333333333333,0.0,3.3898922750880183,1.0128244388148064,29.429657794676807,99.76336961665878,74.24260712130356,99.76336961665878,75.27280214123945,29.429657794676807
5,172,0.6649170861492771,0.9947512584478315,0.3333333333333333,0.0,346.1076330200798,1.0274244844304352,0.2882437718756434,99.76336961665878,25.72118286059143,99.76336961665878,0.2882437718756434,0.6844106463878328
5,173,0.3333333333333333,0.0,0.3333333333333333,0.0,1.0209664690857811,1.0023436934834955,97.71463866584311,99.76336961665878,98.52745926372964,99.76336961665878,97.71463866584311,99.54372623574145
5,174,0.3333333333333333,0.0,0.3333333333333333,0.0,1.1033543401674204,1.0029674201912016,90.41825095057034,99.76336961665878,94.45986722993361,99.76336961665878,93.24686020177064,90.41825095057034
5,175,0.3333333333333333,0.0,0.3333333333333333,0.0,5.065205831888274,1.0107553347554308,19.695817490494296,99.76336961665878,70.98370549185275,99.76336961665878,72.3491867407865,19.695817490494296
5,176,0.3921806766030656,0.17654202980919687,0.3333333333333333,0.0,1.2352997273625828,1.0095397228450762,80.76045627376426,99.76336961665878,95.95654797827399,99.76336961665878,98.41465925468395,80.76045627376426
5,177,0.3333333333333333,0.0,0.3333333333333333,0.0,1.086900008665338,1.002870170550779,91.78707224334602,99.76336961665878,94.74954737477368,99.76336961665878,93.3703932468602,91.78707224334602
5,178,0.3333333333333333,0.0,0.3333333333333333,0.0,2.667737283156813,1.0438254256901967,35.28517110266159,94.13156649313773,58.4067592033796,94.13156649313773,49.12497426394894,35.28517110266159
5,179,0.3333333333333333,0.0,0.3333333333333333,0.0,3.381155439327482,1.0380933450458132,29.50570342205323,99.76336961665878,74.3874471937236,99.76336961665878,75.49927939057031,29.50570342205323
5,180,0.3333333333333333,0.0,0.3333333333333333,0.0,1.0160425376978648,1.0020165999011261,98.1881820053531,99.76336961665878,98.7567893783947,99.76336961665878,98.1881820053531,99.23954372623575
5,181,0.3333333333333333,0.0,0.3333333333333333,0.0,2.7025723293449033,1.0137342258175837,35.51330798479088,95.97728348319924,75.93240796620398,95.97728348319924,78.15523985999589,35.51330798479088
5,182,0.3333333333333333,0.0,0.3333333333333333,0.0,1.0219146755873008,1.010882099859529,97.63228330245008,99.77186311787072,98.51538925769464,99.76336961665878,97.63228330245008,99.77186311787072
5,183,0.5028042836270701,0.5084128508812104,0.3333333333333333,0.0,2.4773835960537336,1.0206368391170448,39.543726235741445,97.9649787032655,84.24864212432107,97.9649787032655,90.38501132386246,39.543726235741445
5,184,0.3333333333333333,0.0,0.3333333333333333,0.0,1.0511925564575826,1.0018570646172225,94.90494296577947,99.76336961665878,96.34278817139409,99.76336961665878,95.24397776405188,94.90494296577947
5,185,0.3333333333333333,0.0,0.3333333333333333,0.0,2.6910475006483368,1.0195210447135234,35.665399239543724,95.97728348319924,75.77549788774894,95.97728348319924,77.84640724727197,35.665399239543724
5,186,0.4696165856812832,0.40884975704384974,0.3333333333333333,0.0,1.740864148578299,1.0167200215755712,56.27376425855514,97.9649787032655,90.87507543753772,97.9649787032655,97.15873996294009,56.27376425855514
5,187,0.3333333333333333,0.0,0.3333333333333333,0.0,1.0674437025704338,1.0058291653386784,93.46007604562737,99.76336961665878,97.83946891973446,99.76336961665878,98.1881820053531,93.46007604562737
5,188,0.3333333333333333,0.0,0.3333333333333333,0.0,1.0156166133475408,1.0040846217624908,98.22935968704962,99.76336961665878,98.7809293904647,99.76336961665878,98.22935968704962,99.23954372623575
5,189,0.3333333333333333,0.0,0.3333333333333333,0.0,3.03389730241363,1.0041959661393545,31.634980988593153,95.97728348319924,75.12371756185878,95.97728348319924,77.82581840642372,31.634980988593153
5,190,0.3333333333333333,0.0,0.3333333333333333,0.0,1.0412481708414072,1.005344530823745,94.22053231939164,98.10695693327023,97.1635485817743,98.10695693327023,97.54992793905703,94.22053231939164
5,191,0.3333333333333333,0.0,0.3333333333333333,0.0,1.7821803804757046,1.0267755525109938,54.0662960675314,96.35589209654519,70.73023536511768,96.35589209654519,54.0662960675314,91.10266159695819
5,192,0.47014723635817157,0.41044170907451477,0.3333333333333333,0.0,18.25728931029504,1.0708504006397181,3.253036854025118,59.39163498098859,22.631261315630656,44.29720776147658,3.253036854025118,59.39163498098859
5,193,0.42805708406170595,0.2841712521851179,0.3333333333333333,0.0,1.5940319689660545,1.0232501378893208,62.58555133079848,99.76336961665878,88.72661436330718,99.76336961665878,91.00267654931027,62.58555133079848
5,194,0.3333333333333333,0.0,0.3333333333333333,0.0,3.8478697494026526,1.0226091721235298,24.94296577946768,95.97728348319924,72.37175618587808,95.97728348319924,74.94338068766729,24.94296577946768
5,195,0.5647598894935068,0.6942796684805204,0.3333333333333333,0.0,4.668641674231541,1.0094097346577091,21.368821292775667,99.76336961665878,82.06397103198552,99.76336961665878,90.79678814082767,21.368821292775667
5,196,0.3333333333333333,0.0,0.3333333333333333,0.0,1.030548554956059,1.0059168288448368,96.80608365019012,99.76336961665878,98.34640917320459,99.76336961665878,98.14700432365659,96.80608365019012
5,197,0.3333333333333333,0.0,0.3333333333333333,0.0,7.130515693808306,1.0137205740812625,13.460076045627375,95.97728348319924,66.31261315630658,95.97728348319924,67.71669754992794,13.460076045627375
5,198,0.6524340579767337,0.9573021739302012,0.3333333333333333,0.0,631.0506389020351,1.2164611565203765,0.1520912547528517,95.97728348319924,24.646952323476164,95.97728348319924,0.24706609017912293,0.1520912547528517
5,199,0.6649170861492771,0.9947512584478315,0.3333333333333333,0.0,346.1076330200798,1.028170012819819,0.2882437718756434,99.76336961665878,25.72118286059143,99.76336961665878,0.2882437718756434,0.6844106463878328
7,0,0.6649170861492771,0.9947512584478315,0.3333333333333333,0.0,346.1076330200798,1.0211716682394238,0.2882437718756434,99.76336961665878,25.68497284248642,99.76336961665878,0.2882437718756434,0.45627376425855515
7,1,0.3333333333333333,0.0,0.3333333333333333,0.0,1.086900008665338,1.0065535608732326,91.78707224334602,99.76336961665878,94.73747736873868,99.76336961665878,93.34980440601194,91.78707224334602
7,2,0.4806475451907842,0.4419426355723526,0.3333333333333333,0.0,430.3030761949835,1.089859480905935,0.10294420424130121,44.29720776147658,11.406155703077852,44.29720776147658,0.10294420424130121,0.3041825095057034
7,3,0.4689369190795927,0.4068107572387781,0.3333333333333333,0.0,1.7509700538366806,1.022304428860184,55.057034220532316,96.40321817321345,89.45081472540737,96.40321817321345,95.73810994441013,55.057034220532316
7,4,0.6491212326099566,0.9473636978298698,0.3333333333333333,0.0,416.3440605773781,1.0551930359812693,0.22813688212927757,94.98343587316612,24.4055522027761,94.98343587316612,0.24706609017912293,0.22813688212927757
7,5,0.3333333333333333,0.0,0.3333333333333333,0.0,1.1319081681493488,1.0056819852990329,87.00844142474779,98.48556554661619,91.44236572118287,98.48556554661619,87.00844142474779,96.50190114068441
7,6,0.3333333333333333,0.0,0.3333333333333333,0.0,3.5085173644161074,1.022367320426973,27.072243346007607,94.98343587316612,74.0012070006035,94.98343587316612,77.57875231624459,27.072243346007607
7,7,0.5414269136596913,0.624280740979074,0.3333333333333333,0.0,6.126705232058592,1.0121439704553803,15.665399239543726,95.97728348319924,72.74592637296318,95.97728348319924,78.0934733374511,15.665399239543726
7,8,0.4778079805906896,0.4334239417720688,0.3333333333333333,0.0,422.0280170373876,1.1252329119058888,0.10294420424130121,43.44533838144818,11.164755582377792,43.44533838144818,0.10294420424130121,0.1520912547528517
7,9,0.606101630792747,0.8183048923782412,0.3333333333333333,0.0,5.563153688038022,1.0536571374846624,17.93288037883467,99.76336961665878,50.754375377187685,99.76336961665878,17.93288037883467,93.2319391634981
7,10,0.401676959782348,0.20503087934704411,0.3333333333333333,0.0,1.2976145504046124,1.0092238026062628,76.88212927756653,99.76336961665878,94.73747736873868,99.76336961665878,97.38521721227094,76.88212927756653
7,11,0.606101630792747,0.8183048923782412,0.3333333333333333,0.0,5.563153688038022,1.0170083581396905,17.93288037883467,99.76336961665878,50.89921544960772,99.76336961665878,17.93288037883467,94.1444866920152
7,12,0.4680625959225131,0.40418778776753933,0.3333333333333333,0.0,14.354694457054,1.0973591134705563,3.026559604694256,43.44533838144818,16.36692818346409,43.44533838144818,3.026559604694256,22.129277566539923
7,13,0.46999292568472245,0.4099787770541674,0.3333333333333333,0.0,1.755820386395785,1.004259891880297,54.90494296577947,96.40321817321345,89.52323476161737,96.40321817321345,95.90282067119621,54.90494296577947
7,14,0.39717173520088994,0.19151520560266988,0.3333333333333333,0.0,1.348292199855152,1.0141610226231308,73.99239543726236,99.76336961665878,91.79239589619796,99.76336961665878,93.14391599752933,73.99239543726236
7,15,0.3333333333333333,0.0,0.3333333333333333,0.0,1.0579744439185992,1.0103838979983855,94.29657794676805,99.76336961665878,97.68255884127942,99.76336961665878,97.69404982499485,94.29657794676805
7,16,0.4246510791657892,0.27395323749736766,0.3333333333333333,0.0,1.5730075664976773,1.0147549763851327,63.42205323193917,99.76336961665878,88.75075437537718,99.76336961665878,90.81737698167593,63.42205323193917
7,17,0.3333333333333333,0.0,0.3333333333333333,0.0,3.5746275489347767,1.01352272490625,27.908745247148286,99.76336961665878,73.53047676523839,99.76336961665878,74.4698373481573,27.908745247148286
7,18,0.3333333333333333,0.0,0.3333333333333333,0.0,2.720855887436428,1.0158348483117645,34.752851711026615,94.55750118315191,75.05129752564876,94.55750118315191,77.47580811200329,34.752851711026615
7,19,0.3333333333333333,0.0,0.3333333333333333,0.0,3.012174887360549,1.0434834157030086,31.863117870722434,95.97728348319924,75.32890766445384,95.97728348319924,78.11406217829936,31.863117870722434
7,20,0.3333333333333333,0.0,0.3333333333333333,0.0,1.7578743479493937,1.0230663573254146,55.48692608606135,97.5390440132513,71.86481593240796,97.5390440132513,55.48692608606135,91.10266159695819
7,21,0.6578458148187232,0.9735374444561696,0.3333333333333333,0.0,526.3857075248461,1.092548772151233,0.1852995676343422,97.5390440132513,25.093542546771275,97.5390440132513,0.1852995676343422,0.6844106463878328
7,22,0.606101630792747,0.8183048923782412,0.3333333333333333,0.0,5.563153688038022,1.0304447997508774,17.93288037883467,99.76336961665878,40.615570307785156,99.76336961665878,17.93288037883467,29.35361216730038
7,23,0.5361436448719825,0.6084309346159477,0.3333333333333333,0.0,4.085442230088336,1.0194719113859523,24.106463878327,98.48556554661619,78.74471937235968,98.48556554661619,84.94955733992177,24.106463878327
7,24,0.3333333333333333,0.0,0.3333333333333333,0.0,3.355142971341976,1.0244842259780056,29.35361216730038,98.48556554661619,72.4441762220881,98.48556554661619,72.78155239859996,29.35361216730038
7,25,0.3333333333333333,0.0,0.3333333333333333,0.0,2.7141962963528385,1.0061338213854827,35.361216730038024,95.97728348319924,75.88412794206397,95.97728348319924,78.11406217829936,35.361216730038024
7,26,0.42619302416670646,0.27857907250011943,0.3333333333333333,0.0,1.5824949462714872,1.0219041067110473,63.041825095057035,99.76336961665878,88.73868436934218,99.76336961665878,90.89973234506897,63.041825095057035
7,27,0.3333333333333333,0.0,0.3333333333333333,0.0,1.872464859524459,1.0357908817948511,52.09125475285171,97.5390440132513,65.43150271575135,97.5390440132513,55.075149269096144,52.09125475285171
7,28,0.47170616141605753,0.41511848424817266,0.3333333333333333,0.0,19.32936798175795,1.033860936717069,2.2647724933086266,43.776620918125886,18.648159324079664,43.776620918125886,2.2647724933086266,38.78326996197718
7,29,0.3333333333333333,0.0,0.3333333333333333,0.0,4.709023505284745,1.0309641702188632,20.53231939163498,96.68717463322291,70.58539529269765,96.68717463322291,72.78155239859996,20.53231939163498
7,30,0.3333333333333333,0.0,0.3333333333333333,0.0,2.6838322290582113,1.0225852619592655,35.28517110266159,94.69947941315665,73.1925165962583,94.69947941315665,74.09923821288862,35.28517110266159
7,31,0.6649170861492771,0.9947512584478315,0.3333333333333333,0.0,346.1076330200798,1.064475042104819,0.2882437718756434,99.76336961665878,25.660832830416414,99.76336961665878,0.2882437718756434,0.3041825095057034
7,32,0.4704903837056425,0.41147115111692756,0.3333333333333333,0.0,18.105569223887272,1.054602783843255,3.1500926497838173,57.03422053231939,22.19674109837055,44.29720776147658,3.1500926497838173,57.03422053231939
7,33,0.4698656349804667,0.4095969049414001,0.3333333333333333,0.0,1.7389606570339597,1.0062098889385247,55.437262357414454,96.40321817321345,89.89740494870247,96.40321817321345,96.39695285155446,55.437262357414454
7,34,0.659395710537982,0.978187131613946,0.3333333333333333,0.0,340.3610641606382,1.0353852081803576,0.2882437718756434,98.10695693327023,25.262522631261312,98.10695693327023,0.2882437718756434,0.45627376425855515
7,35,0.3333333333333333,0.0,0.3333333333333333,0.0,1.1490376936341935,1.0146322001085273,85.7113444513074,98.48556554661619,89.24562462281231,98.48556554661619,85.7113444513074,87.45247148288973
7,36,0.3333333333333333,0.0,0.3333333333333333,0.0,9.453176546992722,1.0311418174536044,10.418250950570341,98.48556554661619,69.48702474351236,98.48556554661619,72.86390776199299,10.418250950570341
7,37,0.6036952795689484,0.8110858387068454,0.3333333333333333,0.0,5.667587581278612,1.1310582048471867,17.376981675931642,98.48556554661619,50.57332528666264,98.48556554661619,17.376981675931642,96.1977186311787
7,38,0.6607263687186293,0.9821791061558881,0.3333333333333333,0.0,431.6950623126676,1.0314819797117816,0.22813688212927757,98.48556554661619,25.310802655401325,98.48556554661619,0.2676549310273832,0.22813688212927757
7,39,0.6524340579767337,0.9573021739302012,0.3333333333333333,0.0,420.70042593469,1.0535376242309513,0.22813688212927757,95.97728348319924,24.659022329511167,95.97728348319924,0.24706609017912293,0.22813688212927757
7,40,0.3333333333333333,0.0,0.3333333333333333,0.0,1.018546824890577,1.0066955165408706,97.9467680608365,99.76336961665878,98.69643934821968,99.76336961665878,98.43524809553223,97.9467680608365
7,41,0.3333333333333333,0.0,0.3333333333333333,0.0,3.4890646554762315,1.0486222902572713,28.59315589353612,99.76336961665878,74.23053711526856,99.76336961665878,75.47869054972205,28.59315589353612
7,42,0.3333333333333333,0.0,0.3333333333333333,0.0,1.136479904632727,1.001402995424285,86.65843113032736,98.48556554661619,90.58539529269764,98.48556554661619,86.65843113032736,92.39543726235742
7,43,0.3333333333333333,0.0,0.3333333333333333,0.0,1.078684350896742,1.012667118292853,90.95057034220532,98.10695693327023,95.11164755582378,98.10695693327023,94.93514515132799,90.95057034220532
7,44,0.47014723635817157,0.41044170907451477,0.3333333333333333,0.0,18.327419742985033,1.1334848303264407,3.253036854025118,59.61977186311786,22.667471333735666,44.29720776147658,3.253036854025118,59.61977186311786
7,45,0.3333333333333333,0.0,0.3333333333333333,0.0,1.1351314472233383,1.006562295416018,86.76137533456867,98.48556554661619,90.4405552202776,98.48556554661619,86.76137533456867,91.10266159695819
7,46,0.3333333333333333,0.0,0.3333333333333333,0.0,1.1208570666138171,1.0146925070940425,87.52851711026615,98.10695693327023,93.48219674109836,98.10695693327023,93.08214947498456,87.52851711026615
7,47,0.3333333333333333,0.0,0.3333333333333333,0.0,3.2526879732607665,1.0299214655170288,29.20152091254753,94.98343587316612,74.3995171997586,94.98343587316612,77.6816965204859,29.20152091254753
7,48,0.3333333333333333,0.0,0.3333333333333333,0.0,1.112160761786641,1.0039786634503105,88.212927756654,98.10695693327023,93.55461677730838,98.10695693327023,93.02038295243977,88.212927756654
7,49,0.4999118776735811,0.4997356330207433,0.3333333333333333,0.0,2.5111880505807824,1.0179013941109596,39.01140684410647,97.9649787032655,83.34339167169583,97.9649787032655,88.98497014618077,39.01140684410647
7,50,0.3333333333333333,0.0,0.3333333333333333,0.0,1.1465589450141773,1.0218482888692741,85.89664401894174,98.48556554661619,89.75256487628243,98.48556554661619,85.89664401894174,89.9619771863118
7,51,0.43116310250085266,0.29348930750255803,0.3333333333333333,0.0,1.6106198298033751,1.0109399843277362,60.912547528517116,98.10695693327023,87.6041038020519,98.10695693327023,90.2614782787729,60.912547528517116
7,52,0.47218130600159025,0.4165439180047708,0.3333333333333333,0.0,32.611778277330814,1.1113097406333974,1.3176858142886554,42.97207761476574,15.908267954133978,42.97207761476574,1.3176858142886554,26.311787072243348
7,53,0.6654661219052307,0.9963983657156922,0.3333333333333333,0.0,807.5844770468527,1.0649733808799775,0.12353304508956146,99.76336961665878,25.624622812311404,99.76336961665878,0.12353304508956146,0.6844106463878328
7,54,0.46691018598066564,0.40073055794199697,0.3333333333333333,0.0,15.488228136882128,1.0278647922698574,3.0883261272390365,47.832699619771866,20.4103802051901,43.16138192143871,3.0883261272390365,47.832699619771866
7,55,0.659395710537982,0.978187131613946,0.3333333333333333,0.0,430.0354945575012,1.0751631269697977,0.22813688212927757,98.10695693327023,25.226312613156303,98.10695693327023,0.2882437718756434,0.22813688212927757
7,56,0.3333333333333333,0.0,0.3333333333333333,0.0,4.971381643050027,1.0157467692422366,19.39163498098859,96.40321817321345,71.41822570911286,96.40321817321345,74.63454807494338,19.39163498098859
7,57,0.3333333333333333,0.0,0.3333333333333333,0.0,1.7843583305926989,1.016156118402224,54.66337245213094,97.5390440132513,71.1888955944478,97.5390440132513,54.66337245213094,89.88593155893537
7,58,0.3333333333333333,0.0,0.3333333333333333,0.0,1.0665758621618397,1.0110430877276861,93.5361216730038,99.76336961665878,96.88593844296922,99.76336961665878,96.54107473749228,93.5361216730038
7,59,0.45906424370716037,0.37719273112148116,0.3333333333333333,0.0,1.7622974965088116,1.011844781788341,55.5893536121673,97.9649787032655,88.50935425467713,97.9649787032655,93.30862672431543,55.5893536121673
7,60,0.6649857156187714,0.9949571468563143,0.3333333333333333,0.0,372.73129709854743,1.053635523973251,0.2676549310273832,99.76336961665878,25.660832830416414,99.76336961665878,0.2676549310273832,0.38022813688212925
7,61,0.3333333333333333,0.0,0.3333333333333333,0.0,1.3029026025533228,1.0101170301742208,75.5893536121673,98.48556554661619,86.85576342788171,98.48556554661619,84.84661313568046,75.5893536121673
7,62,0.46863140051349456,0.4058942015404837,0.3333333333333333,0.0,1.7992171367988006,1.024141207596224,54.448669201520914,97.9649787032655,89.34218467109234,97.9649787032655,95.03808935556928,54.448669201520914
7,63,0.6649170861492771,0.9947512584478315,0.3333333333333333,0.0,346.1076330200798,1.0294580915539595,0.2882437718756434,99.76336961665878,25.68497284248642,99.76336961665878,0.2882437718756434,0.45627376425855515
7,64,0.3333333333333333,0.0,0.3333333333333333,0.0,1.083212832638542,1.0058716579153841,90.5703422053232,98.10695693327023,95.5461677730839,98.10695693327023,95.77928762610665,90.5703422053232
7,65,0.3333333333333333,0.0,0.3333333333333333,0.0,1.6797473241738041,1.0100619931760135,58.63117870722433,98.48556554661619,81.85878092939046,98.48556554661619,80.91414453366276,58.63117870722433
7,66,0.6607263687186293,0.9821791061558881,0.3333333333333333,0.0,431.6950623126676,1.0584369209388511,0.22813688212927757,98.48556554661619,25.310802655401325,98.48556554661619,0.2676549310273832,0.22813688212927757
7,67,0.3333333333333333,0.0,0.3333333333333333,0.0,1.2684477834848216,1.010624991285276,77.6425855513308,98.48556554661619,88.28002414001207,98.48556554661619,86.72019765287214,77.6425855513308
7,68,0.3333333333333333,0.0,0.3333333333333333,0.0,4.188657414521115,1.0232939680998128,23.422053231939163,98.10695693327023,72.58901629450814,98.10695693327023,74.79925880172947,23.422053231939163
7,69,0.3333333333333333,0.0,0.3333333333333333,0.0,1.1487638445350814,1.01138398356943,86.84410646387832,99.76336961665878,93.10802655401328,99.76336961665878,91.90858554663373,86.84410646387832
7,70,0.6649170861492771,0.9947512584478315,0.3333333333333333,0.0,437.2961034863543,1.0587333925871203,0.22813688212927757,99.76336961665878,25.64876282438141,99.76336961665878,0.2882437718756434,0.22813688212927757
7,71,0.5414269136596913,0.624280740979074,0.3333333333333333,0.0,6.126705232058592,1.0143257178659175,15.665399239543726,95.97728348319924,72.74592637296318,95.97728348319924,78.0934733374511,15.665399239543726
7,72,0.6229134148461749,0.8687402445385248,0.3333333333333333,0.0,9.145697621088061,1.0563367125812637,10.665019559398806,97.5390440132513,35.751357875678934,97.5390440132513,10.665019559398806,29.125475285171103
7,73,0.3333333333333333,0.0,0.3333333333333333,0.0,9.575827083642796,1.0194187760154425,10.418250950570341,99.76336961665878,71.2130356065178,99.76336961665878,75.25221330039119,10.418250950570341
7,74,0.4695848514720891,0.4087545544162674,0.3333333333333333,0.0,13.645355864966946,1.1202082347373403,3.2324480131768585,44.1079034548036,18.7929993964997,44.1079034548036,3.2324480131768585,35.5893536121673
7,75,0.3911213298564548,0.1733639895693645,0.3333333333333333,0.0,1.2392953733645566,1.0071618053652827,79.16349809885932,98.10695693327023,94.15811707905853,98.10695693327023,96.49989705579576,79.16349809885932
7,76,0.6654661219052307,0.9963983657156922,0.3333333333333333,0.0,807.5844770468527,1.0572440635836944,0.12353304508956146,99.76336961665878,25.6125528062764,99.76336961665878,0.12353304508956146,0.6083650190114068
7,77,0.3333333333333333,0.0,0.3333333333333333,0.0,3.4523376591027977,1.012291106967913,28.89733840304182,99.76336961665878,74.20639710319855,99.76336961665878,75.35515750463249,28.89733840304182
7,78,0.3333333333333333,0.0,0.3333333333333333,0.0,1.1454607084768074,1.0105619880217924,85.97899938233478,98.48556554661619,89.88533494266747,98.48556554661619,85.97899938233478,90.49429657794677
7,79,0.6069938138961716,0.8209814416885148,0.3333333333333333,0.0,5.647443895432537,1.0507977417071437,17.66522544780729,99.76336961665878,45.503922751961376,99.76336961665878,17.66522544780729,61.14068441064639
7,80,0.4765984064906264,0.42979521947187926,0.3333333333333333,0.0,45.18810598859316,1.1413628039484538,1.3176858142886554,59.543726235741445,21.52082076041038,44.29720776147658,1.3176858142886554,59.543726235741445
7,81,0.3333333333333333,0.0,0.3333333333333333,0.0,4.733963638684016,1.0797537762268323,20.304182509505704,96.11926171320397,55.389257694628846,96.11926171320397,47.16903438336422,20.304182509505704
7,82,0.3333333333333333,0.0,0.3333333333333333,0.0,1.741358482920802,1.023085803611123,55.11632695079267,95.97728348319924,70.71816535908268,95.97728348319924,55.11632695079267,87.75665399239544
7,83,0.6654661219052307,0.9963983657156922,0.3333333333333333,0.0,807.5844770468527,1.0790445134511149,0.12353304508956146,99.76336961665878,25.624622812311404,99.76336961665878,0.12353304508956146,0.6844106463878328
7,84,0.47028449529715993,0.41085348589147985,0.3333333333333333,0.0,15.05826264989763,1.0493992349823211,3.211859172328598,48.365019011406844,20.856970428485212,44.29720776147658,3.211859172328598,48.365019011406844
7,85,0.6578458148187232,0.9735374444561696,0.3333333333333333,0.0,526.3857075248461,1.027276289437785,0.1852995676343422,97.5390440132513,25.093542546771275,97.5390440132513,0.1852995676343422,0.6844106463878328
7,86,0.6589224497712995,0.9767673493138987,0.3333333333333333,0.0,339.86850111554327,1.0622731986299219,0.2882437718756434,97.9649787032655,25.25045262522631,97.9649787032655,0.2882437718756434,0.6083650190114068
7,87,0.3333333333333333,0.0,0.3333333333333333,0.0,3.4890646554762315,1.0194291429790177,28.59315589353612,99.76336961665878,74.21846710923356,99.76336961665878,75.4581017088738,28.59315589353612
7,88,0.6589224497712995,0.9767673493138987,0.3333333333333333,0.0,339.86850111554327,1.0361778977522578,0.2882437718756434,97.9649787032655,25.25045262522631,97.9649787032655,0.2882437718756434,0.6083650190114068
7,89,0.3333333333333333,0.0,0.3333333333333333,0.0,1.0718041752116527,1.0030983756594465,93.07984790874525,99.76336961665878,96.8255884127942,99.76336961665878,96.56166357834054,93.07984790874525
7,90,0.5634614616824449,0.6903843850473349,0.3333333333333333,0.0,4.640670804577351,1.0342577700012339,21.140684410646386,98.10695693327023,81.24321062160531,98.10695693327023,90.17912291537986,21.140684410646386
7,91,0.46992799881956016,0.4097839964586805,0.3333333333333333,0.0,14.094216255261914,1.018290490618434,3.129503808935557,44.1079034548036,17.139408569704283,44.1079034548036,3.129503808935557,25.55133079847909
7,92,0.3567148455980458,0.0701445367941374,0.3333333333333333,0.0,1.0841230955231123,1.011090478626721,90.49429657794677,98.10695693327023,96.54797827398913,98.10695693327023,97.5087502573605,90.49429657794677
7,93,0.4765984064906264,0.42979521947187926,0.3333333333333333,0.0,41.89855038022814,1.0250271428969127,1.3176858142886554,55.20912547528517,20.832830416415206,44.29720776147658,1.3176858142886554,55.20912547528517
7,94,0.5624863491288102,0.6874590473864308,0.3333333333333333,0.0,3.4075021050884753,1.013615156942719,29.277566539923956,99.76336961665878,87.55582377791188,99.76336961665878,98.02347127856702,29.277566539923956
7,95,0.3333333333333333,0.0,0.3333333333333333,0.0,1.800635259492062,1.0144311060552145,54.1692402717727,97.5390440132513,70.3560651780326,97.5390440132513,54.1692402717727,86.4638783269962
7,96,0.4703670737203148,0.4111012211609444,0.3333333333333333,0.0,1.7647116026684129,1.0094531832802587,55.51330798479087,97.9649787032655,90.4405552202776,97.9649787032655,96.62343010088532,55.51330798479087
7,97,0.3333333333333333,0.0,0.3333333333333333,0.0,3.5584962442510952,1.014194783347406,26.692015209125476,94.98343587316612,74.06155703077852,94.98343587316612,77.7846407247272,26.692015209125476
7,98,0.6524340579767337,0.9573021739302012,0.3333333333333333,0.0,420.70042593469,1.0388070342205324,0.22813688212927757,95.97728348319924,24.659022329511167,95.97728348319924,0.24706609017912293,0.22813688212927757
7,99,0.3333333333333333,0.0,0.3333333333333333,0.0,1.054572596832044,1.0075894421230818,94.60076045627378,99.76336961665878,97.97223898611949,99.76336961665878,98.10582664196006,94.60076045627378
7,100,0.46420788031955934,0.3926236409586781,0.3333333333333333,0.0,13.884952865785804,1.0632908984106524,3.0471484455425157,42.309512541410314,15.642727821363911,42.309512541410314,3.0471484455425157,19.315589353612168
7,101,0.5367059368144392,0.6101178104433178,0.3333333333333333,0.0,4.544158550659659,1.0170213927038807,21.673003802281368,98.48556554661619,77.03077851538926,98.48556554661619,82.68478484661314,21.673003802281368
7,102,0.6578458148187232,0.9735374444561696,0.3333333333333333,0.0,526.3857075248461,1.057215172471551,0.1852995676343422,97.5390440132513,25.093542546771275,97.5390440132513,0.1852995676343422,0.6844106463878328
7,103,0.3906198911166067,0.17185967334982022,0.3333333333333333,0.0,1.261431067749099,1.014549164942003,79.08745247148289,99.76336961665878,94.4357272178636,99.76336961665878,96.2734198064649,79.08745247148289
7,104,0.46988113532452735,0.4096434059735821,0.3333333333333333,0.0,1.7574890449494425,1.010362527334212,55.741444866920155,97.9649787032655,90.52504526252262,97.9649787032655,96.70578546427836,55.741444866920155
7,105,0.6649170861492771,0.9947512584478315,0.3333333333333333,0.0,346.1076330200798,1.0465427432521175,0.2882437718756434,99.76336961665878,25.72118286059143,99.76336961665878,0.2882437718756434,0.6844106463878328
7,106,0.3333333333333333,0.0,0.3333333333333333,0.0,1.1421785861029483,1.0170297737525011,86.22606547251391,98.48556554661619,90.63367531683765,98.48556554661619,86.22606547251391,94.29657794676805
7,107,0.6649170861492771,0.9947512584478315,0.3333333333333333,0.0,346.1076330200798,1.0157868473394573,0.2882437718756434,99.76336961665878,25.709112854556427,99.76336961665878,0.2882437718756434,0.6083650190114068
7,108,0.6435998569986615,0.9307995709959846,0.3333333333333333,0.0,409.083451648525,1.0671564786295609,0.22813688212927757,93.32702318977756,23.983101991550996,93.32702318977756,0.24706609017912293,0.22813688212927757
7,109,0.6607263687186293,0.9821791061558881,0.3333333333333333,0.0,367.95722450762673,1.0798026655520665,0.2676549310273832,98.48556554661619,25.383222691611344,98.48556554661619,0.2676549310273832,0.6844106463878328
7,110,0.3333333333333333,0.0,0.3333333333333333,0.0,3.4171113111820657,1.0217981595638155,28.8212927756654,98.48556554661619,72.35968617984308,98.48556554661619,72.78155239859996,28.8212927756654
7,111,0.3333333333333333,0.0,0.3333333333333333,0.0,1.7572223174049018,1.022345331033157,55.50751492690962,97.5390440132513,72.52866626433313,97.5390440132513,55.50751492690962,95.20912547528518
7,112,0.3333333333333333,0.0,0.3333333333333333,0.0,3.4075021050884753,1.0166140984676344,29.277566539923956,99.76336961665878,74.33916716958359,99.76336961665878,75.47869054972205,29.277566539923956
7,113,0.5789639977109593,0.736891993132878,0.3333333333333333,0.0,4.196219771817399,1.0269694797876796,23.34600760456274,97.9649787032655,85.57634278817139,97.9649787032655,97.03520691785053,23.34600760456274
7,114,0.3333333333333333,0.0,0.3333333333333333,0.0,3.434262592824772,1.0115334104442626,29.04942965779468,99.76336961665878,74.31502715751358,99.76336961665878,75.49927939057031,29.04942965779468
7,115,0.6107684347183527,0.8323053041550583,0.3333333333333333,0.0,6.034255121147095,1.070117622614939,16.532839201152974,99.76336961665878,39.058539529269765,99.76336961665878,16.532839201152974,24.714828897338403
7,116,0.3333333333333333,0.0,0.3333333333333333,0.0,1.0670855944354867,1.006447344028636,91.93916349809886,98.10695693327023,96.60832830416415,98.10695693327023,97.22050648548488,91.93916349809886
7,117,0.6061702602622412,0.8185107807867237,0.3333333333333333,0.0,5.569548117564502,1.047421328835231,17.91229153798641,99.76336961665878,49.728424864212435,99.76336961665878,17.91229153798641,86.84410646387832
7,118,0.3333333333333333,0.0,0.3333333333333333,0.0,2.6795859278287666,1.0267111254819676,34.82889733840304,93.32702318977756,72.69764634882317,93.32702318977756,73.97570516779905,34.82889733840304
7,119,0.3333333333333333,0.0,0.3333333333333333,0.0,1.3424625220317414,1.0181601266510836,73.07984790874525,98.10695693327023,90.93542546771273,98.10695693327023,92.6497838171711,73.07984790874525
7,120,0.3333333333333333,0.0,0.3333333333333333,0.0,1.7089198204662381,1.0100456404110243,56.57794676806084,96.68717463322291,84.44176222088112,96.68717463322291,86.65843113032736,56.57794676806084
7,121,0.3333333333333333,0.0,0.3333333333333333,0.0,2.7343884825057625,1.0194598086734232,33.99239543726236,92.94841457643162,57.46529873264936,92.94841457643162,48.38377599341157,33.99239543726236
7,122,0.3333333333333333,0.0,0.3333333333333333,0.0,3.331528386426635,1.0131975851638748,29.277566539923956,97.5390440132513,57.23596861798431,97.5390440132513,47.27197858760552,29.277566539923956
7,123,0.3333333333333333,0.0,0.3333333333333333,0.0,1.0520355336480056,1.0108481280209662,94.82889733840304,99.76336961665878,97.09112854556427,99.76336961665878,96.54107473749228,94.82889733840304
7,124,0.3333333333333333,0.0,0.3333333333333333,0.0,3.093385484813897,1.0150097886736453,31.02661596958175,95.97728348319924,75.00301750150875,95.97728348319924,77.7846407247272,31.02661596958175
7,125,0.6649170861492771,0.9947512584478315,0.3333333333333333,0.0,346.1076330200798,1.1246106250846466,0.2882437718756434,99.76336961665878,25.660832830416414,99.76336961665878,0.2882437718756434,0.3041825095057034
7,126,0.48071617466027844,0.4421485239808354,0.3333333333333333,0.0,537.8788452437293,1.127628606380984,0.08235536339304096,44.29720776147658,11.430295715147858,44.29720776147658,0.08235536339304096,0.532319391634981
7,127,0.6654661219052307,0.9963983657156922,0.3333333333333333,0.0,807.5844770468527,1.033913287037484,0.12353304508956146,99.76336961665878,25.55220277610139,99.76336961665878,0.12353304508956146,0.22813688212927757
7,128,0.47733471982400716,0.43200415947202153,0.3333333333333333,0.0,420.64884051112165,1.1582025314615156,0.10294420424130121,43.30336015144344,11.140615570307785,43.30336015144344,0.10294420424130121,0.22813688212927757
7,129,0.3333333333333333,0.0,0.3333333333333333,0.0,3.27041713873233,1.0319863469236659,30.11406844106464,98.48556554661619,72.63729631864815,98.48556554661619,72.90508544368952,30.11406844106464
7,130,0.659395710537982,0.978187131613946,0.3333333333333333,0.0,340.3610641606382,1.1606478293041536,0.2882437718756434,98.10695693327023,25.262522631261312,98.10695693327023,0.2882437718756434,0.45627376425855515
7,131,0.5665111152340984,0.6995333457022952,0.3333333333333333,0.0,3.5737021708379597,1.0231008505875299,27.452471482889734,98.10695693327023,86.48159324079661,98.10695693327023,97.40580605311922,27.452471482889734
7,132,0.4717747908855518,0.41532437265665545,0.3333333333333333,0.0,19.506701632966735,1.1045683291912691,2.2441836524603667,43.776620918125886,15.582377791188895,43.776620918125886,2.2441836524603667,19.543726235741445
7,133,0.3333333333333333,0.0,0.3333333333333333,0.0,1.7803349747176307,1.0153934291478814,54.78690549722051,97.5390440132513,71.34580567290284,97.5390440132513,54.78690549722051,90.41825095057034
7,134,0.4766670359601206,0.4300011078803619,0.3333333333333333,0.0,34.151037793252655,1.0628692364549046,1.2970969734403952,44.29720776147658,14.170187085093541,44.29720776147658,1.2970969734403952,13.307984790874524
7,135,0.3333333333333333,0.0,0.3333333333333333,0.0,2.7984228186135054,1.042880787295907,33.840304182509506,94.69947941315665,72.72178636089318,94.69947941315665,73.68746139592342,33.840304182509506
7,136,0.5938244910286862,0.7814734730860586,0.3333333333333333,0.0,5.3829291671812785,1.016138010665364,17.82993617459337,95.97728348319924,40.012070006035,95.97728348319924,17.82993617459337,32.01520912547529
7,137,0.46691018598066564,0.40073055794199697,0.3333333333333333,0.0,13.975655466161854,1.1446013788773495,3.0883261272390365,43.16138192143871,15.956547978273989,43.16138192143871,3.0883261272390365,19.771863117870723
7,138,0.47278016937126793,0.41834050811380386,0.3333333333333333,0.0,1.7793362844584826,1.013560804549957,55.057034220532316,97.9649787032655,90.52504526252262,97.9649787032655,96.89108503191271,55.057034220532316
7,139,0.3333333333333333,0.0,0.3333333333333333,0.0,1.7591006259543347,1.024264473891781,54.56042824788965,95.97728348319924,69.94568497284249,95.97728348319924,54.56042824788965,84.94296577946768
7,140,0.4924467658427738,0.47734029752832147,0.3333333333333333,0.0,2.4917591294931167,1.0127587821613147,39.31558935361217,97.9649787032655,82.25709112854557,97.9649787032655,87.04961910644431,39.31558935361217
7,141,0.38741205055199757,0.16223615165599276,0.3333333333333333,0.0,1.2147113985732063,1.0061425748746156,82.12927756653993,99.76336961665878,96.13759806879904,99.76336961665878,98.35289273213918,82.12927756653993
7,142,0.4696973753533569,0.40909212606007084,0.3333333333333333,0.0,1.7582556435197738,1.012626613407332,54.82889733840304,96.40321817321345,89.41460470730236,96.40321817321345,95.73810994441013,54.82889733840304
7,143,0.3333333333333333,0.0,0.3333333333333333,0.0,1.048584042908703,1.002760282790015,95.14103355981058,99.76336961665878,96.33071816535909,99.76336961665878,95.14103355981058,95.20912547528518
7,144,0.5938244910286862,0.7814734730860586,0.3333333333333333,0.0,5.3829291671812785,1.0254450093943954,17.82993617459337,95.97728348319924,40.59143029571515,95.97728348319924,17.82993617459337,35.665399239543724
7,145,0.5265986686926712,0.5797960060780138,0.3333333333333333,0.0,3.390275358476447,1.0227936641707311,29.04942965779468,98.48556554661619,80.7483403741702,98.48556554661619,87.02903026559605,29.04942965779468
7,146,0.3333333333333333,0.0,0.3333333333333333,0.0,1.7604873161366092,1.0136163164201348,55.40457072266831,97.5390440132513,72.009656004828,97.5390440132513,55.40457072266831,92.31939163498099
7,147,0.47028449529715993,0.41085348589147985,0.3333333333333333,0.0,18.491357121965486,1.0390600354693593,3.211859172328598,59.39163498098859,22.60712130356065,44.29720776147658,3.211859172328598,59.39163498098859
7,148,0.47014723635817157,0.41044170907451477,0.3333333333333333,0.0,13.617185955537453,1.0368650292766206,3.253036854025118,44.29720776147658,16.415208207604103,44.29720776147658,3.253036854025118,20.228136882129277
7,149,0.5414269136596913,0.624280740979074,0.3333333333333333,0.0,6.126705232058592,1.0135736494111331,15.665399239543726,95.97728348319924,72.74592637296318,95.97728348319924,78.0934733374511,15.665399239543726
7,150,0.3333333333333333,0.0,0.3333333333333333,0.0,1.0850348895479425,1.0062947473559227,90.41825095057034,98.10695693327023,95.96861798430899,98.10695693327023,96.54107473749228,90.41825095057034
7,151,0.6547317323406517,0.9641951970219553,0.3333333333333333,0.0,361.23815937966435,1.0561835839939624,0.2676549310273832,96.68717463322291,24.87628243814122,96.68717463322291,0.2676549310273832,0.38022813688212925
7,152,0.3333333333333333,0.0,0.3333333333333333,0.0,1.0329829216213093,1.00634355901499,96.57794676806084,99.76336961665878,98.43089921544961,99.76336961665878,98.35289273213918,96.57794676806084
7,153,0.471021271743212,0.4130638152296361,0.3333333333333333,0.0,1.7527067618339338,1.018877504179045,55.893536121673,97.9649787032655,90.83886541943271,97.9649787032655,97.1999176446366,55.893536121673
7,154,0.3333333333333333,0.0,0.3333333333333333,0.0,9.489483291759925,1.0418516347614684,10.114068441064639,95.97728348319924,64.59867229933614,95.97728348319924,65.69899114679843,10.114068441064639
7,155,0.3333333333333333,0.0,0.3333333333333333,0.0,1.0329115161509235,1.0038496085754554,94.98098859315589,98.10695693327023,97.12733856366928,98.10695693327023,97.28227300802965,94.98098859315589
7,156,0.6107684347183527,0.8323053041550583,0.3333333333333333,0.0,9.79021127208256,1.0211296372418046,10.190114068441064,99.76336961665878,36.75316837658419,99.76336961665878,16.532839201152974,10.190114068441064
7,157,0.3333333333333333,0.0,0.3333333333333333,0.0,1.0959802092389832,1.0056808839293132,91.02661596958174,99.76336961665878,94.60470730235365,99.76336961665878,93.32921556516368,91.02661596958174
7,158,0.3333333333333333,0.0,0.3333333333333333,0.0,1.1359401374018399,1.018912234352227,86.69960881202388,98.48556554661619,90.52504526252262,98.48556554661619,86.69960881202388,91.86311787072243
7,159,0.48789295264070803,0.46367885792212415,0.3333333333333333,0.0,2.0879083791700834,1.0227278534892243,46.92015209125475,97.9649787032655,87.12130356065177,97.9649787032655,93.28803788346715,46.92015209125475
7,160,0.6107684347183527,0.8323053041550583,0.3333333333333333,0.0,6.034255121147095,1.0683246209892565,16.532839201152974,99.76336961665878,39.794809897404946,99.76336961665878,16.532839201152974,29.35361216730038
7,161,0.3333333333333333,0.0,0.3333333333333333,0.0,1.6037754406590012,1.0085304868088991,62.20532319391635,99.76336961665878,87.39891369945684,99.76336961665878,88.84084826024295,62.20532319391635
7,162,0.4705590131751367,0.4116770395254102,0.3333333333333333,0.0,18.03028817290374,1.0602785467314382,3.129503808935557,56.42585551330799,22.088111044055523,44.29720776147658,3.129503808935557,56.42585551330799
7,163,0.3333333333333333,0.0,0.3333333333333333,0.0,2.964995605435738,1.024250724821699,31.93916349809886,94.69947941315665,72.63729631864815,94.69947941315665,74.0580605311921,31.93916349809886
7,164,0.3333333333333333,0.0,0.3333333333333333,0.0,1.7578743479493937,1.0134472849138405,55.48692608606135,97.5390440132513,71.33373566686784,97.5390440132513,55.48692608606135,87.75665399239544
7,165,0.46468114108624176,0.3940434232587253,0.3333333333333333,0.0,13.931546667348846,1.0527758547012533,3.0471484455425157,42.45149077141505,16.24622812311406,42.45149077141505,3.0471484455425157,22.88973384030418
7,166,0.3333333333333333,0.0,0.3333333333333333,0.0,3.7172075056599425,1.017793001463477,25.323193916349812,94.13156649313773,56.69281834640917,94.13156649313773,48.89849701461807,25.323193916349812
7,167,0.5265986686926712,0.5797960060780138,0.3333333333333333,0.0,3.390275358476447,1.0160497718594093,29.04942965779468,98.48556554661619,80.7483403741702,98.48556554661619,87.02903026559605,29.04942965779468
7,168,0.3333333333333333,0.0,0.3333333333333333,0.0,3.4523376591027977,1.04589672270241,28.89733840304182,99.76336961665878,74.20639710319855,99.76336961665878,75.35515750463249,28.89733840304182
7,169,0.3333333333333333,0.0,0.3333333333333333,0.0,5.019710026891484,1.028468698562565,19.619771863117872,98.48556554661619,69.28183464091731,98.48556554661619,70.02264772493308,19.619771863117872
7,170,0.47035312476665414,0.4110593742999625,0.3333333333333333,0.0,17.75280264933153,1.1222968814548153,3.1912703314803377,56.65399239543726,22.160531080265542,44.29720776147658,3.1912703314803377,56.65399239543726
7,171,0.4671713547285136,0.4015140641855409,0.3333333333333333,0.0,15.234699341234831,1.1422931804669734,2.820671196211653,42.97207761476574,14.821967410983705,42.97207761476574,2.820671196211653,13.916349809885931
7,172,0.5610296299253713,0.683088889776114,0.3333333333333333,0.0,3.4432764054043643,1.0261774952697593,28.973384030418252,99.76336961665878,87.07302353651177,99.76336961665878,97.28227300802965,28.973384030418252
7,173,0.6649170861492771,0.9947512584478315,0.3333333333333333,0.0,437.2961034863543,1.031312033973631,0.22813688212927757,99.76336961665878,25.64876282438141,99.76336961665878,0.2882437718756434,0.22813688212927757
7,174,0.6649170861492771,0.9947512584478315,0.3333333333333333,0.0,346.1076330200798,1.0460573350384148,0.2882437718756434,99.76336961665878,25.72118286059143,99.76336961665878,0.2882437718756434,0.6844106463878328
7,175,0.3333333333333333,0.0,0.3333333333333333,0.0,1.1321760754080823,1.005004927426192,86.98785258389952,98.48556554661619,91.62341581170791,98.48556554661619,86.98785258389952,97.71863117870723
7,176,0.46888614955644353,0.40665844866933065,0.3333333333333333,0.0,15.630667297681022,1.1155428508903904,2.7794935145151327,43.44533838144818,14.133977066988535,43.44533838144818,2.7794935145151327,8.97338403041825
7,177,0.3333333333333333,0.0,0.3333333333333333,0.0,2.667737283156813,1.0634311601661608,35.28517110266159,94.13156649313773,58.35847917923959,94.13156649313773,49.0426189005559,35.28517110266159
7,178,0.47733471982400716,0.43200415947202153,0.3333333333333333,0.0,420.64884051112165,1.021974150355335,0.10294420424130121,43.30336015144344,11.140615570307785,43.30336015144344,0.10294420424130121,0.22813688212927757
7,179,0.474879291871195,0.424637875613585,0.3333333333333333,0.0,516.6165404637956,1.0809678534393363,0.08235536339304096,42.54614292475154,10.971635485817743,42.54614292475154,0.08235536339304096,0.45627376425855515
7,180,0.5013995975651412,0.5041987926954237,0.3333333333333333,0.0,2.4537894665675073,1.026166394359484,39.92395437262358,97.9649787032655,84.28485214242608,97.9649787032655,90.34383364216595,39.92395437262358
7,181,0.3333333333333333,0.0,0.3333333333333333,0.0,3.88132636230492,1.0276328587850385,25.70342205323194,99.76336961665878,73.77187688593845,99.76336961665878,75.47869054972205,25.70342205323194
7,182,0.3333333333333333,0.0,0.3333333333333333,0.0,1.054572596832044,1.0079642815381455,94.60076045627378,99.76336961665878,97.9963789981895,99.76336961665878,98.14700432365659,94.60076045627378
7,183,0.46985936935006595,0.4095781080501979,0.3333333333333333,0.0,14.002097194770005,1.1159725824220574,3.1500926497838173,44.1079034548036,18.75678937839469,44.1079034548036,3.1500926497838173,35.665399239543724
7,184,0.5949697554507568,0.7849092663522705,0.3333333333333333,0.0,5.38195897318733,1.0430378558986382,17.91229153798641,96.40321817321345,43.70549185274592,96.40321817321345,17.91229153798641,54.29657794676807
7,185,0.3333333333333333,0.0,0.3333333333333333,0.0,1.763764470485337,1.009295355360018,55.301626518427014,97.5390440132513,70.0060350030175,97.5390440132513,55.301626518427014,80.07604562737643
7,186,0.4663478010945832,0.3990434032837496,0.3333333333333333,0.0,14.007743689591756,1.0951139688609295,3.067737286390776,42.97207761476574,17.47736873868437,42.97207761476574,3.067737286390776,29.733840304182507
7,187,0.3333333333333333,0.0,0.3333333333333333,0.0,1.7821803804757046,1.0146226331116395,54.0662960675314,96.35589209654519,71.03198551599276,96.35589209654519,54.0662960675314,93.00380228136882
7,188,0.5610816630668815,0.6832449892006445,0.3333333333333333,0.0,3.3638161806642644,1.0149783959533132,29.65779467680608,99.76336961665878,87.59203379601689,99.76336961665878,97.98229359687049,29.65779467680608
7,189,0.4704456714245417,0.4113370142736251,0.3333333333333333,0.0,1.747950434122037,1.0047132624530468,56.045627376425855,97.9649787032655,90.85093542546771,97.9649787032655,97.17932880378835,56.045627376425855
7,190,0.3333333333333333,0.0,0.3333333333333333,0.0,2.8046695062312668,1.0297763183192352,34.22053231939163,95.97728348319924,75.22027761013881,95.97728348319924,77.29050854436895,34.22053231939163
7,191,0.3333333333333333,0.0,0.3333333333333333,0.0,1.2488767472883344,1.0202438529692577,78.85931558935361,98.48556554661619,88.42486421243211,98.48556554661619,86.63784228947911,78.85931558935361
7,192,0.3968873012778911,0.19066190383367343,0.3333333333333333,0.0,1.2761559440263257,1.0080969989767024,78.17490494296578,99.76336961665878,94.85817742908871,99.76336961665878,97.24109532633312,78.17490494296578
7,193,0.3333333333333333,0.0,0.3333333333333333,0.0,4.675692298966093,1.0421867416726707,20.304182509505704,94.93610979649787,54.83403741701871,94.93610979649787,46.73666872555075,20.304182509505704
7,194,0.3333333333333333,0.0,0.3333333333333333,0.0,1.8134408773724997,1.0142346569752387,53.00380228136882,96.11926171320397,64.73144236572118,96.11926171320397,54.25159563516574,53.00380228136882
7,195,0.3333333333333333,0.0,0.3333333333333333,0.0,1.6776065351138914,1.015915646403365,59.467680608365015,99.76336961665878,86.78334339167169,99.76336961665878,88.53201564751905,59.467680608365015
7,196,0.606101630792747,0.8183048923782412,0.3333333333333333,0.0,5.563153688038022,1.0413857698783493,17.93288037883467,99.76336961665878,48.980084490042245,99.76336961665878,17.93288037883467,82.0532319391635
7,197,0.3333333333333333,0.0,0.3333333333333333,0.0,10.646607189652409,1.028852394991605,9.201520912547528,97.9649787032655,70.13880506940254,97.9649787032655,74.53160387070209,9.201520912547528
7,198,0.606101630792747,0.8183048923782412,0.3333333333333333,0.0,5.563153688038022,1.0401927355931195,17.93288037883467,99.76336961665878,50.76644538322269,99.76336961665878,17.93288037883467,93.30798479087451
7,199,0.3333333333333333,0.0,0.3333333333333333,0.0,3.03389730241363,1.0045806790933371,31.634980988593153,95.97728348319924,74.8098974049487,95.97728348319924,77.29050854436895,31.634980988593153
9,0,0.5764612401371233,0.72938372041137,0.3333333333333333,0.0,4.1289726600895555,1.0293299824501325,23.726235741444867,97.9649787032655,85.41943270971636,97.9649787032655,96.66460778258184,23.726235741444867
9,1,0.3333333333333333,0.0,0.3333333333333333,0.0,4.061573716591526,1.0337958490313,24.562737642585553,99.76336961665878,73.04767652383826,99.76336961665878,74.55219271155033,24.562737642585553
9,2,0.6076757887996121,0.8230273663988366,0.3333333333333333,0.0,6.085806512212656,1.039279708336685,16.182828906732553,98.48556554661619,39.1792395896198,98.48556554661619,16.182828906732553,28.8212927756654
9,3,0.47629907417124234,0.4288972225137271,0.3333333333333333,0.0,521.788452437293,1.143369601368366,0.08235536339304096,42.97207761476574,11.044055522027762,42.97207761476574,0.08235536339304096,0.22813688212927757
9,4,0.6036952795689484,0.8110858387068454,0.3333333333333333,0.0,5.667587581278612,1.0164051550705597,17.376981675931642,98.48556554661619,39.867229933614965,98.48556554661619,17.376981675931642,28.74524714828897
9,5,0.3333333333333333,0.0,0.3333333333333333,0.0,1.792459844011962,1.032480560199701,54.416306361951825,97.5390440132513,68.25588412794207,97.5390440132513,54.416306361951825,72.31939163498099
9,6,0.3333333333333333,0.0,0.3333333333333333,0.0,1.7869437491902254,1.0114223427793398,53.922174181593576,96.35589209654519,71.46650573325287,96.35589209654519,53.922174181593576,96.27376425855513
9,7,0.5912665898263453,0.773799769479036,0.3333333333333333,0.0,5.395725708023015,1.028222391950454,17.603458925262508,94.98343587316612,38.03258901629451,94.98343587316612,17.603458925262508,21.977186311787072
9,8,0.6649170861492771,0.9947512584478315,0.3333333333333333,0.0,346.1076330200798,1.025485412312763,0.2882437718756434,99.76336961665878,25.68497284248642,99.76336961665878,0.2882437718756434,0.45627376425855515
9,9,0.3333333333333333,0.0,0.3333333333333333,0.0,2.6838322290582113,1.0119768497085802,35.28517110266159,94.69947941315665,73.09595654797828,94.69947941315665,73.93452748610252,35.28517110266159
9,10,0.6037639090384427,0.8112917271153282,0.3333333333333333,0.0,5.67431069821963,1.047331949120976,17.356392835083383,98.48556554661619,49.245624622812315,98.48556554661619,17.356392835083383,87.90874524714829
9,11,0.6589910792407937,0.9769732377223812,0.3333333333333333,0.0,429.4131566493138,1.1309794677636609,0.22813688212927757,97.9649787032655,25.178032589016297,97.9649787032655,0.2676549310273832,0.22813688212927757
9,12,0.5938244910286862,0.7814734730860586,0.3333333333333333,0.0,5.3829291671812785,1.0046981317169337,17.82993617459337,95.97728348319924,40.48280024140012,95.97728348319924,17.82993617459337,34.98098859315589
9,13,0.3333333333333333,0.0,0.3333333333333333,0.0,3.3576922219221323,1.009182005867391,29.04942965779468,97.5390440132513,57.1997585998793,97.5390440132513,47.27197858760552,29.04942965779468
9,14,0.3333333333333333,0.0,0.3333333333333333,0.0,1.764718654727701,1.0226939824252745,53.716285773110975,94.79413156649314,69.82498491249245,94.79413156649314,53.716285773110975,89.20152091254752
9,15,0.3333333333333333,0.0,0.3333333333333333,0.0,1.154584580883212,1.021212022838036,85.29956763434218,98.48556554661619,89.14906457453229,98.48556554661619,85.29956763434218,88.36501901140684
9,16,0.3333333333333333,0.0,0.3333333333333333,0.0,4.990811006903714,1.0208070410685175,19.543726235741445,97.5390440132513,55.497887748943874,97.5390440132513,46.94255713403335,19.543726235741445
9,17,0.6649170861492771,0.9947512584478315,0.3333333333333333,0.0,346.1076330200798,1.0466538111953079,0.2882437718756434,99.76336961665878,25.660832830416414,99.76336961665878,0.2882437718756434,0.3041825095057034
9,18,0.5767888871405336,0.7303666614216008,0.3333333333333333,0.0,4.18259568164916,1.0140429497514698,23.422053231939163,97.9649787032655,85.25045262522632,97.9649787032655,96.45871937409923,23.422053231939163
9,19,0.6477014503099093,0.9431043509297281,0.3333333333333333,0.0,414.4770468528159,1.035398334869274,0.22813688212927757,94.55750118315191,24.296922148461075,94.55750118315191,0.24706609017912293,0.22813688212927757
9,20,0.4715198257480555,0.4145594772441666,0.3333333333333333,0.0,15.590691166484909,1.067522728169774,2.8412600370599135,44.29720776147658,14.218467109233554,44.29720776147658,2.8412600370599135,7.908745247148288
9,21,0.6181808071793505,0.8545424215380517,0.3333333333333333,0.0,9.012572473765092,1.0367077226409294,10.665019559398806,96.11926171320397,39.29993964996982,96.11926171320397,10.665019559398806,53.76425855513308
9,22,0.3333333333333333,0.0,0.3333333333333333,0.0,2.8234927915079866,1.0357389621886999,33.99239543726236,95.97728348319924,75.31683765841883,95.97728348319924,77.51698579369982,33.99239543726236
9,23,0.3333333333333333,0.0,0.3333333333333333,0.0,1.7578743479493937,1.0287083029079696,55.48692608606135,97.5390440132513,72.4321062160531,97.5390440132513,55.48692608606135,94.67680608365019
9,24,0.3333333333333333,0.0,0.3333333333333333,0.0,1.7565707703832465,1.0299186958983901,55.52810376775788,97.5390440132513,71.93723596861798,97.5390440132513,55.52810376775788,91.40684410646388
9,25,0.3333333333333333,0.0,0.3333333333333333,0.0,2.685449354366685,1.0102969596932148,34.752851711026615,93.32702318977756,72.39589619794809,93.32702318977756,73.4815729874408,34.752851711026615
9,26,0.4728123203571668,0.41843696107150047,0.3333333333333333,0.0,32.75544249881685,1.133659601701615,1.3176858142886554,43.16138192143871,15.00301750150875,43.16138192143871,1.3176858142886554,20.304182509505704
9,27,0.3333333333333333,0.0,0.3333333333333333,0.0,2.6456096356711596,1.0363933712959712,35.133079847908746,92.94841457643162,57.6101388050694,92.94841457643162,48.32200947086679,35.133079847908746
9,28,0.6612067750050887,0.9836203250152663,0.3333333333333333,0.0,797.2406530998579,1.054874756915218,0.12353304508956146,98.48556554661619,25.262522631261312,98.48556554661619,0.12353304508956146,0.45627376425855515
9,29,0.3333333333333333,0.0,0.3333333333333333,0.0,1.7572223174049018,1.0185217984236368,55.50751492690962,97.5390440132513,71.96137598068799,97.5390440132513,55.50751492690962,91.63498098859316
9,30,0.3333333333333333,0.0,0.3333333333333333,0.0,1.0657094317295392,1.009507180707418,93.61216730038024,99.76336961665878,96.004828002414,99.76336961665878,95.01750051472102,93.61216730038024
9,31,0.4635082364944885,0.3905247094834656,0.3333333333333333,0.0,13.730057140679143,1.0973569507558194,3.067737286390776,42.12020823473734,18.527459263729632,42.12020823473734,3.067737286390776,37.71863117870723
9,32,0.3333333333333333,0.0,0.3333333333333333,0.0,7.649098653358,1.032102715318359,12.547528517110266,95.97728348319924,66.34882317441159,95.97728348319924,68.02553016265183,12.547528517110266
9,33,0.47170616141605753,0.41511848424817266,0.3333333333333333,0.0,20.986000691323888,1.0561135785039428,2.2647724933086266,47.52851711026616,20.03621001810501,43.776620918125886,2.2647724933086266,47.52851711026616
9,34,0.46679342169158294,0.4003802650747489,0.3333333333333333,0.0,13.627577580961395,1.056044853227217,3.1706814906320777,43.20870799810695,15.980687990343995,43.20870799810695,3.1706814906320777,19.543726235741445
9,35,0.3333333333333333,0.0,0.3333333333333333,0.0,1.793105624187433,1.038368408830807,53.73687461395923,96.35589209654519,70.8267954133977,96.35589209654519,53.73687461395923,92.9277566539924
9,36,0.3333333333333333,0.0,0.3333333333333333,0.0,3.904429495413878,1.0199698807271615,25.55133079847909,99.76336961665878,73.73566686783344,99.76336961665878,75.4581017088738,25.55133079847909
9,37,0.3333333333333333,0.0,0.3333333333333333,0.0,1.7810042735803064,1.0483574523612769,54.76631665637225,97.5390440132513,69.11285455642728,97.5390440132513,54.76631665637225,76.42585551330798
9,38,0.3333333333333333,0.0,0.3333333333333333,0.0,5.019710026891484,1.026038108874297,19.619771863117872,98.48556554661619,69.39046469523234,98.48556554661619,70.20794729256743,19.619771863117872
9,39,0.3333333333333333,0.0,0.3333333333333333,0.0,4.133807429880619,1.0770389298315381,22.96577946768061,94.93610979649787,59.02232951116475,94.93610979649787,53.160387070207946,22.96577946768061
9,40,0.47402189445723003,0.42206568337169015,0.3333333333333333,0.0,410.9946048272598,1.153242270933429,0.10294420424130121,42.309512541410314,10.887145443572722,42.309512541410314,0.10294420424130121,0.22813688212927757
9,41,0.4715198257480555,0.4145594772441666,0.3333333333333333,0.0,15.590691166484909,1.0967935411619725,2.8412600370599135,44.29720776147658,15.980687990343995,44.29720776147658,2.8412600370599135,19.011406844106464
9,42,0.3333333333333333,0.0,0.3333333333333333,0.0,4.87969496192402,1.0040510041432258,20.076045627376427,97.9649787032655,72.27519613759806,97.9649787032655,75.23162445954293,20.076045627376427
9,43,0.3333333333333333,0.0,0.3333333333333333,0.0,4.806863693835602,1.034104739064184,20.380228136882128,97.9649787032655,71.92516596258298,97.9649787032655,74.55219271155033,20.380228136882128
9,44,0.46992799881956016,0.4097839964586805,0.3333333333333333,0.0,14.094216255261914,1.0485155111758644,3.129503808935557,44.1079034548036,17.80325890162945,44.1079034548036,3.129503808935557,29.733840304182507
9,45,0.5938244910286862,0.7814734730860586,0.3333333333333333,0.0,5.3829291671812785,1.0587995235153975,17.82993617459337,95.97728348319924,39.89136994568497,95.97728348319924,17.82993617459337,31.254752851711025
9,46,0.5602215766355015,0.6806647299065047,0.3333333333333333,0.0,3.4075021050884753,1.016879184250907,29.277566539923956,99.76336961665878,87.15751357875678,99.76336961665878,97.34403953057443,29.277566539923956
9,47,0.47107514706048087,0.41322544118144267,0.3333333333333333,0.0,19.245781525620618,1.2163440912562338,2.2647724933086266,43.587316611452906,18.020519010259505,43.587316611452906,2.2647724933086266,35.133079847908746
9,48,0.3333333333333333,0.0,0.3333333333333333,0.0,5.104623776105303,1.0326872416435968,19.543726235741445,99.76336961665878,70.73023536511768,99.76336961665878,71.95799876466955,19.543726235741445
9,49,0.3333333333333333,0.0,0.3333333333333333,0.0,2.7151556525344582,1.046780357347348,34.372623574144484,93.32702318977756,72.38382619191309,93.32702318977756,73.56392835083385,34.372623574144484
9,50,0.4806475451907842,0.4419426355723526,0.3333333333333333,0.0,430.3030761949835,1.1869586780423642,0.10294420424130121,44.29720776147658,11.430295715147858,44.29720776147658,0.10294420424130121,0.45627376425855515
9,51,0.6005802551814519,0.8017407655443557,0.3333333333333333,0.0,5.4707863355326465,1.0835427166364058,17.93288037883467,98.10695693327023,39.275799637899816,98.10695693327023,17.93288037883467,23.574144486692013
9,52,0.3333333333333333,0.0,0.3333333333333333,0.0,1.0631185660122067,1.0022506671277356,93.8403041825095,99.76336961665878,97.53771876885938,99.76336961665878,97.57051677990529,93.8403041825095
9,53,0.3333333333333333,0.0,0.3333333333333333,0.0,1.0762004187523075,1.002626427788092,92.69961977186311,99.76336961665878,97.57392878696439,99.76336961665878,97.94111591517397,92.69961977186311
9,54,0.3333333333333333,0.0,0.3333333333333333,0.0,1.7456883820123739,1.02041160819136,54.22053231939164,94.65215333648841,64.77972238986119,94.65215333648841,54.64278361128269,54.22053231939164
9,55,0.6612067750050887,0.9836203250152663,0.3333333333333333,0.0,797.2406530998579,1.209308870145372,0.12353304508956146,98.48556554661619,25.298732649366322,98.48556554661619,0.12353304508956146,0.6844106463878328
9,56,0.3333333333333333,0.0,0.3333333333333333,0.0,4.87969496192402,1.0154067638472266,20.076045627376427,97.9649787032655,72.09414604707302,97.9649787032655,74.92279184681902,20.076045627376427
9,57,0.46679342169158294,0.4003802650747489,0.3333333333333333,0.0,17.244496568070712,1.0473180336773493,3.1706814906320777,54.676806083650185,21.55703077851539,43.20870799810695,3.1706814906320777,54.676806083650185
9,58,0.4705590131751367,0.4116770395254102,0.3333333333333333,0.0,14.154706453782351,1.0742430282405107,3.129503808935557,44.29720776147658,19.058539529269762,44.29720776147658,3.129503808935557,37.338403041825096
9,59,0.5518011843411036,0.6554035530233109,0.3333333333333333,0.0,3.398674379427624,1.0230240811153357,29.35361216730038,99.76336961665878,85.73325286662643,99.76336961665878,94.89396746963146,29.35361216730038
9,60,0.6397727815653905,0.9193183446961717,0.3333333333333333,0.0,605.5347846663512,1.0545954073479284,0.1520912547528517,92.09654519640323,23.6089318044659,92.09654519640323,0.16471072678608192,0.1520912547528517
9,61,0.3333333333333333,0.0,0.3333333333333333,0.0,9.71769118858565,1.0201842447750529,10.26615969581749,99.76336961665878,70.77851538925769,99.76336961665878,74.55219271155033,10.26615969581749
9,62,0.6229134148461749,0.8687402445385248,0.3333333333333333,0.0,9.145697621088061,1.043389086116689,10.665019559398806,97.5390440132513,35.73928786964394,97.5390440132513,10.665019559398806,29.04942965779468
9,63,0.3333333333333333,0.0,0.3333333333333333,0.0,2.068687874842279,1.0404667113993886,46.4638783269962,96.11926171320397,63.72963186481593,96.11926171320397,54.31336215771052,46.4638783269962
9,64,0.3333333333333333,0.0,0.3333333333333333,0.0,1.0914212233436464,1.0122552365003719,91.40684410646388,99.76336961665878,94.53228726614363,99.76336961665878,93.10273831583282,91.40684410646388
9,65,0.46787099855358444,0.40361299566075337,0.3333333333333333,0.0,15.414325881796163,1.072365185712656,2.800082355363393,43.16138192143871,15.594447797223898,43.16138192143871,2.800082355363393,18.555133079847906
9,66,0.3333333333333333,0.0,0.3333333333333333,0.0,5.104623776105303,1.008387570636916,19.543726235741445,99.76336961665878,70.95956547978274,99.76336961665878,72.3491867407865,19.543726235741445
9,67,0.6448618857098146,0.934585657129444,0.3333333333333333,0.0,410.74301940369145,1.0518667563722044,0.22813688212927757,93.70563180312352,24.07966203983102,93.70563180312352,0.24706609017912293,0.22813688212927757
9,68,0.3333333333333333,0.0,0.3333333333333333,0.0,1.7367978204651477,1.005151669888783,55.34280420012353,96.11926171320397,65.74532287266143,96.11926171320397,55.34280420012353,55.361216730038024
9,69,0.5914181398048877,0.7742544194146631,0.3333333333333333,0.0,5.482185596063193,1.0286896084702566,17.27403747169034,94.69947941315665,39.867229933614965,94.69947941315665,17.27403747169034,35.20912547528517
9,70,0.3333333333333333,0.0,0.3333333333333333,0.0,1.042089243677305,1.017847869847228,94.1444866920152,98.10695693327023,96.97042848521424,98.10695693327023,97.24109532633312,94.1444866920152
9,71,0.3333333333333333,0.0,0.3333333333333333,0.0,1.2925001865648729,1.0123855477505295,76.19771863117872,98.48556554661619,87.65238382619191,98.48556554661619,86.04076590487956,76.19771863117872
9,72,0.3333333333333333,0.0,0.3333333333333333,0.0,1.1329758138907013,1.0026807479816258,86.98785258389952,98.5551330798479,91.75618587809295,98.48556554661619,86.98785258389952,98.5551330798479
9,73,0.6649857156187714,0.9949571468563143,0.3333333333333333,0.0,372.73129709854743,1.0466592092242826,0.2676549310273832,99.76336961665878,25.672902836451417,99.76336961665878,0.2676549310273832,0.45627376425855515
9,74,0.3333333333333333,0.0,0.3333333333333333,0.0,3.055113367465473,1.0125982407190477,30.950570342205324,94.55750118315191,74.66505733252866,94.55750118315191,77.84640724727197,30.950570342205324
9,75,0.4611900674806648,0.3835702024419945,0.3333333333333333,0.0,13.760277214114842,1.0351004238461374,3.0059707638459954,41.362991008045434,14.061557030778516,41.362991008045434,3.0059707638459954,11.02661596958175
9,76,0.6069938138961716,0.8209814416885148,0.3333333333333333,0.0,5.647443895432537,1.032292733296046,17.66522544780729,99.76336961665878,45.75739287869644,99.76336961665878,17.66522544780729,62.737642585551335
9,77,0.606101630792747,0.8183048923782412,0.3333333333333333,0.0,5.563153688038022,1.0375046953558806,17.93288037883467,99.76336961665878,51.10440555220278,99.76336961665878,17.93288037883467,95.43726235741445
9,78,0.4345912358340816,0.30377370750224486,0.3333333333333333,0.0,1.6862317615155051,1.0254202521512907,59.163498098859314,99.76336961665878,87.32649366324682,99.76336961665878,89.5408688490838,59.163498098859314
9,79,0.6539019750963695,0.9617059252891086,0.3333333333333333,0.0,520.0006310143556,1.1004253078545616,0.1852995676343422,96.35589209654519,24.7917923958962,96.35589209654519,0.1852995676343422,0.6844106463878328
9,80,0.4084745652140443,0.22542369564213294,0.3333333333333333,0.0,1.3272700449305592,1.0155283328824232,73.91634980988593,98.10695693327023,93.30114665057333,98.10695693327023,96.45871937409923,73.91634980988593
9,81,0.5936900578179732,0.7810701734539198,0.3333333333333333,0.0,15.941424878954457,1.0331259499997718,5.931558935361217,94.55750118315191,34.70126735063367,94.55750118315191,16.450483837759936,5.931558935361217
9,82,0.3333333333333333,0.0,0.3333333333333333,0.0,1.0488110091517568,1.003614339109855,95.12044471896233,99.76336961665878,96.43934821967412,99.76336961665878,95.12044471896233,95.96958174904942
9,83,0.4778079805906896,0.4334239417720688,0.3333333333333333,0.0,422.0280170373876,1.190198451520701,0.10294420424130121,43.44533838144818,11.176825588412795,43.44533838144818,0.10294420424130121,0.22813688212927757
9,84,0.4695848514720891,0.4087545544162674,0.3333333333333333,0.0,13.645355864966946,1.1168159357628165,3.2324480131768585,44.1079034548036,15.292697646348824,44.1079034548036,3.2324480131768585,13.536121673003803
9,85,0.3333333333333333,0.0,0.3333333333333333,0.0,7.033125564686142,1.0431126431260638,13.38403041825095,94.13156649313773,51.575135787567895,94.13156649313773,43.40127650813259,13.38403041825095
9,86,0.3333333333333333,0.0,0.3333333333333333,0.0,3.500230234967575,1.033969251115887,28.13688212927757,98.48556554661619,72.31140615570307,98.48556554661619,72.88449660284127,28.13688212927757
9,87,0.6181808071793505,0.8545424215380517,0.3333333333333333,0.0,9.012572473765092,1.0203602658921276,10.665019559398806,96.11926171320397,38.08086904043452,96.11926171320397,10.665019559398806,46.08365019011407
9,88,0.3333333333333333,0.0,0.3333333333333333,0.0,10.735328916232845,1.0429961842552566,9.125475285171103,97.9649787032655,70.60953530476766,97.9649787032655,75.35515750463249,9.125475285171103
9,89,0.4806475451907842,0.4419426355723526,0.3333333333333333,0.0,430.3030761949835,1.1045353132433113,0.10294420424130121,44.29720776147658,11.442365721182862,44.29720776147658,0.10294420424130121,0.532319391634981
9,90,0.3333333333333333,0.0,0.3333333333333333,0.0,4.061573716591526,1.0218736043702796,24.562737642585553,99.76336961665878,73.30114665057333,99.76336961665878,74.98455836936381,24.562737642585553
9,91,0.47172571415653813,0.41517714246961446,0.3333333333333333,0.0,15.937150970184572,1.2078658079201263,2.7794935145151327,44.29720776147658,15.027157513578757,44.29720776147658,2.7794935145151327,13.2319391634981
9,92,0.46691018598066564,0.40073055794199697,0.3333333333333333,0.0,13.975655466161854,1.0304015223748728,3.0883261272390365,43.16138192143871,16.004828002414,43.16138192143871,3.0883261272390365,20.076045627376427
9,93,0.3333333333333333,0.0,0.3333333333333333,0.0,3.5360870901861534,1.037896701294537,28.212927756653993,99.76336961665878,74.18225709112855,99.76336961665878,75.49927939057031,28.212927756653993
9,94,0.3333333333333333,0.0,0.3333333333333333,0.0,5.913630990584488,1.025483189595338,16.65399239543726,98.48556554661619,68.4490042245021,98.48556554661619,69.40498249948529,16.65399239543726
9,95,0.606101630792747,0.8183048923782412,0.3333333333333333,0.0,5.563153688038022,1.0347418233182157,17.93288037883467,99.76336961665878,48.65419432709716,99.76336961665878,17.93288037883467,80.0
9,96,0.5890918833618618,0.7672756500855855,0.3333333333333333,0.0,5.303300037489248,1.034501990305295,17.82993617459337,94.55750118315191,40.04828002414001,94.55750118315191,17.82993617459337,34.52471482889734
9,97,0.6649170861492771,0.9947512584478315,0.3333333333333333,0.0,437.2961034863543,1.0260165513360022,0.22813688212927757,99.76336961665878,25.64876282438141,99.76336961665878,0.2882437718756434,0.22813688212927757
9,98,0.3333333333333333,0.0,0.3333333333333333,0.0,3.8736172603066907,1.0291736928277253,24.4106463878327,94.55750118315191,71.6475558237779,94.55750118315191,74.4698373481573,24.4106463878327
9,99,0.3333333333333333,0.0,0.3333333333333333,0.0,1.1324441095168436,1.0098338243108689,86.96726374305128,98.48556554661619,91.2130356065178,98.48556554661619,86.96726374305128,95.20912547528518
9,100,0.606101630792747,0.8183048923782412,0.3333333333333333,0.0,5.563153688038022,1.0201283549870794,17.93288037883467,99.76336961665878,40.48280024140012,99.76336961665878,17.93288037883467,28.517110266159694
9,101,0.6526399463852163,0.9579198391556489,0.3333333333333333,0.0,517.9574065309986,1.0174611330504866,0.1852995676343422,95.97728348319924,24.695232347616177,95.97728348319924,0.1852995676343422,0.6844106463878328
9,102,0.4806475451907842,0.4419426355723526,0.3333333333333333,0.0,430.3030761949835,1.190863198762812,0.10294420424130121,44.29720776147658,11.430295715147858,44.29720776147658,0.10294420424130121,0.45627376425855515
9,103,0.606101630792747,0.8183048923782412,0.3333333333333333,0.0,5.563153688038022,1.0483303843692355,17.93288037883467,99.76336961665878,50.74230537115268,99.76336961665878,17.93288037883467,93.15589353612167
9,104,0.6649857156187714,0.9949571468563143,0.3333333333333333,0.0,372.73129709854743,1.0329864670413154,0.2676549310273832,99.76336961665878,25.64876282438141,99.76336961665878,0.2676549310273832,0.3041825095057034
9,105,0.6594643400074761,0.9783930200224285,0.3333333333333333,0.0,430.0354945575012,1.0401716713373974,0.22813688212927757,98.10695693327023,25.2142426071213,98.10695693327023,0.2676549310273832,0.22813688212927757
9,106,0.6005802551814519,0.8017407655443557,0.3333333333333333,0.0,5.4707863355326465,1.0062125907529103,17.93288037883467,98.10695693327023,49.23355461677731,98.10695693327023,17.93288037883467,86.31178707224335
9,107,0.3333333333333333,0.0,0.3333333333333333,0.0,3.0193810473781575,1.0232161965680096,31.78707224334601,95.97728348319924,75.31683765841883,95.97728348319924,78.11406217829936,31.78707224334601
9,108,0.6481747110765917,0.9445241332297754,0.3333333333333333,0.0,415.0993847610033,1.054275671295835,0.22813688212927757,94.69947941315665,24.33313216656608,94.69947941315665,0.24706609017912293,0.22813688212927757
9,109,0.39946422043054947,0.19839266129164845,0.3333333333333333,0.0,1.2861650102539834,1.0029330013164701,77.56653992395437,99.76336961665878,94.85817742908871,99.76336961665878,97.40580605311922,77.56653992395437
9,110,0.3333333333333333,0.0,0.3333333333333333,0.0,1.7578743479493937,1.0133223813521015,55.48692608606135,97.5390440132513,70.06638503319252,97.5390440132513,55.48692608606135,79.77186311787072
9,111,0.6654661219052307,0.9963983657156922,0.3333333333333333,0.0,807.5844770468527,1.0329712112982075,0.12353304508956146,99.76336961665878,25.55220277610139,99.76336961665878,0.12353304508956146,0.22813688212927757
9,112,0.3333333333333333,0.0,0.3333333333333333,0.0,3.517126837691858,1.0331932642858135,28.365019011406844,99.76336961665878,74.20639710319855,99.76336961665878,75.49927939057031,28.365019011406844
9,113,0.4705590131751367,0.4116770395254102,0.3333333333333333,0.0,17.568596157694614,1.0410954744542846,3.129503808935557,54.980988593155885,21.858780929390463,44.29720776147658,3.129503808935557,54.980988593155885
9,114,0.3333333333333333,0.0,0.3333333333333333,0.0,1.1324441095168436,1.0178110921507662,86.96726374305128,98.48556554661619,90.8026554013277,98.48556554661619,86.96726374305128,92.62357414448668
9,115,0.3333333333333333,0.0,0.3333333333333333,0.0,1.7999511275545652,1.021755136660572,54.189829112620956,97.5390440132513,70.33192516596259,97.5390440132513,54.189829112620956,86.23574144486692
9,116,0.47898088518244286,0.43694265554732864,0.3333333333333333,0.0,531.5576194983436,1.1432577868924296,0.08235536339304096,43.776620918125886,11.28545564272782,43.776620918125886,0.08235536339304096,0.45627376425855515
9,117,0.3333333333333333,0.0,0.3333333333333333,0.0,1.7803349747176307,1.0041270265349156,54.78690549722051,97.5390440132513,71.22510561255281,97.5390440132513,54.78690549722051,89.65779467680608
9,118,0.6654661219052307,0.9963983657156922,0.3333333333333333,0.0,807.5844770468527,1.0170661198217057,0.12353304508956146,99.76336961665878,25.576342788171395,99.76336961665878,0.12353304508956146,0.38022813688212925
9,119,0.47165708468704387,0.41497125406113167,0.3333333333333333,0.0,15.819966036580274,1.2093157079550831,2.800082355363393,44.29720776147658,14.966807483403741,44.29720776147658,2.800082355363393,12.775665399239545
9,120,0.6465561858878388,0.9396685576635165,0.3333333333333333,0.0,571.4962730714624,1.0439870446792079,0.16471072678608192,94.13156649313773,24.140012070006033,94.13156649313773,0.16471072678608192,0.22813688212927757
9,121,0.3333333333333333,0.0,0.3333333333333333,0.0,3.1212885832227237,1.0103838979983855,29.581749049429657,92.33317557974445,71.58720579360289,92.33317557974445,73.93452748610252,29.581749049429657
9,122,0.3333333333333333,0.0,0.3333333333333333,0.0,3.338138194552323,1.0233701516540237,29.885931558935365,99.76336961665878,74.43572721786362,99.76336961665878,75.47869054972205,29.885931558935365
9,123,0.6437166212877442,0.9311498638632327,0.3333333333333333,0.0,613.3140085186939,1.0757872199047582,0.1520912547528517,93.27969711310932,23.91068195534098,93.27969711310932,0.16471072678608192,0.1520912547528517
9,124,0.6649170861492771,0.9947512584478315,0.3333333333333333,0.0,437.2961034863543,1.0450015652819307,0.22813688212927757,99.76336961665878,25.64876282438141,99.76336961665878,0.2882437718756434,0.22813688212927757
9,125,0.606101630792747,0.8183048923782412,0.3333333333333333,0.0,5.563153688038022,1.0497618811768021,17.93288037883467,99.76336961665878,48.424864212432105,99.76336961665878,17.93288037883467,78.5551330798479
9,126,0.4706276426446309,0.4118829279338928,0.3333333333333333,0.0,16.975589857225597,1.0201896423500778,3.1089149680872965,52.77566539923954,21.496680748340374,44.29720776147658,3.1089149680872965,52.77566539923954
9,127,0.6649170861492771,0.9947512584478315,0.3333333333333333,0.0,346.1076330200798,1.014692296859597,0.2882437718756434,99.76336961665878,25.672902836451417,99.76336961665878,0.2882437718756434,0.38022813688212925
9,128,0.3333333333333333,0.0,0.3333333333333333,0.0,9.71769118858565,1.0180672762292453,10.26615969581749,99.76336961665878,71.1888955944478,99.76336961665878,75.25221330039119,10.26615969581749
9,129,0.3333333333333333,0.0,0.3333333333333333,0.0,1.1467555161355447,1.0030648989781215,86.99619771863118,99.76336961665878,95.72721786360893,99.76336961665878,96.33518632900969,86.99619771863118
9,130,0.6649170861492771,0.9947512584478315,0.3333333333333333,0.0,437.2961034863543,1.1138351192533702,0.22813688212927757,99.76336961665878,25.64876282438141,99.76336961665878,0.2882437718756434,0.22813688212927757
9,131,0.659395710537982,0.978187131613946,0.3333333333333333,0.0,430.0354945575012,1.0716937140990883,0.22813688212927757,98.10695693327023,25.226312613156303,98.10695693327023,0.2882437718756434,0.22813688212927757
9,132,0.3333333333333333,0.0,0.3333333333333333,0.0,3.4022239490033277,1.0352340475617807,28.669201520912544,97.5390440132513,61.94327097163549,97.5390440132513,55.46633724521309,28.669201520912544
9,133,0.3333333333333333,0.0,0.3333333333333333,0.0,3.4075021050884753,1.0164796069131568,29.277566539923956,99.76336961665878,74.21846710923356,99.76336961665878,75.27280214123945,29.277566539923956
9,134,0.4806475451907842,0.4419426355723526,0.3333333333333333,0.0,430.3030761949835,1.0990222633947901,0.10294420424130121,44.29720776147658,11.442365721182862,44.29720776147658,0.10294420424130121,0.532319391634981
9,135,0.6229134148461749,0.8687402445385248,0.3333333333333333,0.0,9.145697621088061,1.0906841948528936,10.665019559398806,97.5390440132513,43.51237175618588,97.5390440132513,10.665019559398806,78.02281368821293
9,136,0.4680625959225131,0.40418778776753933,0.3333333333333333,0.0,14.354694457054,1.142147030378506,3.026559604694256,43.44533838144818,14.628847314423657,43.44533838144818,3.026559604694256,11.178707224334602
9,137,0.659395710537982,0.978187131613946,0.3333333333333333,0.0,340.3610641606382,1.0846140684479857,0.2882437718756434,98.10695693327023,25.298732649366322,98.10695693327023,0.2882437718756434,0.6844106463878328
9,138,0.3333333333333333,0.0,0.3333333333333333,0.0,4.843005526120081,1.0160150193858928,20.228136882129277,97.9649787032655,72.37175618587808,97.9649787032655,75.35515750463249,20.228136882129277
9,139,0.46481840002523017,0.39445520007569057,0.3333333333333333,0.0,14.122389772381021,1.0163817936342219,3.0059707638459954,42.45149077141505,16.222088111044055,42.45149077141505,3.0059707638459954,22.88973384030418
9,140,0.3333333333333333,0.0,0.3333333333333333,0.0,3.5737021708379597,1.04466851635224,27.452471482889734,98.10695693327023,73.42184671092336,98.10695693327023,75.12868025530163,27.452471482889734
9,141,0.4706276426446309,0.4118829279338928,0.3333333333333333,0.0,16.902208344874474,1.0514589928942544,3.1089149680872965,52.547528517110266,21.460470730235365,44.29720776147658,3.1089149680872965,52.547528517110266
9,142,0.3333333333333333,0.0,0.3333333333333333,0.0,1.768443345515549,1.0179946469013796,54.272184476014,95.97728348319924,65.45564272782136,95.97728348319924,54.272184476014,57.71863117870723
9,143,0.3333333333333333,0.0,0.3333333333333333,0.0,1.7544661869698859,1.0148489093456072,54.70455013382747,95.97728348319924,65.91430295715148,95.97728348319924,54.70455013382747,59.01140684410646
9,144,0.6023121667772111,0.8069365003316334,0.3333333333333333,0.0,5.986374786400436,1.0405466193788502,16.182828906732553,96.87647893989589,38.611949305974655,96.87647893989589,16.182828906732553,27.832699619771862
9,145,0.551938443280092,0.6558153298402761,0.3333333333333333,0.0,3.398674379427624,1.0182562435861047,29.35361216730038,99.76336961665878,85.75739287869644,99.76336961665878,94.93514515132799,29.35361216730038
9,146,0.3333333333333333,0.0,0.3333333333333333,0.0,9.938547806508053,1.0325842437357222,10.038022813688213,99.76336961665878,71.00784550392275,99.76336961665878,75.00514721021206,10.038022813688213
9,147,0.3333333333333333,0.0,0.3333333333333333,0.0,1.753806116922117,1.006548783163464,54.72513897467572,95.97728348319924,69.86119493059746,95.97728348319924,54.72513897467572,83.8022813688213
9,148,0.4778079805906896,0.4334239417720688,0.3333333333333333,0.0,422.0280170373876,1.1796845407624803,0.10294420424130121,43.44533838144818,11.164755582377792,43.44533838144818,0.10294420424130121,0.1520912547528517
9,149,0.5469460277497911,0.6408380832493733,0.3333333333333333,0.0,6.985568205384537,1.0453384842192457,13.536121673003803,94.55750118315191,71.76825588412794,94.55750118315191,77.61992999794111,13.536121673003803
9,150,0.5949011259812625,0.7847033779437877,0.3333333333333333,0.0,5.375779915812833,1.0175023864338255,17.93288037883467,96.40321817321345,42.3777911888956,96.40321817321345,17.93288037883467,45.85551330798479
9,151,0.47069627211412507,0.41208881634237526,0.3333333333333333,0.0,14.343435873166115,1.0318688796776565,3.0883261272390365,44.29720776147658,19.336149668074835,44.29720776147658,3.0883261272390365,39.239543726235745
9,152,0.3907339256343594,0.1722017769030782,0.3333333333333333,0.0,1.2318200098207164,1.009016004699255,80.98859315589354,99.76336961665878,95.87205793602897,99.76336961665878,98.20877084620136,80.98859315589354
9,153,0.6578458148187232,0.9735374444561696,0.3333333333333333,0.0,526.3857075248461,1.0350526579500663,0.1852995676343422,97.5390440132513,25.021122510561256,97.5390440132513,0.1852995676343422,0.22813688212927757
9,154,0.3333333333333333,0.0,0.3333333333333333,0.0,1.958226608815656,1.016404915820946,49.80988593155893,97.5390440132513,65.00905250452625,97.5390440132513,54.97220506485485,49.80988593155893
9,155,0.3333333333333333,0.0,0.3333333333333333,0.0,8.021244149971078,1.0343989169380987,11.634980988593156,93.32702318977756,67.39891369945686,93.32702318977756,71.21680049413219,11.634980988593156
9,156,0.3333333333333333,0.0,0.3333333333333333,0.0,4.87969496192402,1.002774623156982,20.076045627376427,97.9649787032655,72.09414604707302,97.9649787032655,74.92279184681902,20.076045627376427
9,157,0.3333333333333333,0.0,0.3333333333333333,0.0,7.337798126767848,1.0166051610044071,13.079847908745249,95.97728348319924,66.28847314423658,95.97728348319924,67.77846407247272,13.079847908745249
9,158,0.5890918833618618,0.7672756500855855,0.3333333333333333,0.0,5.303300037489248,1.0379136572852803,17.82993617459337,94.55750118315191,40.08449004224502,94.55750118315191,17.82993617459337,34.752851711026615
9,159,0.3333333333333333,0.0,0.3333333333333333,0.0,5.058926511476574,1.0301137528990425,19.46768060836502,98.48556554661619,69.13699456849729,98.48556554661619,69.81675931645049,19.46768060836502
9,160,0.6581889621661942,0.9745668864985826,0.3333333333333333,0.0,1184.367841930904,1.034008636274115,0.08235536339304096,97.5390440132513,24.99698249849125,97.5390440132513,0.08235536339304096,0.45627376425855515
9,161,0.6649857156187714,0.9949571468563143,0.3333333333333333,0.0,372.73129709854743,1.1009078818884903,0.2676549310273832,99.76336961665878,25.672902836451417,99.76336961665878,0.2676549310273832,0.45627376425855515
9,162,0.6437166212877442,0.9311498638632327,0.3333333333333333,0.0,566.324361097965,1.0311787326175608,0.16471072678608192,93.27969711310932,23.922751961375983,93.27969711310932,0.16471072678608192,0.22813688212927757
9,163,0.4583856730893934,0.3751570192681802,0.3333333333333333,0.0,1.8687867670357023,1.0054776809594719,53.38403041825095,99.76336961665878,87.20579360289679,99.76336961665878,90.89973234506897,53.38403041825095
9,164,0.3333333333333333,0.0,0.3333333333333333,0.0,11.818813607739306,1.0123574177069057,8.44106463878327,99.76336961665878,69.18527459263728,99.76336961665878,72.32859789993823,8.44106463878327
9,165,0.6477014503099093,0.9431043509297281,0.3333333333333333,0.0,621.7155702792239,1.0390050153591297,0.1520912547528517,94.55750118315191,24.28485214242607,94.55750118315191,0.24706609017912293,0.1520912547528517
9,166,0.625315446278472,0.8759463388354162,0.3333333333333333,0.0,9.808429332761108,1.0307640078552627,9.944410129709699,97.5390440132513,35.1840675920338,97.5390440132513,9.944410129709699,28.212927756653993
9,167,0.3333333333333333,0.0,0.3333333333333333,0.0,5.331018527572328,1.0047779076596075,18.403041825095055,98.10695693327023,70.28364514182257,98.10695693327023,72.22565369569693,18.403041825095055
9,168,0.3333333333333333,0.0,0.3333333333333333,0.0,9.79021127208256,1.0353053617616845,10.190114068441064,99.76336961665878,71.03198551599276,99.76336961665878,75.00514721021206,10.190114068441064
9,169,0.3333333333333333,0.0,0.3333333333333333,0.0,1.7578743479493937,1.0145602719993772,55.48692608606135,97.5390440132513,69.77670488835244,97.5390440132513,55.48692608606135,77.9467680608365
9,170,0.3333333333333333,0.0,0.3333333333333333,0.0,1.7869437491902254,1.0148787661013565,53.922174181593576,96.35589209654519,68.52142426071212,96.35589209654519,53.922174181593576,77.71863117870723
9,171,0.5773855199125927,0.7321565597377782,0.3333333333333333,0.0,4.196219771817399,1.0137993650890267,23.34600760456274,97.9649787032655,85.29873264936633,97.9649787032655,96.56166357834054,23.34600760456274
9,172,0.3333333333333333,0.0,0.3333333333333333,0.0,1.7823443821383054,1.0067413540727814,54.72513897467572,97.5390440132513,70.8267954133977,97.5390440132513,54.72513897467572,87.3764258555133
9,173,0.6654661219052307,0.9963983657156922,0.3333333333333333,0.0,807.5844770468527,1.0504474022296806,0.12353304508956146,99.76336961665878,25.55220277610139,99.76336961665878,0.12353304508956146,0.22813688212927757
9,174,0.3333333333333333,0.0,0.3333333333333333,0.0,3.7062445067946723,1.0408776004926583,25.55133079847909,94.69947941315665,70.27157513578757,94.69947941315665,71.75211035618695,25.55133079847909
9,175,0.625315446278472,0.8759463388354162,0.3333333333333333,0.0,9.808429332761108,1.007758214789112,9.944410129709699,97.5390440132513,32.33554616777308,97.5390440132513,9.944410129709699,10.26615969581749
9,176,0.6005802551814519,0.8017407655443557,0.3333333333333333,0.0,5.4707863355326465,1.0673980535110057,17.93288037883467,98.10695693327023,50.4284852142426,98.10695693327023,17.93288037883467,93.8403041825095
9,177,0.6607263687186293,0.9821791061558881,0.3333333333333333,0.0,431.6950623126676,1.049235551091433,0.22813688212927757,98.48556554661619,25.310802655401325,98.48556554661619,0.2676549310273832,0.22813688212927757
9,178,0.5263994083774403,0.5791982251323209,0.3333333333333333,0.0,3.4806713061738552,1.034186258372764,27.832699619771862,96.87647893989589,79.39649969824984,96.87647893989589,85.75252213300392,27.832699619771862
9,179,0.3333333333333333,0.0,0.3333333333333333,0.0,15.58149725684037,1.012559981309195,6.159695817490494,95.97728348319924,65.33494266747132,95.97728348319924,68.02553016265183,6.159695817490494
9,180,0.46684155651117143,0.40052466953351434,0.3333333333333333,0.0,13.883101456452174,1.2324338292295767,3.1089149680872965,43.16138192143871,16.028968014484008,43.16138192143871,3.1089149680872965,20.15209125475285
9,181,0.3333333333333333,0.0,0.3333333333333333,0.0,1.690577719663741,1.0108257129993587,59.01140684410646,99.76336961665878,86.65057332528666,99.76336961665878,88.42907144327773,59.01140684410646
9,182,0.3333333333333333,0.0,0.3333333333333333,0.0,1.0337969349559204,1.0060606882057521,96.50190114068441,99.76336961665878,98.28605914302958,99.76336961665878,98.12641548280831,96.50190114068441
9,183,0.3333333333333333,0.0,0.3333333333333333,0.0,4.213227638428774,1.0296035194471163,22.813688212927758,96.11926171320397,60.07242003621002,96.11926171320397,54.4780728844966,22.813688212927758
9,184,0.3333333333333333,0.0,0.3333333333333333,0.0,1.0609428319675194,1.0039319385687773,92.47148288973384,98.10695693327023,95.06336753168377,98.10695693327023,94.44101297096974,92.47148288973384
9,185,0.3333333333333333,0.0,0.3333333333333333,0.0,3.5265814797286636,1.0377599070784922,28.28897338403042,99.76336961665878,73.91671695835848,99.76336961665878,75.02573605106032,28.28897338403042
9,186,0.3333333333333333,0.0,0.3333333333333333,0.0,7.035582792559379,1.0164058081387861,13.460076045627375,94.69947941315665,64.97284248642124,94.69947941315665,65.98723491867408,13.460076045627375
9,187,0.6107684347183527,0.8323053041550583,0.3333333333333333,0.0,6.034255121147095,1.0312629161275635,16.532839201152974,99.76336961665878,39.130959565479785,99.76336961665878,16.532839201152974,25.171102661596954
9,188,0.6107684347183527,0.8323053041550583,0.3333333333333333,0.0,6.034255121147095,1.052962398632846,16.532839201152974,99.76336961665878,39.674109837054914,99.76336961665878,16.532839201152974,28.59315589353612
9,189,0.47035312476665414,0.4110593742999625,0.3333333333333333,0.0,13.880744393386562,1.0712294043092523,3.1912703314803377,44.29720776147658,15.823777911888955,44.29720776147658,3.1912703314803377,16.730038022813687
9,190,0.3333333333333333,0.0,0.3333333333333333,0.0,2.8109159862006012,1.0598220692238254,34.14448669201521,95.97728348319924,75.32890766445384,95.97728348319924,77.49639695285155,34.14448669201521
9,191,0.4715198257480555,0.4145594772441666,0.3333333333333333,0.0,15.590691166484909,1.1213398611736949,2.8412600370599135,44.29720776147658,15.847917923958962,44.29720776147658,2.8412600370599135,18.17490494296578
9,192,0.3333333333333333,0.0,0.3333333333333333,0.0,5.505296880119407,1.018479890628127,17.79467680608365,97.9649787032655,71.90102595051297,97.9649787032655,75.21103561869467,17.79467680608365
9,193,0.6607263687186293,0.9821791061558881,0.3333333333333333,0.0,431.6950623126676,1.032754246120451,0.22813688212927757,98.48556554661619,25.310802655401325,98.48556554661619,0.2676549310273832,0.22813688212927757
9,194,0.6654661219052307,0.9963983657156922,0.3333333333333333,0.0,807.5844770468527,1.095589588895201,0.12353304508956146,99.76336961665878,25.55220277610139,99.76336961665878,0.12353304508956146,0.22813688212927757
9,195,0.3333333333333333,0.0,0.3333333333333333,0.0,1.0679689434375028,1.0046289863859659,91.86311787072243,98.10695693327023,94.85817742908871,98.10695693327023,94.25571340333539,91.86311787072243
9,196,0.3333333333333333,0.0,0.3333333333333333,0.0,2.6967976021454487,1.0154595333390959,35.5893536121673,95.97728348319924,75.76342788171394,95.97728348319924,77.84640724727197,35.5893536121673
9,197,0.3333333333333333,0.0,0.3333333333333333,0.0,9.593223606948168,1.0365548149703754,10.26615969581749,98.48556554661619,69.46288473144236,98.48556554661619,72.86390776199299,10.26615969581749
9,198,0.6229820443156692,0.8689461329470076,0.3333333333333333,0.0,9.163387558459604,1.073673057818822,10.644430718550545,97.5390440132513,34.52021726010863,97.5390440132513,10.644430718550545,21.44486692015209
9,199,0.5572129441964129,0.6716388325892387,0.3333333333333333,0.0,3.4039748909564738,1.008964878590411,28.8212927756654,98.10695693327023,85.86602293301146,98.10695693327023,95.98517603458924,28.8212927756654
12,0,0.4769300885268189,0.43079026558045674,0.3333333333333333,0.0,524.0870799810696,1.1197013230562773,0.08235536339304096,43.16138192143871,11.140615570307785,43.16138192143871,0.08235536339304096,0.532319391634981
12,1,0.5628726573669821,0.6886179721009464,0.3333333333333333,0.0,3.5077227552381363,1.0158151920319265,28.44106463878327,99.76336961665878,87.00060350030175,99.76336961665878,97.30286184887791,28.44106463878327
12,2,0.6477014503099093,0.9431043509297281,0.3333333333333333,0.0,621.7155702792239,1.0373416771456483,0.1520912547528517,94.55750118315191,24.28485214242607,94.55750118315191,0.24706609017912293,0.1520912547528517
12,3,0.6001069944147694,0.8003209832443084,0.3333333333333333,0.0,5.462869133889329,1.0264860911643559,17.93288037883467,97.9649787032655,39.23958961979481,97.9649787032655,17.93288037883467,23.574144486692013
12,4,0.47185959521345017,0.41557878564035056,0.3333333333333333,0.0,43.05137837198296,1.1127961392219947,0.9882643607164917,42.54614292475154,13.337356668678336,42.54614292475154,0.9882643607164917,12.015209125475284
12,5,0.466279171625089,0.398837514875267,0.3333333333333333,0.0,13.914358731661144,1.0234001156859653,3.0883261272390365,42.97207761476574,17.429088714544356,42.97207761476574,3.0883261272390365,29.35361216730038
12,6,0.47028449529715993,0.41085348589147985,0.3333333333333333,0.0,14.58473237788827,1.0958001356830696,3.211859172328598,46.844106463878326,20.615570307785152,44.29720776147658,3.211859172328598,46.844106463878326
12,7,0.6009991775181941,0.8029975325545824,0.3333333333333333,0.0,5.545639878342198,1.0773547927035456,17.66522544780729,97.9649787032655,40.80869040434521,97.9649787032655,17.66522544780729,34.448669201520914
12,8,0.3333333333333333,0.0,0.3333333333333333,0.0,3.1461767801816984,1.0145396622134206,30.190114068441066,94.98343587316612,74.3753771876886,94.98343587316612,77.372863907762,30.190114068441066
12,9,0.5461800393666988,0.6385401181000965,0.3333333333333333,0.0,6.686750241774521,1.0350817742766936,13.992395437262358,93.56365357311878,71.71997585998793,93.56365357311878,77.84640724727197,13.992395437262358
12,10,0.46699931010006557,0.40099793030019676,0.3333333333333333,0.0,13.898324155417582,1.0762823731975033,3.1089149680872965,43.20870799810695,15.872057936028968,43.20870799810695,3.1089149680872965,19.08745247148289
12,11,0.3333333333333333,0.0,0.3333333333333333,0.0,2.8255571693566375,1.0176494876227824,33.07984790874524,93.4690014197823,59.95171997585999,93.4690014197823,52.64566604900144,33.07984790874524
12,12,0.6402870316318844,0.9208610948956533,0.3333333333333333,0.0,404.72708629121314,1.016045479245638,0.22813688212927757,92.33317557974445,23.729631864815932,92.33317557974445,0.24706609017912293,0.22813688212927757
12,13,0.6547317323406517,0.9641951970219553,0.3333333333333333,0.0,423.8121154756271,1.054206608207328,0.22813688212927757,96.68717463322291,24.852142426071214,96.68717463322291,0.2676549310273832,0.22813688212927757
12,14,0.4755789356962658,0.42673680708879747,0.3333333333333333,0.0,691.8868906767628,1.034179281846783,0.06176652254478073,42.735447231424516,11.019915509957755,42.735447231424516,0.06176652254478073,0.532319391634981
12,15,0.6534563544993698,0.9603690634981095,0.3333333333333333,0.0,1167.1281353525794,1.087628509020306,0.08235536339304096,96.11926171320397,24.610742305371154,96.11926171320397,0.08235536339304096,0.3041825095057034
12,16,0.4765984064906264,0.42979521947187926,0.3333333333333333,0.0,33.61742782773308,1.017860656032367,1.3176858142886554,44.29720776147658,15.07543753771877,44.29720776147658,1.3176858142886554,18.935361216730037
12,17,0.6477014503099093,0.9431043509297281,0.3333333333333333,0.0,621.7155702792239,1.1101162686586254,0.1520912547528517,94.55750118315191,24.28485214242607,94.55750118315191,0.24706609017912293,0.1520912547528517
12,18,0.4404855939436972,0.3214567818310916,0.3333333333333333,0.0,1.7316865552651055,1.014520752362726,56.65399239543726,98.10695693327023,86.07121303560652,98.10695693327023,88.79967057854643,56.65399239543726
12,19,0.4635082364944885,0.3905247094834656,0.3333333333333333,0.0,17.699226784392785,1.0951977753816469,3.067737286390776,54.29657794676807,21.158720579360292,42.12020823473734,3.067737286390776,54.29657794676807
12,20,0.3333333333333333,0.0,0.3333333333333333,0.0,2.1167956060796302,1.0153602970550282,44.71482889733841,94.65215333648841,62.95715147857573,94.65215333648841,54.10747374922792,44.71482889733841
12,21,0.4010017293060621,0.20300518791818634,0.3333333333333333,0.0,1.3053615029443413,1.0171542198413446,76.42585551330798,99.76336961665878,94.27881713940856,99.76336961665878,96.72637430512661,76.42585551330798
12,22,0.3333333333333333,0.0,0.3333333333333333,0.0,2.0555103025228436,1.0056195855597991,47.452471482889734,97.5390440132513,63.97103198551599,97.5390440132513,53.839818818200534,47.452471482889734
12,23,0.3333333333333333,0.0,0.3333333333333333,0.0,7.547261541109152,1.039234720773467,12.547528517110266,94.69947941315665,64.8159324079662,94.69947941315665,65.96664607782581,12.547528517110266
12,24,0.4778079805906896,0.4334239417720688,0.3333333333333333,0.0,422.0280170373876,1.0606560005538945,0.10294420424130121,43.44533838144818,11.176825588412795,43.44533838144818,0.10294420424130121,0.22813688212927757
12,25,0.3333333333333333,0.0,0.3333333333333333,0.0,3.462794617481291,1.0231644427168751,28.44106463878327,98.48556554661619,71.92516596258298,98.48556554661619,72.1432983323039,28.44106463878327
12,26,0.6578458148187232,0.9735374444561696,0.3333333333333333,0.0,526.3857075248461,1.043025150638556,0.1852995676343422,97.5390440132513,25.03319251659626,97.5390440132513,0.1852995676343422,0.3041825095057034
12,27,0.47686145905732474,0.4305843771719743,0.3333333333333333,0.0,419.2696639848557,1.095421359279446,0.10294420424130121,43.16138192143871,11.152685576342789,43.16138192143871,0.10294420424130121,0.532319391634981
12,28,0.4806475451907842,0.4419426355723526,0.3333333333333333,0.0,430.3030761949835,1.048275198535492,0.10294420424130121,44.29720776147658,11.394085697042849,44.29720776147658,0.10294420424130121,0.22813688212927757
12,29,0.3678261393731442,0.10347841811943259,0.3333333333333333,0.0,1.1467555161355447,1.0118345066445809,86.99619771863118,99.76336961665878,96.31864815932408,99.76336961665878,97.34403953057443,86.99619771863118
12,30,0.4678514458131038,0.4035543374393114,0.3333333333333333,0.0,18.658228981466088,1.0662417037381469,2.285361334156887,42.640795078088026,14.121907060953532,42.640795078088026,2.285361334156887,12.015209125475284
12,31,0.4662105421555948,0.3986316264667845,0.3333333333333333,0.0,13.822210660590542,1.0885072979271433,3.1089149680872965,42.97207761476574,18.406759203379604,42.97207761476574,3.1089149680872965,35.437262357414454
12,32,0.6524340579767337,0.9573021739302012,0.3333333333333333,0.0,631.0506389020351,1.0763727606363938,0.1520912547528517,95.97728348319924,24.646952323476164,95.97728348319924,0.24706609017912293,0.1520912547528517
12,33,0.6649170861492771,0.9947512584478315,0.3333333333333333,0.0,346.1076330200798,1.0453446789263148,0.2882437718756434,99.76336961665878,25.660832830416414,99.76336961665878,0.2882437718756434,0.3041825095057034
12,34,0.3333333333333333,0.0,0.3333333333333333,0.0,4.024197271346819,1.0155824898304802,24.79087452471483,99.76336961665878,73.62703681351842,99.76336961665878,75.47869054972205,24.79087452471483
12,35,0.3333333333333333,0.0,0.3333333333333333,0.0,17.43422675189804,1.046899814218822,5.399239543726235,94.13156649313773,50.247435123717565,94.13156649313773,43.29833230389129,5.399239543726235
12,36,0.4679939664530189,0.4039818993590567,0.3333333333333333,0.0,14.257703278290123,1.054198382930558,3.0471484455425157,43.44533838144818,16.354858177429087,43.44533838144818,3.0471484455425157,21.977186311787072
12,37,0.5633762358849665,0.6901287076548998,0.3333333333333333,0.0,4.571039409265028,1.0075396245933739,21.825095057034222,99.76336961665878,82.16053108026554,99.76336961665878,90.8379658225242,21.825095057034222
12,38,0.3333333333333333,0.0,0.3333333333333333,0.0,5.925358111756197,1.012067148293491,16.197718631178706,95.97728348319924,54.423657211828605,95.97728348319924,46.69549104385423,16.197718631178706
12,39,0.606101630792747,0.8183048923782412,0.3333333333333333,0.0,5.563153688038022,1.0335902102134469,17.93288037883467,99.76336961665878,50.452625226312605,99.76336961665878,17.93288037883467,91.33079847908745
12,40,0.4758925590552037,0.4276776771656112,0.3333333333333333,0.0,56.156824707069134,1.1335852731150884,1.0088532015647518,56.65399239543726,20.748340374170187,43.776620918125886,1.0088532015647518,56.65399239543726
12,41,0.3333333333333333,0.0,0.3333333333333333,0.0,1.7564493816047426,1.0242854159040018,54.64278361128269,95.97728348319924,70.03017501508751,95.97728348319924,54.64278361128269,85.17110266159695
12,42,0.3333333333333333,0.0,0.3333333333333333,0.0,1.7865350069027126,1.035486603538718,53.13979822935969,94.93610979649787,63.995171997586,94.93610979649787,53.13979822935969,54.372623574144484
12,43,0.46691018598066564,0.40073055794199697,0.3333333333333333,0.0,15.217368821292775,1.0079499024204936,3.0883261272390365,46.99619771863118,20.27761013880507,43.16138192143871,3.0883261272390365,46.99619771863118
12,44,0.6553627466962283,0.966088240088685,0.3333333333333333,0.0,361.9454293931341,1.099936306961842,0.2676549310273832,96.87647893989589,24.912492456246227,96.87647893989589,0.2676549310273832,0.3041825095057034
12,45,0.6612067750050887,0.9836203250152663,0.3333333333333333,0.0,797.2406530998579,1.034800615906734,0.12353304508956146,98.48556554661619,25.25045262522631,98.48556554661619,0.12353304508956146,0.38022813688212925
12,46,0.3333333333333333,0.0,0.3333333333333333,0.0,11.76732503462619,1.0426632868610053,8.288973384030419,97.5390440132513,53.711526855763424,97.5390440132513,46.94255713403335,8.288973384030419
12,47,0.47069627211412507,0.41208881634237526,0.3333333333333333,0.0,14.343435873166115,1.133031100711709,3.0883261272390365,44.29720776147658,15.522027761013883,44.29720776147658,3.0883261272390365,15.209125475285171
12,48,0.3333333333333333,0.0,0.3333333333333333,0.0,9.571928572942198,1.012239652305301,10.190114068441064,97.5390440132513,54.061557030778516,97.5390440132513,47.0249124974264,10.190114068441064
12,49,0.3333333333333333,0.0,0.3333333333333333,0.0,9.79113304407828,1.015138892220858,9.961977186311787,97.5390440132513,53.832226916113456,97.5390440132513,46.69549104385423,9.961977186311787
12,50,0.6649170861492771,0.9947512584478315,0.3333333333333333,0.0,346.1076330200798,1.1035065145176142,0.2882437718756434,99.76336961665878,25.672902836451417,99.76336961665878,0.2882437718756434,0.38022813688212925
12,51,0.46830421192988053,0.40491263578964165,0.3333333333333333,0.0,19.042758458993475,1.0957305642959316,2.2441836524603667,42.735447231424516,15.377187688593844,42.735447231424516,2.2441836524603667,19.923954372623573
12,52,0.4613959558891474,0.38418786766744223,0.3333333333333333,0.0,14.0489543584669,1.071613685901495,2.9442042413012146,41.362991008045434,14.91852745926373,41.362991008045434,2.9442042413012146,16.65399239543726
12,53,0.6070624433656658,0.8211873300969976,0.3333333333333333,0.0,5.65403367827435,1.118069376768162,17.644636606959025,99.76336961665878,44.92456246228123,99.76336961665878,17.644636606959025,57.56653992395437
12,54,0.47345950957114763,0.42037852871344294,0.3333333333333333,0.0,511.44462849029816,1.1932010691563453,0.08235536339304096,42.12020823473734,10.875075437537719,42.12020823473734,0.08235536339304096,0.532319391634981
12,55,0.3333333333333333,0.0,0.3333333333333333,0.0,1.1591253222574154,1.0053544186495074,84.63878326996198,98.10695693327023,92.69764634882317,98.10695693327023,92.52625077208153,84.63878326996198
12,56,0.6534563544993698,0.9603690634981095,0.3333333333333333,0.0,1167.1281353525794,1.0216122416784983,0.08235536339304096,96.11926171320397,24.659022329511167,96.11926171320397,0.08235536339304096,0.6083650190114068
12,57,0.6526399463852163,0.9579198391556489,0.3333333333333333,0.0,517.9574065309986,1.0256451743386457,0.1852995676343422,95.97728348319924,24.695232347616177,95.97728348319924,0.1852995676343422,0.6844106463878328
12,58,0.3333333333333333,0.0,0.3333333333333333,0.0,1.7216382027021822,1.0090862913715912,57.946768060836504,99.76336961665878,86.10742305371153,99.76336961665878,87.79081737698168,57.946768060836504
12,59,0.3333333333333333,0.0,0.3333333333333333,0.0,1.7612860400366315,1.0396015359675057,53.901585340745314,94.93610979649787,64.51418225709112,94.93610979649787,53.901585340745314,54.82889733840304
12,60,0.6526399463852163,0.9579198391556489,0.3333333333333333,0.0,517.9574065309986,1.0862764682967494,0.1852995676343422,95.97728348319924,24.659022329511167,95.97728348319924,0.1852995676343422,0.45627376425855515
12,61,0.46796012267298437,0.40388036801895316,0.3333333333333333,0.0,15.318590857431058,1.0678713184023267,2.820671196211653,43.20870799810695,15.570307785153892,43.20870799810695,2.820671196211653,18.250950570342205
12,62,0.6578458148187232,0.9735374444561696,0.3333333333333333,0.0,526.3857075248461,1.147905489869264,0.1852995676343422,97.5390440132513,25.021122510561256,97.5390440132513,0.1852995676343422,0.22813688212927757
12,63,0.5664955105106163,0.699486531531849,0.3333333333333333,0.0,5.52892476372507,1.0049843639853173,17.718631178707227,97.9649787032655,79.1913095956548,97.9649787032655,87.66728433189212,17.718631178707227
12,64,0.3333333333333333,0.0,0.3333333333333333,0.0,3.4986895846838495,1.0146315996150563,27.148288973384034,94.98343587316612,74.21846710923356,94.98343587316612,77.92876261066502,27.148288973384034
12,65,0.6649857156187714,0.9949571468563143,0.3333333333333333,0.0,372.73129709854743,1.1083688736354544,0.2676549310273832,99.76336961665878,25.709112854556427,99.76336961665878,0.2676549310273832,0.6844106463878328
12,66,0.6070489318373603,0.821146795512081,0.3333333333333333,0.0,8.714332661126068,1.0461729742479577,10.644430718550545,92.75911026975864,32.29933614966807,92.75911026975864,10.644430718550545,15.133079847908744
12,67,0.6581889621661942,0.9745668864985826,0.3333333333333333,0.0,1184.367841930904,1.007320831893075,0.08235536339304096,97.5390440132513,25.03319251659626,97.5390440132513,0.08235536339304096,0.6844106463878328
12,68,0.642886864043462,0.928660592130386,0.3333333333333333,0.0,1128.626123994321,1.0991024048897844,0.08235536339304096,92.94841457643162,23.777911888955945,92.94841457643162,0.08235536339304096,0.1520912547528517
12,69,0.6589224497712995,0.9767673493138987,0.3333333333333333,0.0,339.86850111554327,1.1228549177699392,0.2882437718756434,97.9649787032655,25.2142426071213,97.9649787032655,0.2882437718756434,0.38022813688212925
12,70,0.6229134148461749,0.8687402445385248,0.3333333333333333,0.0,9.145697621088061,1.0513418176862162,10.665019559398806,97.5390440132513,34.91852745926373,97.5390440132513,10.665019559398806,23.878326996197718
12,71,0.4758925590552037,0.4276776771656112,0.3333333333333333,0.0,43.39245873455866,1.083880375981903,1.0088532015647518,43.776620918125886,16.87386843693422,43.776620918125886,1.0088532015647518,32.243346007604565
12,72,0.3333333333333333,0.0,0.3333333333333333,0.0,4.033454178535392,1.0445944741249213,24.182509505703422,97.5390440132513,60.941460470730235,97.5390440132513,54.97220506485485,24.182509505703422
12,73,0.5865339821595209,0.7596019464785628,0.3333333333333333,0.0,5.315072109995765,1.0376611275806733,17.603458925262508,93.56365357311878,37.5980687990344,93.56365357311878,17.603458925262508,21.520912547528518
12,74,0.3333333333333333,0.0,0.3333333333333333,0.0,1.1702839522382364,1.0152303993408478,85.24714828897338,99.76336961665878,92.98732649366325,99.76336961665878,92.13506279596459,85.24714828897338
12,75,0.40496449403510754,0.21489348210532266,0.3333333333333333,0.0,1.3368979105414545,1.0045940873413028,73.38403041825094,98.10695693327023,92.28726614363308,98.10695693327023,94.8733786287832,73.38403041825094
12,76,0.4645510276670303,0.39365308300109103,0.3333333333333333,0.0,14.370440728225867,1.0209592099406144,2.9442042413012146,42.309512541410314,13.808086904043451,42.309512541410314,2.9442042413012146,8.136882129277566
12,77,0.46789149320349016,0.40367447961047054,0.3333333333333333,0.0,15.20758657585547,1.048639375295788,2.8412600370599135,43.20870799810695,15.67893783946892,43.20870799810695,2.8412600370599135,18.859315589353614
12,78,0.6578458148187232,0.9735374444561696,0.3333333333333333,0.0,526.3857075248461,1.0931122923332415,0.1852995676343422,97.5390440132513,25.093542546771275,97.5390440132513,0.1852995676343422,0.6844106463878328
12,79,0.3333333333333333,0.0,0.3333333333333333,0.0,9.773533967215934,1.0026621066473664,10.038022813688213,98.10695693327023,70.65781532890767,98.10695693327023,75.12868025530163,10.038022813688213
12,80,0.46796012267298437,0.40388036801895316,0.3333333333333333,0.0,15.318590857431058,1.072478602493925,2.820671196211653,43.20870799810695,15.485817742908873,43.20870799810695,2.820671196211653,17.718631178707227
12,81,0.4706276426446309,0.4118829279338928,0.3333333333333333,0.0,14.248446231621969,1.0900605484392905,3.1089149680872965,44.29720776147658,15.534097767048882,44.29720776147658,3.1089149680872965,15.209125475285171
12,82,0.3333333333333333,0.0,0.3333333333333333,0.0,9.938547806508053,1.0140016333925497,10.038022813688213,99.76336961665878,70.87507543753772,99.76336961665878,74.7786699608812,10.038022813688213
12,83,0.47686145905732474,0.4305843771719743,0.3333333333333333,0.0,419.2696639848557,1.0903585008147745,0.10294420424130121,43.16138192143871,11.140615570307785,43.16138192143871,0.10294420424130121,0.45627376425855515
12,84,0.604773798340375,0.8143213950211252,0.3333333333333333,0.0,5.925478226173856,1.0332617798527217,16.532839201152974,97.9649787032655,37.827398913699454,97.9649787032655,16.532839201152974,19.847908745247146
12,85,0.6537165813377926,0.961149744013378,0.3333333333333333,0.0,334.45030761949835,1.058962281868103,0.2882437718756434,96.40321817321345,24.8038624019312,96.40321817321345,0.2882437718756434,0.3041825095057034
12,86,0.47526154469962717,0.42578463409888156,0.3333333333333333,0.0,43.20481566976057,1.0777612909208938,1.0088532015647518,43.587316611452906,15.835847917923958,43.587316611452906,1.0088532015647518,26.00760456273764
12,87,0.4806475451907842,0.4419426355723526,0.3333333333333333,0.0,430.3030761949835,1.0823549074499643,0.10294420424130121,44.29720776147658,11.394085697042849,44.29720776147658,0.10294420424130121,0.22813688212927757
12,88,0.3333333333333333,0.0,0.3333333333333333,0.0,4.288909150480377,1.0322818212260543,21.749049429657795,93.27969711310932,55.763427881713945,93.27969711310932,48.651430924438955,21.749049429657795
12,89,0.6524340579767337,0.9573021739302012,0.3333333333333333,0.0,631.0506389020351,1.047394587774452,0.1520912547528517,95.97728348319924,24.646952323476164,95.97728348319924,0.24706609017912293,0.1520912547528517
12,90,0.6529830937326874,0.9589492811980622,0.3333333333333333,0.0,1165.404164694747,1.0971986019894764,0.08235536339304096,95.97728348319924,24.586602293301148,95.97728348319924,0.08235536339304096,0.38022813688212925
12,91,0.46974016908833205,0.4092205072649962,0.3333333333333333,0.0,41.562938852777265,1.1828541698661392,1.0088532015647518,41.93090392806436,13.059746529873264,41.93090392806436,1.0088532015647518,11.178707224334602
12,92,0.3333333333333333,0.0,0.3333333333333333,0.0,1.988586711277914,1.0069467822373923,49.049429657794676,97.5390440132513,64.50211225105612,97.5390440132513,54.31336215771052,49.049429657794676
12,93,0.4770192126462189,0.4310576379386567,0.3333333333333333,0.0,419.729389493611,1.1239236849354741,0.10294420424130121,43.20870799810695,11.164755582377792,43.20870799810695,0.10294420424130121,0.532319391634981
12,94,0.47297007394606094,0.4189102218381829,0.3333333333333333,0.0,32.791358554188356,1.0256451743386459,1.3176858142886554,43.20870799810695,17.948098974049486,43.20870799810695,1.3176858142886554,38.78326996197718
12,95,0.6022301881775881,0.8066905645327644,0.3333333333333333,0.0,6.553795600138563,1.0707438240211637,14.752851711026615,96.68717463322291,36.391068195534096,96.68717463322291,16.01811817994647,14.752851711026615
12,96,0.3333333333333333,0.0,0.3333333333333333,0.0,5.481870084884857,1.0181377236804858,17.870722433460077,97.9649787032655,71.985515992758,97.9649787032655,75.33456866378422,17.870722433460077
12,97,0.6649857156187714,0.9949571468563143,0.3333333333333333,0.0,437.2961034863543,1.1355453429538038,0.22813688212927757,99.76336961665878,25.636692818346408,99.76336961665878,0.2676549310273832,0.22813688212927757
12,98,0.4683247065797862,0.40497411973935865,0.3333333333333333,0.0,18.720354050216805,1.0407608422027772,2.285361334156887,42.78277330809276,18.20156910078455,42.78277330809276,2.285361334156887,37.49049429657795
12,99,0.3333333333333333,0.0,0.3333333333333333,0.0,1.1222312322147674,1.0052868907274013,88.89733840304183,99.76336961665878,94.39951719975859,99.76336961665878,93.55569281449453,88.89733840304183
12,100,0.6649857156187714,0.9949571468563143,0.3333333333333333,0.0,437.2961034863543,1.0102838801276277,0.22813688212927757,99.76336961665878,25.636692818346408,99.76336961665878,0.2676549310273832,0.22813688212927757
12,101,0.3333333333333333,0.0,0.3333333333333333,0.0,3.7999448599605175,1.0186897796185244,24.4106463878327,92.75911026975864,56.10138805069403,92.75911026975864,48.73378628783199,24.4106463878327
12,102,0.6654661219052307,0.9963983657156922,0.3333333333333333,0.0,807.5844770468527,1.012734043135213,0.12353304508956146,99.76336961665878,25.576342788171395,99.76336961665878,0.12353304508956146,0.38022813688212925
12,103,0.5263717478308,0.5791152434924001,0.3333333333333333,0.0,3.3991737189973823,1.0204298201024813,28.973384030418252,98.48556554661619,80.65178032589017,98.48556554661619,86.88490837965823,28.973384030418252
12,104,0.3333333333333333,0.0,0.3333333333333333,0.0,4.444954383388378,1.0446105406695998,21.368821292775667,94.98343587316612,71.53892576946288,94.98343587316612,74.92279184681902,21.368821292775667
12,105,0.4765984064906264,0.42979521947187926,0.3333333333333333,0.0,33.61742782773308,1.057207802942635,1.3176858142886554,44.29720776147658,17.33252866626433,44.29720776147658,1.3176858142886554,33.155893536121674
12,106,0.6589910792407937,0.9769732377223812,0.3333333333333333,0.0,366.01223197058505,1.0570170009829263,0.2676549310273832,97.9649787032655,25.1901025950513,97.9649787032655,0.2676549310273832,0.3041825095057034
12,107,0.4728123203571668,0.41843696107150047,0.3333333333333333,0.0,36.47366920152091,1.0660194540971006,1.3176858142886554,48.060836501901136,19.408569704284854,43.16138192143871,1.3176858142886554,48.060836501901136
12,108,0.6001069944147694,0.8003209832443084,0.3333333333333333,0.0,5.462869133889329,1.0428078201395063,17.93288037883467,97.9649787032655,42.84852142426071,97.9649787032655,17.93288037883467,46.31178707224334
12,109,0.5984002870160416,0.795200861048125,0.3333333333333333,0.0,5.581602114010372,1.055809642621068,17.356392835083383,96.87647893989589,48.34037417018708,96.87647893989589,17.356392835083383,84.79087452471484
12,110,0.5572140401803364,0.6716421205410092,0.3333333333333333,0.0,3.584394290871757,1.0224560499764601,27.832699619771862,99.76336961665878,85.55220277610138,99.76336961665878,94.99691167387276,27.832699619771862
12,111,0.5884484617855815,0.7653453853567447,0.3333333333333333,0.0,8.67766942402165,1.098019308038724,10.79847908745247,93.70563180312352,35.67893783946892,93.70563180312352,17.17109326744904,10.79847908745247
12,112,0.6599447462939355,0.9798342388818067,0.3333333333333333,0.0,794.1758163748225,1.0345015390186492,0.12353304508956146,98.10695693327023,25.1901025950513,98.10695693327023,0.12353304508956146,0.6083650190114068
12,113,0.3333333333333333,0.0,0.3333333333333333,0.0,9.453176546992722,1.0220171425566598,10.418250950570341,98.48556554661619,69.49909474954737,98.48556554661619,72.88449660284127,10.418250950570341
12,114,0.5918299166218529,0.7754897498655589,0.3333333333333333,0.0,5.521673127367369,1.0643782604932197,17.150504426600783,94.69947941315665,37.88774894387447,94.69947941315665,17.150504426600783,23.193916349809886
12,115,0.4683247065797862,0.40497411973935865,0.3333333333333333,0.0,24.923050046243965,1.0822420483063022,2.285361334156887,56.95817490494297,21.291490645745323,42.78277330809276,2.285361334156887,56.95817490494297
12,116,0.469024350404857,0.4070730512145711,0.3333333333333333,0.0,18.974125543174292,1.0629749471241134,2.2647724933086266,42.97207761476574,14.061557030778516,42.97207761476574,2.2647724933086266,11.178707224334602
12,117,0.606101630792747,0.8183048923782412,0.3333333333333333,0.0,5.563153688038022,1.0459207057503546,17.93288037883467,99.76336961665878,50.319855159927585,99.76336961665878,17.93288037883467,90.49429657794677
12,118,0.6181808071793505,0.8545424215380517,0.3333333333333333,0.0,9.012572473765092,1.0249785525911648,10.665019559398806,96.11926171320397,34.48400724200362,96.11926171320397,10.665019559398806,23.422053231939163
12,119,0.6481747110765917,0.9445241332297754,0.3333333333333333,0.0,415.0993847610033,1.0428856102906396,0.22813688212927757,94.69947941315665,24.33313216656608,94.69947941315665,0.24706609017912293,0.22813688212927757
12,120,0.3333333333333333,0.0,0.3333333333333333,0.0,5.864120380329561,1.0186635384942575,16.730038022813687,98.10695693327023,69.9939649969825,98.10695693327023,72.18447601400041,16.730038022813687
12,121,0.4745637846934067,0.4236913540802202,0.3333333333333333,0.0,515.4672266919073,1.1287495095682414,0.08235536339304096,42.45149077141505,10.899215449607723,42.45149077141505,0.08235536339304096,0.1520912547528517
12,122,0.3333333333333333,0.0,0.3333333333333333,0.0,2.7200458573363577,1.03282555827913,35.28517110266159,95.97728348319924,75.67893783946892,95.97728348319924,77.7846407247272,35.28517110266159
12,123,0.6229134148461749,0.8687402445385248,0.3333333333333333,0.0,9.145697621088061,1.064797350025736,10.665019559398806,97.5390440132513,43.81412190706095,97.5390440132513,10.665019559398806,79.92395437262357
12,124,0.47088881139247896,0.4126664341774369,0.3333333333333333,0.0,15.524064281158049,1.0656102478852403,2.8412600370599135,44.1079034548036,15.051297525648764,44.1079034548036,2.8412600370599135,13.460076045627375
12,125,0.6529830937326874,0.9589492811980622,0.3333333333333333,0.0,1165.404164694747,1.0308741684089242,0.08235536339304096,95.97728348319924,24.59867229933615,95.97728348319924,0.08235536339304096,0.45627376425855515
12,126,0.46632016092490053,0.39896048277470164,0.3333333333333333,0.0,13.582799122316397,1.0571591540825458,3.1706814906320777,43.06672976810223,18.177429088714543,43.06672976810223,3.1706814906320777,33.61216730038023
12,127,0.6116237859152905,0.8348713577458717,0.3333333333333333,0.0,8.843269215805995,1.0107063983599451,10.644430718550545,94.13156649313773,35.79963789981895,94.13156649313773,10.644430718550545,34.98098859315589
12,128,0.3333333333333333,0.0,0.3333333333333333,0.0,5.420960417275025,1.0060921055760628,17.870722433460077,96.87647893989589,68.18346409173205,96.87647893989589,69.32262713609224,17.870722433460077
12,129,0.4708668226793471,0.41260046803804135,0.3333333333333333,0.0,401.80009465215335,1.2311787072243345,0.10294420424130121,41.362991008045434,10.633675316837659,41.362991008045434,0.10294420424130121,0.1520912547528517
12,130,0.6607263687186293,0.9821791061558881,0.3333333333333333,0.0,431.6950623126676,1.1288463634314243,0.22813688212927757,98.48556554661619,25.310802655401325,98.48556554661619,0.2676549310273832,0.22813688212927757
12,131,0.6589224497712995,0.9767673493138987,0.3333333333333333,0.0,339.86850111554327,1.1185812075263928,0.2882437718756434,97.9649787032655,25.202172601086296,97.9649787032655,0.2882437718756434,0.3041825095057034
12,132,0.3333333333333333,0.0,0.3333333333333333,0.0,8.249027959503724,1.0156445599115476,11.634980988593156,95.97728348319924,70.21122510561256,95.97728348319924,74.86102532427424,11.634980988593156
12,133,0.3333333333333333,0.0,0.3333333333333333,0.0,7.033125564686142,1.041067395492887,13.38403041825095,94.13156649313773,51.5872057936029,94.13156649313773,43.42186534898085,13.38403041825095
12,134,0.47603602160454406,0.4281080648136322,0.3333333333333333,0.0,34.005093187298584,1.032576796937269,1.2970969734403952,44.1079034548036,13.91671695835848,44.1079034548036,1.2970969734403952,12.015209125475284
12,135,0.48008516030470183,0.44025548091410555,0.3333333333333333,0.0,535.5802176999528,1.0791052678019943,0.08235536339304096,44.1079034548036,11.333735666867833,44.1079034548036,0.08235536339304096,0.22813688212927757
12,136,0.47686145905732474,0.4305843771719743,0.3333333333333333,0.0,419.2696639848557,1.176041999141527,0.10294420424130121,43.16138192143871,11.140615570307785,43.16138192143871,0.10294420424130121,0.45627376425855515
12,137,0.6139009656293029,0.8417028968879087,0.3333333333333333,0.0,8.922773198032116,1.039304306672977,10.623841877702285,94.79413156649314,39.1792395896198,94.79413156649314,10.623841877702285,55.2851711026616
12,138,0.4704903837056425,0.41147115111692756,0.3333333333333333,0.0,15.184537389100127,1.0654431120210588,3.1500926497838173,47.832699619771866,20.736270368135184,44.29720776147658,3.1500926497838173,47.832699619771866
12,139,0.6528458347936988,0.9585375043810966,0.3333333333333333,0.0,776.9361097964978,1.0258085079667614,0.12353304508956146,95.97728348319924,24.574532287266145,95.97728348319924,0.12353304508956146,0.1520912547528517
12,140,0.3333333333333333,0.0,0.3333333333333333,0.0,3.457246438744621,1.031465354669306,28.212927756653993,97.5390440132513,61.50875075437538,97.5390440132513,54.84867201976529,28.212927756653993
12,141,0.49343414297840943,0.48030242893522834,0.3333333333333333,0.0,2.5014358639765852,1.041857290425953,39.163498098859314,97.9649787032655,82.31744115872058,97.9649787032655,87.19374099238213,39.163498098859314
12,142,0.4778079805906896,0.4334239417720688,0.3333333333333333,0.0,422.0280170373876,1.0986682899028146,0.10294420424130121,43.44533838144818,11.164755582377792,43.44533838144818,0.10294420424130121,0.1520912547528517
12,143,0.5250312551129607,0.5750937653388821,0.3333333333333333,0.0,3.388100260796891,1.014503208758922,28.59315589353612,96.87647893989589,79.72238986119493,96.87647893989589,86.10253242742434,28.59315589353612
12,144,0.5526568346470788,0.6579705039412366,0.3333333333333333,0.0,3.4432764054043643,1.0183711224884913,28.973384030418252,99.76336961665878,85.6004828002414,99.76336961665878,94.77043442454189,28.973384030418252
12,145,0.46387187849186534,0.3916156354755961,0.3333333333333333,0.0,14.027925626746367,1.1086179309395592,3.0059707638459954,42.16753431140559,14.109837054918529,42.16753431140559,3.0059707638459954,10.038022813688213
12,146,0.3333333333333333,0.0,0.3333333333333333,0.0,8.905252513559432,1.062516055087598,10.570342205323193,94.13156649313773,51.06819553409777,94.13156649313773,43.29833230389129,10.570342205323193
12,147,0.4766670359601206,0.4300011078803619,0.3333333333333333,0.0,34.151037793252655,1.01820686753957,1.2970969734403952,44.29720776147658,13.96499698249849,44.29720776147658,1.2970969734403952,12.015209125475284
12,148,0.47297007394606094,0.4189102218381829,0.3333333333333333,0.0,34.10749762357415,1.036177897752258,1.3176858142886554,44.942965779467684,18.92576946288473,43.20870799810695,1.3176858142886554,44.942965779467684
12,149,0.6380374920875549,0.9141124762626648,0.3333333333333333,0.0,602.1119261713204,1.0679231407157053,0.1520912547528517,91.57595835305253,23.47616173808087,91.57595835305253,0.16471072678608192,0.1520912547528517
12,150,0.46984790403878746,0.4095437121163624,0.3333333333333333,0.0,21.297487854583387,1.163576766749705,2.0177064031295036,42.97207761476574,13.566686783343393,42.97207761476574,2.0177064031295036,8.97338403041825
12,151,0.46984790403878746,0.4095437121163624,0.3333333333333333,0.0,21.297487854583387,1.1530332339332565,2.0177064031295036,42.97207761476574,13.51840675920338,42.97207761476574,2.0177064031295036,8.669201520912548
12,152,0.6578458148187232,0.9735374444561696,0.3333333333333333,0.0,526.3857075248461,1.0391506429919428,0.1852995676343422,97.5390440132513,25.045262522631262,97.5390440132513,0.1852995676343422,0.38022813688212925
12,153,0.5628858613637745,0.6886575840913236,0.3333333333333333,0.0,4.685315394496654,1.0362401238425885,21.292775665399237,99.76336961665878,81.67773083886541,99.76336961665878,90.1585340745316,21.292775665399237
12,154,0.3333333333333333,0.0,0.3333333333333333,0.0,3.1628844331272803,1.0059827817069138,29.581749049429657,93.56365357311878,74.08569704284852,93.56365357311878,77.66110767963764,29.581749049429657
12,155,0.3333333333333333,0.0,0.3333333333333333,0.0,3.1391693966232537,1.0071167223893054,29.277566539923956,91.90724088973025,56.84972842486421,91.90724088973025,49.063207741404156,29.277566539923956
12,156,0.3333333333333333,0.0,0.3333333333333333,0.0,4.0598281722194445,1.0265314375504242,24.25855513307985,98.48556554661619,71.43029571514786,98.48556554661619,72.43154210417954,24.25855513307985
12,157,0.3333333333333333,0.0,0.3333333333333333,0.0,1.7591006259543347,1.0231402646064176,54.56042824788965,95.97728348319924,69.88533494266747,95.97728348319924,54.56042824788965,84.56273764258555
12,158,0.6061702602622412,0.8185107807867237,0.3333333333333333,0.0,5.569548117564502,1.0231861159754343,17.91229153798641,99.76336961665878,39.80687990343995,99.76336961665878,17.91229153798641,24.334600760456272
12,159,0.6443886249431322,0.9331658748293967,0.3333333333333333,0.0,410.120681495504,1.058383876752933,0.22813688212927757,93.56365357311878,24.04345202172601,93.56365357311878,0.24706609017912293,0.22813688212927757
12,160,0.4778079805906896,0.4334239417720688,0.3333333333333333,0.0,422.0280170373876,1.0982673695126166,0.10294420424130121,43.44533838144818,11.176825588412795,43.44533838144818,0.10294420424130121,0.22813688212927757
12,161,0.6654661219052307,0.9963983657156922,0.3333333333333333,0.0,807.5844770468527,1.0508011628693121,0.12353304508956146,99.76336961665878,25.55220277610139,99.76336961665878,0.12353304508956146,0.22813688212927757
12,162,0.47242198009953257,0.41726594029859776,0.3333333333333333,0.0,42.36042187816916,1.1467462522401222,1.0088532015647518,42.735447231424516,17.344598672299334,42.735447231424516,1.0088532015647518,36.88212927756654
12,163,0.4690234084954319,0.40707022548629573,0.3333333333333333,0.0,15.86571492621758,1.140816967244567,2.7383158328186123,43.44533838144818,13.856366928183464,43.44533838144818,2.7383158328186123,7.3764258555133075
12,164,0.3333333333333333,0.0,0.3333333333333333,0.0,1.7710173337284545,1.0210524192830832,55.075149269096144,97.5390440132513,66.52987326493664,97.5390440132513,55.075149269096144,59.01140684410646
12,165,0.3333333333333333,0.0,0.3333333333333333,0.0,4.074187299562308,1.00761250876479,24.486692015209126,99.76336961665878,73.03560651780326,99.76336961665878,74.55219271155033,24.486692015209126
12,166,0.3333333333333333,0.0,0.3333333333333333,0.0,4.894603548176667,1.024077880603072,19.695817490494296,96.40321817321345,71.32166566083283,96.40321817321345,74.38748198476426,19.695817490494296
12,167,0.46984790403878746,0.4095437121163624,0.3333333333333333,0.0,21.297487854583387,1.3000894657339757,2.0177064031295036,42.97207761476574,13.51840675920338,42.97207761476574,2.0177064031295036,8.669201520912548
12,168,0.46888614955644353,0.40665844866933065,0.3333333333333333,0.0,15.630667297681022,1.06702154626109,2.7794935145151327,43.44533838144818,14.194327097163548,43.44533838144818,2.7794935145151327,9.35361216730038
12,169,0.4680287521424786,0.4040862564274358,0.3333333333333333,0.0,15.431227554912168,1.1167860236273206,2.800082355363393,43.20870799810695,13.67531683765842,43.20870799810695,2.800082355363393,6.387832699619772
12,170,0.4728971246850653,0.4186913740551959,0.3333333333333333,0.0,678.861334595362,1.0417395419658841,0.06176652254478073,41.93090392806436,10.754375377187689,41.93090392806436,0.06176652254478073,0.1520912547528517
12,171,0.4704460165237547,0.4113380495712641,0.3333333333333333,0.0,32.216701668244205,1.1355531765661337,1.3176858142886554,42.45149077141505,13.349426674713339,42.45149077141505,1.3176858142886554,11.02661596958175
12,172,0.3333333333333333,0.0,0.3333333333333333,0.0,5.139866468814755,1.0315542411866874,19.08745247148289,98.10695693327023,70.3922751961376,98.10695693327023,72.22565369569693,19.08745247148289
12,173,0.46691018598066564,0.40073055794199697,0.3333333333333333,0.0,13.975655466161854,1.0982114068441065,3.0883261272390365,43.16138192143871,15.956547978273989,43.16138192143871,3.0883261272390365,19.771863117870723
12,174,0.6581889621661942,0.9745668864985826,0.3333333333333333,0.0,1184.367841930904,1.1513425380009692,0.08235536339304096,97.5390440132513,24.99698249849125,97.5390440132513,0.08235536339304096,0.45627376425855515
12,175,0.3333333333333333,0.0,0.3333333333333333,0.0,3.0193810473781575,1.0150261499488868,31.78707224334601,95.97728348319924,75.2082076041038,95.97728348319924,77.92876261066502,31.78707224334601
12,176,0.4644137687280419,0.3932413061841258,0.3333333333333333,0.0,14.172227752664131,1.1153134422010347,2.9853819229977354,42.309512541410314,14.085697042848523,42.309512541410314,2.9853819229977354,9.73384030418251
12,177,0.3333333333333333,0.0,0.3333333333333333,0.0,4.843005526120081,1.0444219065897073,20.228136882129277,97.9649787032655,72.31140615570307,97.9649787032655,75.25221330039119,20.228136882129277
12,178,0.3333333333333333,0.0,0.3333333333333333,0.0,7.970712439477229,1.0313862985453341,11.863117870722434,94.55750118315191,65.6125528062764,94.55750118315191,67.57257566399012,11.863117870722434
12,179,0.6108370641878469,0.8325111925635408,0.3333333333333333,0.0,6.041779130026331,1.0695645426135874,16.512250360304716,99.76336961665878,39.505129752564876,99.76336961665878,16.512250360304716,27.604562737642585
12,180,0.47708784211571303,0.43126352634713916,0.3333333333333333,0.0,524.6617368670137,1.0632907016937434,0.08235536339304096,43.20870799810695,11.152685576342789,43.20870799810695,0.08235536339304096,0.532319391634981
12,181,0.4624546960693059,0.38736408820791773,0.3333333333333333,0.0,2.0059454288364877,1.0163722305210352,49.73384030418251,99.76336961665878,85.2021726010863,99.76336961665878,88.47024912497426,49.73384030418251
12,182,0.5949011259812625,0.7847033779437877,0.3333333333333333,0.0,5.375779915812833,1.0369631322794222,17.93288037883467,96.40321817321345,43.72963186481593,96.40321817321345,17.93288037883467,54.372623574144484
12,183,0.6133590753931263,0.840077226179379,0.3333333333333333,0.0,8.892176184822517,1.06461548247354,10.644430718550545,94.65215333648841,36.43934821967411,94.65215333648841,10.644430718550545,38.17490494296578
12,184,0.5736008786659683,0.7208026359979051,0.3333333333333333,0.0,5.4127708821342075,1.0122661001118212,18.09885931558935,97.9649787032655,80.72420036210019,97.9649787032655,90.17912291537986,18.09885931558935
12,185,0.6496836174960391,0.9490508524881174,0.3333333333333333,0.0,417.17384445496134,1.0628856256683072,0.22813688212927757,95.17274017983908,24.465902232951116,95.17274017983908,0.2676549310273832,0.22813688212927757
12,186,0.6649170861492771,0.9947512584478315,0.3333333333333333,0.0,437.2961034863543,1.1546930967389184,0.22813688212927757,99.76336961665878,25.64876282438141,99.76336961665878,0.2882437718756434,0.22813688212927757
12,187,0.4683933360492804,0.4051800081478413,0.3333333333333333,0.0,24.108717594192882,1.0641503162899246,2.2647724933086266,54.60076045627377,20.905250452625225,42.78277330809276,2.2647724933086266,54.60076045627377
12,188,0.47028449529715993,0.41085348589147985,0.3333333333333333,0.0,13.791765262659725,1.1471813614600506,3.211859172328598,44.29720776147658,16.378998189499093,44.29720776147658,3.211859172328598,20.15209125475285
12,189,0.3333333333333333,0.0,0.3333333333333333,0.0,3.748252315597323,1.0549792347348095,26.61596958174905,99.76336961665878,73.22872661436331,99.76336961665878,74.30512662137122,26.61596958174905
12,190,0.6581889621661942,0.9745668864985826,0.3333333333333333,0.0,1184.367841930904,1.065957606059699,0.08235536339304096,97.5390440132513,25.03319251659626,97.5390440132513,0.08235536339304096,0.6844106463878328
12,191,0.3333333333333333,0.0,0.3333333333333333,0.0,5.7594544594071335,1.0152855652580426,16.730038022813687,96.35589209654519,54.242607121303564,96.35589209654519,46.077825818406424,16.730038022813687
12,192,0.4778079805906896,0.4334239417720688,0.3333333333333333,0.0,422.0280170373876,1.2398514915051526,0.10294420424130121,43.44533838144818,11.164755582377792,43.44533838144818,0.10294420424130121,0.1520912547528517
12,193,0.6229820443156692,0.8689461329470076,0.3333333333333333,0.0,9.163387558459604,1.01525258963202,10.644430718550545,97.5390440132513,44.948702474351236,97.5390440132513,10.644430718550545,87.14828897338403
12,194,0.46301813618539667,0.38905440855619006,0.3333333333333333,0.0,1.955124158657322,1.019615050511366,51.02661596958175,99.76336961665878,86.26433313216657,99.76336961665878,89.93205682520075,51.02661596958175
12,195,0.6649857156187714,0.9949571468563143,0.3333333333333333,0.0,372.73129709854743,1.0872224070337544,0.2676549310273832,99.76336961665878,25.672902836451417,99.76336961665878,0.2676549310273832,0.45627376425855515
12,196,0.3333333333333333,0.0,0.3333333333333333,0.0,4.615090105659455,1.0329712112982077,20.304182509505704,93.70563180312352,69.12492456246228,93.70563180312352,71.64916615194564,20.304182509505704
12,197,0.4715884552175497,0.4147653656526492,0.3333333333333333,0.0,15.704491831933703,1.1460972518470431,2.820671196211653,44.29720776147658,15.799637899818949,44.29720776147658,2.820671196211653,17.9467680608365
12,198,0.3333333333333333,0.0,0.3333333333333333,0.0,5.560097890253319,1.0197181742378145,17.338403041825096,96.40321817321345,70.86300543150271,96.40321817321345,74.24336009882644,17.338403041825096
12,199,0.3333333333333333,0.0,0.3333333333333333,0.0,6.587753090294721,1.0294734743042848,14.67680608365019,96.68717463322291,67.85757392878696,96.68717463322291,69.71381511220919,14.67680608365019
