rep,disparity,auc_mask,r2_within,r2_loso,r2_loso_mask,mask_gain,r2_pooled,r2_pooled_mask,mask_gain_pooled,inflation,censor_rate
0,0,0.50058055555555558,0.038485041408078069,0.19940911708862852,0.19940911708862852,0,0.21615328430689551,0.21615328430689551,0,0.016744167218266992,0.050000000000000003
1,0,0.49330671296296291,0.21129787989308557,0.27163635450343226,0.27163635450343226,0,0.29434060363728254,0.29434060363728254,0,0.022704249133850274,0.050000000000000003
2,0,0.49668206018518518,0.30388142737619228,0.39035355307142405,0.39035355307142405,0,0.36719044837503512,0.36719044837503512,0,-0.023163104696388936,0.050000000000000003
3,0,0.48923287037037039,0.19469570166366623,0.33499214490702933,0.33499214490702933,0,0.3557498899248841,0.3557498899248841,0,0.020757745017854767,0.050000000000000003
4,0,0.50407245370370368,0.10417061920695336,0.12563288866870592,0.12563288866870592,0,0.15059777536973773,0.15059777536973773,0,0.024964886701031808,0.050000000000000003
5,0,0.50952326388888891,0.20383218054091945,0.26235363143099388,0.26235363143099388,0,0.26973126840441186,0.26973126840441186,0,0.0073776369734179781,0.050000000000000003
6,0,0.50027071759259256,0.19348790835944962,0.34281910075373945,0.34281910075373945,0,0.31226230452144643,0.31226230452144643,0,-0.030556796232293015,0.050000000000000003
7,0,0.49629930555555557,0.30408788905041695,0.40964795073881766,0.40964795073881766,0,0.36763509392774607,0.36763509392774607,0,-0.042012856811071586,0.050000000000000003
8,0,0.50464675925925928,0.23771420502150475,0.40784948359114226,0.40784948359114226,0,0.37925266521778167,0.37925266521778167,0,-0.028596818373360589,0.050000000000000003
9,0,0.49787939814814819,0.33871718260220229,0.47468510053919488,0.47468510053919488,0,0.44498957030689712,0.44498957030689712,0,-0.029695530232297762,0.050000000000000003
10,0,0.49574259259259251,0.26738667178926334,0.34347238482381148,0.34347238482381148,0,0.39481563542821374,0.39481563542821374,0,0.051343250604402257,0.050000000000000003
11,0,0.49532465277777771,0.22979648966809685,0.31534375352925292,0.31534375352925292,0,0.27211424098512749,0.27211424098512749,0,-0.043229512544125437,0.050000000000000003
12,0,0.50032870370370375,0.13592616274317615,0.23383938622894351,0.23383938622894351,0,0.26006220078146525,0.26006220078146525,0,0.026222814552521734,0.050000000000000003
13,0,0.50104745370370374,0.1167101879630642,0.2984142843595704,0.2984142843595704,0,0.35265835942828516,0.35265835942828516,0,0.054244075068714759,0.050000000000000003
14,0,0.50722222222222213,0.093625476928305695,0.18326977285379409,0.18326977285379409,0,0.19126011699689716,0.19126011699689716,0,0.0079903441431030675,0.050000000000000003
15,0,0.51941770833333334,0.08609528385573606,0.30826705359127082,0.30826705359127082,0,0.33101012381448269,0.33101012381448269,0,0.02274307022321187,0.050000000000000003
16,0,0.50124502314814812,0.33802019632136249,0.35111932339856977,0.35111932339856977,0,0.32039666908219511,0.32039666908219511,0,-0.030722654316374665,0.050000000000000003
17,0,0.50748275462962955,0.15103874962454211,0.33584857926067213,0.33584857926067213,0,0.30406038496328913,0.30406038496328913,0,-0.031788194297382999,0.050000000000000003
18,0,0.48726736111111107,0.26574793908748229,0.36598072413651639,0.36598072413651639,0,0.32278238482906951,0.32278238482906951,0,-0.043198339307446876,0.050000000000000003
19,0,0.50708576388888893,0.27817945389568632,0.29924126184555488,0.29924126184555488,0,0.33394192270015555,0.33394192270015555,0,0.034700660854600662,0.050000000000000003
20,0,0.49443611111111113,0.35426719442544663,0.3905290188404601,0.3905290188404601,0,0.43182671471680201,0.43182671471680201,0,0.041297695876341911,0.050000000000000003
21,0,0.50913240740740739,0.21476449337278936,0.27456871268942384,0.27456871268942384,0,0.28850508820603649,0.28850508820603649,0,0.013936375516612642,0.050000000000000003
22,0,0.48542685185185186,0.094041842053901759,0.16905766039463521,0.16905766039463521,0,0.1582597014490903,0.1582597014490903,0,-0.010797958945544917,0.050000000000000003
23,0,0.50136145833333334,0.26692388074479112,0.37787131887911307,0.37787131887911307,0,0.30892473049731306,0.30892473049731306,0,-0.068946588381800011,0.050000000000000003
24,0,0.50097071759259248,0.38947072997913856,0.4206389659168307,0.4206389659168307,0,0.42320489266559824,0.42320489266559824,0,0.0025659267487675441,0.050000000000000003
25,0,0.50406030092592591,0.32367376640571022,0.33659913559084575,0.33659913559084575,0,0.35668295031167885,0.35668295031167885,0,0.020083814720833093,0.050000000000000003
26,0,0.50359131944444446,0.38719515691477668,0.47130359662908483,0.47130359662908483,0,0.49717817659481833,0.49717817659481833,0,0.025874579965733502,0.050000000000000003
27,0,0.5080668981481482,0.33871803741833117,0.34037515663743667,0.34037515663743667,0,0.32642730537709519,0.32642730537709519,0,-0.013947851260341482,0.050000000000000003
28,0,0.48960243055555558,0.031194233677695138,0.28015084311594474,0.28015084311594474,0,0.2169091041776664,0.2169091041776664,0,-0.063241738938278336,0.050000000000000003
29,0,0.49546979166666666,0.16968294642398662,0.29327836836840826,0.29327836836840826,0,0.30763590512409478,0.30763590512409478,0,0.014357536755686517,0.050000000000000003
30,0,0.50894756944444441,0.24721577168270459,0.45050263011113789,0.45050263011113789,0,0.39041614061433627,0.39041614061433627,0,-0.060086489496801621,0.050000000000000003
31,0,0.48983958333333333,0.37596657918286547,0.36228529894397365,0.36228529894397365,0,0.33405490255320736,0.33405490255320736,0,-0.028230396390766299,0.050000000000000003
32,0,0.49544490740740743,0.073361964830810367,0.26039342616210936,0.26039342616210936,0,0.25743715043012361,0.25743715043012361,0,-0.002956275731985758,0.050000000000000003
33,0,0.49220902777777775,0.28101526827927492,0.39715835737507743,0.39715835737507743,0,0.39749629393788022,0.39749629393788022,0,0.0003379365628027875,0.050000000000000003
34,0,0.50896307870370372,0.28253463639611476,0.33877743171273578,0.33877743171273578,0,0.36974330185939752,0.36974330185939752,0,0.030965870146661745,0.050000000000000003
35,0,0.48988726851851849,0.030695652842385845,0.28074690286211224,0.28074690286211224,0,0.28101313988075072,0.28101313988075072,0,0.00026623701863848215,0.050000000000000003
36,0,0.49961122685185183,0.21856014437264704,0.2300745129611087,0.2300745129611087,0,0.22618108612727628,0.22618108612727628,0,-0.0038934268338324252,0.050000000000000003
37,0,0.49905347222222224,0.16619855919719251,0.27464271844991517,0.27464271844991517,0,0.28238272716942436,0.28238272716942436,0,0.0077400087195091949,0.050000000000000003
38,0,0.51157754629629626,0.30858820351969285,0.48295517116960096,0.48295517116960096,0,0.44829209813629245,0.44829209813629245,0,-0.034663073033308511,0.050000000000000003
39,0,0.50421840277777774,0.1324350816156743,0.31021477540992137,0.31021477540992137,0,0.30137972132932755,0.30137972132932755,0,-0.0088350540805938182,0.050000000000000003
40,0,0.49635127314814814,0.26312939043484029,0.32528497807055823,0.32528497807055823,0,0.32656435151117336,0.32656435151117336,0,0.001279373440615128,0.050000000000000003
41,0,0.48951782407407407,0.13259396351153729,0.31074042989766215,0.31074042989766215,0,0.31351551444353665,0.31351551444353665,0,0.0027750845458744955,0.050000000000000003
42,0,0.49890127314814814,0.15060920431153813,0.27144855337496088,0.27144855337496088,0,0.30874119572893544,0.30874119572893544,0,0.037292642353974559,0.050000000000000003
43,0,0.50275775462962968,0.20590621426068556,0.26309558872426919,0.26309558872426919,0,0.25745670639994089,0.25745670639994089,0,-0.0056388823243282982,0.050000000000000003
44,0,0.4760092592592593,0.13193896650072046,0.31134086432300867,0.31134086432300867,0,0.29465559265264096,0.29465559265264096,0,-0.016685271670367707,0.050000000000000003
45,0,0.49433993055555553,0.19345690494943002,0.24822191519721926,0.24822191519721926,0,0.28598781279212582,0.28598781279212582,0,0.037765897594906561,0.050000000000000003
46,0,0.48280578703703697,0.28483638737561734,0.34466066329017619,0.34466066329017619,0,0.30032371157404159,0.30032371157404159,0,-0.044336951716134609,0.050000000000000003
47,0,0.50295706018518516,0.33171570442827347,0.3665845540041589,0.3665845540041589,0,0.33382914296381061,0.33382914296381061,0,-0.032755411040348292,0.050000000000000003
48,0,0.50032407407407409,0.37063194870094307,0.29471069506026815,0.29471069506026815,0,0.32830982404936171,0.32830982404936171,0,0.033599128989093563,0.050000000000000003
49,0,0.49867800925925926,0.12046086991564775,0.3015576060750198,0.3015576060750198,0,0.2287562490702334,0.2287562490702334,0,-0.072801357004786404,0.050000000000000003
50,0,0.52096620370370372,0.32975939408007393,0.36065180778164874,0.36065180778164874,0,0.34656742371195504,0.34656742371195504,0,-0.014084384069693701,0.050000000000000003
51,0,0.49562083333333334,0.12210362480355108,0.24770881685906621,0.24770881685906621,0,0.25389082089478876,0.25389082089478876,0,0.0061820040357225547,0.050000000000000003
52,0,0.48783622685185185,0.29461735775320386,0.388690997564901,0.388690997564901,0,0.41182525206452636,0.41182525206452636,0,0.023134254499625362,0.050000000000000003
53,0,0.50049965277777775,0.4026836669505659,0.4202811978376455,0.4202811978376455,0,0.39632696099503717,0.39632696099503717,0,-0.023954236842608334,0.050000000000000003
54,0,0.5089559027777778,0.28238614796946837,0.37841866542103708,0.37841866542103708,0,0.3612758962468402,0.3612758962468402,0,-0.017142769174196881,0.050000000000000003
55,0,0.4786664351851852,0.26536349379706581,0.22478883637074687,0.22478883637074687,0,0.23359584556599389,0.23359584556599389,0,0.0088070091952470175,0.050000000000000003
56,0,0.49365810185185183,0.28755894893237466,0.36518398446623745,0.36518398446623745,0,0.38991507162478356,0.38991507162478356,0,0.024731087158546106,0.050000000000000003
57,0,0.51093483796296291,0.3372038427577394,0.34298438073594972,0.34298438073594972,0,0.35722155882294682,0.35722155882294682,0,0.014237178086997093,0.050000000000000003
58,0,0.49388298611111109,0.3485157676070636,0.33408667855672936,0.33408667855672936,0,0.33832489823722245,0.33832489823722245,0,0.0042382196804930938,0.050000000000000003
59,0,0.49501701388888891,0.18483459066310592,0.26669891628134867,0.26669891628134867,0,0.24226447739327361,0.24226447739327361,0,-0.024434438888075061,0.050000000000000003
60,0,0.51379918981481476,0.27231355268503432,0.39276628709226313,0.39276628709226313,0,0.35016035790133171,0.35016035790133171,0,-0.042605929190931424,0.050000000000000003
61,0,0.51122442129629631,0.15123168559900513,0.26541830643007902,0.26541830643007902,0,0.21642671805444569,0.21642671805444569,0,-0.048991588375633333,0.050000000000000003
62,0,0.49598043981481482,0.28982149647685251,0.34793453805676222,0.34793453805676222,0,0.37860312096148607,0.37860312096148607,0,0.030668582904723851,0.050000000000000003
63,0,0.50471111111111111,0.232799586498321,0.29980837922488168,0.29980837922488168,0,0.32746169349954957,0.32746169349954957,0,0.027653314274667884,0.050000000000000003
64,0,0.51094652777777771,0.23008109408162569,0.24525025698420766,0.24525025698420766,0,0.25824481848296688,0.25824481848296688,0,0.012994561498759216,0.050000000000000003
65,0,0.48998090277777778,0.2105272134884526,0.27098548421557667,0.27098548421557667,0,0.244803626865715,0.244803626865715,0,-0.02618185734986167,0.050000000000000003
66,0,0.49181030092592587,0.21849194350518075,0.31174197756503863,0.31174197756503863,0,0.33897421384871496,0.33897421384871496,0,0.027232236283676325,0.050000000000000003
67,0,0.48726099537037043,0.17635854761272229,0.34188364265297821,0.34188364265297821,0,0.34785513951881952,0.34785513951881952,0,0.0059714968658413081,0.050000000000000003
68,0,0.4945208333333333,0.23675030165305722,0.29096381089772039,0.29096381089772039,0,0.36338964408993668,0.36338964408993668,0,0.072425833192216293,0.050000000000000003
69,0,0.50359062499999996,0.063370044984752849,0.16744249975619219,0.16744249975619219,0,0.11764383459697381,0.11764383459697381,0,-0.04979866515921838,0.050000000000000003
70,0,0.49600555555555559,0.26196988416315892,0.38633514987602802,0.38633514987602802,0,0.36159852605491283,0.36159852605491283,0,-0.024736623821115189,0.050000000000000003
71,0,0.50500428240740736,-0.014108175561833525,0.22821270070414235,0.22821270070414235,0,0.18017170388569459,0.18017170388569459,0,-0.048040996818447756,0.050000000000000003
72,0,0.48932222222222221,0.28941391431021046,0.4212475856264335,0.4212475856264335,0,0.39691508641790274,0.39691508641790274,0,-0.024332499208530756,0.050000000000000003
73,0,0.5040062500000001,0.22162310451775025,0.29916184979477956,0.29916184979477956,0,0.30583491795326445,0.30583491795326445,0,0.0066730681584848961,0.050000000000000003
74,0,0.50974432870370368,0.20169233536535014,0.2934786805452404,0.2934786805452404,0,0.24718928985476285,0.24718928985476285,0,-0.04628939069047755,0.050000000000000003
75,0,0.49280497685185187,0.36014413009393442,0.43562064377369614,0.43562064377369614,0,0.40932395419477219,0.40932395419477219,0,-0.026296689578923949,0.050000000000000003
76,0,0.50662696759259251,0.066133281331230753,0.14525847547535775,0.14525847547535775,0,0.18946152853975529,0.18946152853975529,0,0.044203053064397535,0.050000000000000003
77,0,0.49997696759259264,0.24595551116983894,0.35128604286626075,0.35128604286626075,0,0.41052130678456067,0.41052130678456067,0,0.059235263918299919,0.050000000000000003
78,0,0.50095115740740737,0.20026300743658598,0.27861967792328324,0.27861967792328324,0,0.27128817372311076,0.27128817372311076,0,-0.0073315042001724784,0.050000000000000003
79,0,0.47391990740740741,0.13062097119098748,0.24105772809987014,0.24105772809987014,0,0.2639898540534471,0.2639898540534471,0,0.022932125953576965,0.050000000000000003
80,0,0.4914289351851851,0.29478776135722395,0.38925105904290969,0.38925105904290969,0,0.37827344144107722,0.37827344144107722,0,-0.010977617601832468,0.050000000000000003
81,0,0.50317905092592585,0.17246403855119419,0.273311595226707,0.273311595226707,0,0.30461985324172014,0.30461985324172014,0,0.031308258015013135,0.050000000000000003
82,0,0.4900211805555556,0.22864892402163139,0.30469040042203888,0.30469040042203888,0,0.29630842737925933,0.29630842737925933,0,-0.0083819730427795447,0.050000000000000003
83,0,0.50387662037037029,0.40925744538965902,0.3873596681147905,0.3873596681147905,0,0.44375097513439155,0.44375097513439155,0,0.056391307019601045,0.050000000000000003
84,0,0.50862175925925923,0.43143750830864169,0.47014933596341224,0.47014933596341224,0,0.4758089999760966,0.4758089999760966,0,0.0056596640126843623,0.050000000000000003
85,0,0.48819976851851843,0.30554268690009556,0.35495786158239584,0.35495786158239584,0,0.36594648158647314,0.36594648158647314,0,0.010988620004077299,0.050000000000000003
86,0,0.49291643518518519,0.2015588033171033,0.30099628580080429,0.30099628580080429,0,0.35137560033286674,0.35137560033286674,0,0.050379314532062458,0.050000000000000003
87,0,0.4958738425925926,0.29686799376594908,0.36644123038215703,0.36644123038215703,0,0.37730387776190544,0.37730387776190544,0,0.010862647379748402,0.050000000000000003
88,0,0.48703888888888897,0.23866931550188486,0.35380356695187343,0.35380356695187343,0,0.39731000218393075,0.39731000218393075,0,0.043506435232057328,0.050000000000000003
89,0,0.48645543981481482,0.17682772779131828,0.28784410181037601,0.28784410181037601,0,0.31719240177296237,0.31719240177296237,0,0.029348299962586366,0.050000000000000003
90,0,0.5091623842592593,0.0029281629154537248,0.27235269342239521,0.27235269342239521,0,0.25687268199762836,0.25687268199762836,0,-0.015480011424766849,0.050000000000000003
91,0,0.50837557870370376,0.3422740151416741,0.28435422523052423,0.28435422523052423,0,0.29063819090747667,0.29063819090747667,0,0.006283965676952441,0.050000000000000003
92,0,0.48804201388888885,0.32619805146456726,0.28878200295821133,0.28878200295821133,0,0.31917703884378645,0.31917703884378645,0,0.030395035885575128,0.050000000000000003
93,0,0.48756851851851857,0.29647706355335846,0.40991702182871603,0.40991702182871603,0,0.43328964456861707,0.43328964456861707,0,0.023372622739901039,0.050000000000000003
94,0,0.50055439814814806,0.30829777485626686,0.29338436415406222,0.29338436415406222,0,0.36346005791477132,0.36346005791477132,0,0.070075693760709101,0.050000000000000003
95,0,0.50068263888888886,0.39157199456518299,0.36288809362453911,0.36288809362453911,0,0.36773942936438309,0.36773942936438309,0,0.004851335739843976,0.050000000000000003
96,0,0.49934050925925932,0.23668745340084008,0.3392526014299454,0.3392526014299454,0,0.34612444561107791,0.34612444561107791,0,0.0068718441811325137,0.050000000000000003
97,0,0.50367337962962966,0.27155326049369644,0.26481656780809559,0.26481656780809559,0,0.25997886265884318,0.25997886265884318,0,-0.0048377051492524137,0.050000000000000003
98,0,0.49510694444444442,0.24585804107315146,0.33527737859637718,0.33527737859637718,0,0.34045516335476056,0.34045516335476056,0,0.0051777847583833747,0.050000000000000003
99,0,0.49738888888888888,0.21767045748535474,0.25956974443196235,0.25956974443196235,0,0.35199559482332421,0.35199559482332421,0,0.092425850391361863,0.050000000000000003
0,0.050000000000000003,0.57016678240740737,0.12874767124612274,0.25136573258960981,0.25123940198485695,-0.00012633060475286673,0.27381605909272966,0.27381605909272966,0,0.022450326503119844,0.065375000000000003
1,0.050000000000000003,0.55663252314814804,0.31687873947858003,0.32244444469997235,0.32244444469997235,0,0.35283664037238205,0.35283664037238205,0,0.030392195672409694,0.066541666666666666
2,0.050000000000000003,0.54904050925925929,0.18916970735528649,0.31868196740608645,0.31868196740608645,0,0.31456016951078414,0.31456016951078414,0,-0.0041217978953023149,0.065638888888888886
3,0.050000000000000003,0.55103078703703701,0.17693205791358169,0.26008288904556542,0.26004755352755882,-3.533551800660728e-05,0.3077372293472842,0.3077372293472842,0,0.047654340301718778,0.065555555555555561
4,0.050000000000000003,0.5637733796296297,0.10673089429247273,0.16967315328992061,0.17014323492820815,0.00047008163828754501,0.20252441015943912,0.20252441015943912,0,0.032851256869518508,0.066861111111111107
5,0.050000000000000003,0.56443344907407411,0.23734936630384562,0.47996922126191344,0.48007722133838027,0.00010800007646682985,0.45556005355288365,0.45556005355288365,0,-0.024409167709029789,0.065819444444444444
6,0.050000000000000003,0.5534824074074074,0.25835470732400523,0.24149988867566885,0.24149856857704355,-1.320098625301469e-06,0.31962929975437604,0.31962929975437604,0,0.078129411078707189,0.067180555555555549
7,0.050000000000000003,0.54835081018518517,0.28415819625537209,0.30942815870900187,0.3096488399274081,0.00022068121840623789,0.27832480863162434,0.27832480863162434,0,-0.031103350077377523,0.065638888888888886
8,0.050000000000000003,0.56145636574074065,0.34059393750063816,0.42058057110637759,0.42028595215460052,-0.00029461895177707031,0.43441445131852663,0.43441445131852663,0,0.013833880212149041,0.066097222222222224
9,0.050000000000000003,0.57412280092592594,0.39406194139028616,0.34816893142228178,0.34930003574922197,0.001131104326940191,0.38977180885920215,0.38977180885920215,0,0.041602877436920371,0.067041666666666666
10,0.050000000000000003,0.54650370370370371,0.3093195349629454,0.33412798504912444,0.33382535147036585,-0.0003026335787585932,0.30858930456314793,0.30858930456314793,0,-0.025538680485976517,0.065638888888888886
11,0.050000000000000003,0.57133460648148138,0.028242039320611534,0.25011621072591106,0.24897833247375822,-0.0011378782521528352,0.23521500781700966,0.23521500781700966,0,-0.014901202908901401,0.065958333333333327
12,0.050000000000000003,0.55535196759259253,0.20250617599309007,0.31255056587842234,0.31255056587842234,0,0.28204462572507272,0.28204462572507272,0,-0.03050594015334962,0.067083333333333328
13,0.050000000000000003,0.53804548611111114,0.38921554041438233,0.39439035762083596,0.39434604103820103,-4.4316582634928992e-05,0.44815233901872098,0.44815233901872098,0,0.053761981397885017,0.064263888888888884
14,0.050000000000000003,0.5727888888888889,0.23450687649642521,0.41157865095931012,0.41131033372528325,-0.00026831723402687135,0.37599288559036359,0.37599288559036359,0,-0.035585765368946531,0.066708333333333328
15,0.050000000000000003,0.58071215277777777,0.25764728228031786,0.34219111099403454,0.34219111099403454,0,0.33278394353299856,0.33278394353299856,0,-0.0094071674610359812,0.066430555555555562
16,0.050000000000000003,0.56610150462962949,0.29866810507325059,0.34059899651630587,0.3405802253911745,-1.8771125131378241e-05,0.28741131260796171,0.28741131260796171,0,-0.053187683908344163,0.065166666666666664
17,0.050000000000000003,0.55501041666666662,0.055004119525159489,0.23440738714558196,0.23399895224140799,-0.00040843490417397099,0.24486282902917478,0.24486282902917478,0,0.01045544188359282,0.065041666666666664
18,0.050000000000000003,0.58424201388888897,0.27985694084988533,0.33403169428060131,0.33428264467379487,0.00025095039319356083,0.32807231919003432,0.32807231919003432,0,-0.0059593750905669873,0.067583333333333329
19,0.050000000000000003,0.56872662037037036,0.11116217571772258,0.22091088581291884,0.22168318133087195,0.00077229551795310325,0.23904598062171734,0.23904598062171734,0,0.018135094808798491,0.065986111111111106
20,0.050000000000000003,0.54568275462962967,0.23926832902459683,0.1999402128932416,0.20038172492549755,0.00044151203225595292,0.20540458474474566,0.20540458474474566,0,0.0054643718515040574,0.065388888888888885
21,0.050000000000000003,0.57261354166666667,0.25201085044616989,0.25832962732271991,0.25726563275803083,-0.0010639945646890858,0.24916751629126843,0.24916751629126843,0,-0.0091621110314514809,0.066250000000000003
22,0.050000000000000003,0.55021099537037033,0.2631508745540061,0.28405740654471778,0.28384993027667149,-0.0002074762680462916,0.29515654982400241,0.29515654982400241,0,0.011099143279284629,0.066388888888888886
23,0.050000000000000003,0.55540092592592583,0.27939304828088563,0.28635503095087722,0.28635503095087722,0,0.2914137466498401,0.2914137466498401,0,0.005058715698962879,0.064569444444444443
24,0.050000000000000003,0.55918958333333324,0.20345290707941044,0.31319533060981675,0.31319533060981675,0,0.28463004674534209,0.28463004674534209,0,-0.028565283864474655,0.065930555555555562
25,0.050000000000000003,0.55573287037037034,0.264491677447663,0.39810541154185064,0.39786707317082581,-0.00023833837102482658,0.36446739341874701,0.36446739341874701,0,-0.03363801812310363,0.065277777777777782
26,0.050000000000000003,0.56244039351851849,0.38842232640384033,0.42758625781985449,0.4285946391076384,0.0010083812877839105,0.43161947276211321,0.43161947276211321,0,0.0040332149422587227,0.065236111111111106
27,0.050000000000000003,0.56470659722222227,0.23956877043757852,0.33732298431784202,0.33749475338630797,0.00017176906846594342,0.38933411815566898,0.38933411815566898,0,0.052011133837826962,0.065444444444444444
28,0.050000000000000003,0.5714707175925926,0.21206869800817574,0.32195549927604683,0.32115401744741656,-0.00080148182863026829,0.33171813050568544,0.33171813050568544,0,0.0097626312296386075,0.066972222222222225
29,0.050000000000000003,0.55493831018518514,0.31544579332672917,0.34695538185442409,0.34715561005939499,0.0002002282049708981,0.3685738429149793,0.3685738429149793,0,0.021618461060555205,0.067680555555555549
30,0.050000000000000003,0.57322604166666669,0.37394987910864819,0.31691289386916943,0.31685741252503241,-5.548134413702055e-05,0.36740211359576558,0.36740211359576558,0,0.050489219726596146,0.066819444444444445
31,0.050000000000000003,0.56435474537037045,0.12060576433148529,0.36065227327012805,0.36094673080212913,0.00029445753200108005,0.33222542955967627,0.33222542955967627,0,-0.028426843710451788,0.066722222222222224
32,0.050000000000000003,0.58432175925925922,0.30410451336026734,0.34085778236894992,0.34078714530149168,-7.0637067458245717e-05,0.31967679606091948,0.31967679606091948,0,-0.021180986308030447,0.067319444444444446
33,0.050000000000000003,0.55446261574074074,0.29360926085876293,0.29384874556132856,0.29383976340336682,-8.9821579617455072e-06,0.35475016106931911,0.35475016106931911,0,0.060901415507990553,0.065319444444444444
34,0.050000000000000003,0.55875659722222226,0.10276158828150139,0.24994438211837666,0.24945253843148329,-0.00049184368689336733,0.31067652122078249,0.31067652122078249,0,0.060732139102405824,0.066833333333333328
35,0.050000000000000003,0.55932974537037039,0.16273591846494839,0.28907343650890305,0.28900574985582972,-6.7686653073328884e-05,0.3038509039560422,0.3038509039560422,0,0.014777467447139148,0.066430555555555562
36,0.050000000000000003,0.56381701388888894,0.18956914910129075,0.22487502774604673,0.22507417614801684,0.00019914840197010619,0.2096529496644095,0.2096529496644095,0,-0.015222078081637225,0.064319444444444443
37,0.050000000000000003,0.55955324074074075,0.18645572866344085,0.32321127526157933,0.32321127526157933,0,0.2828045970136972,0.2828045970136972,0,-0.040406678247882133,0.066750000000000004
38,0.050000000000000003,0.55904363425925929,0.17461693803917377,0.25651451165662997,0.25608642300506679,-0.00042808865156318543,0.28221535841871903,0.28221535841871903,0,0.025700846762089058,0.066069444444444445
39,0.050000000000000003,0.56117592592592591,0.47691226576779788,0.45536075775682361,0.45509777765541659,-0.00026298010140701766,0.46537607823755323,0.46537607823755323,0,0.010015320480729617,0.065805555555555562
40,0.050000000000000003,0.55351550925925919,0.25041212349798125,0.28186554965764177,0.28205562624073299,0.00019007658309122544,0.29473993989840286,0.29473993989840286,0,0.012874390240761091,0.066416666666666666
41,0.050000000000000003,0.57043391203703708,0.24623988515196071,0.32051738344576541,0.32092029578767534,0.00040291234190992231,0.31965620055627719,0.31965620055627719,0,-0.00086118288948822119,0.066930555555555549
42,0.050000000000000003,0.56902581018518517,0.23233057839743287,0.29528291504239179,0.29501302515242878,-0.00026988988996301533,0.26675509142594722,0.26675509142594722,0,-0.02852782361644457,0.065444444444444444
43,0.050000000000000003,0.57879872685185185,0.0036784417207945674,0.23066749572170164,0.23047707154349739,-0.0001904241782042515,0.21716847925084992,0.21716847925084992,0,-0.013499016470851721,0.067638888888888887
44,0.050000000000000003,0.54977569444444452,0.28294413634267079,0.40756548743075505,0.40757779553256623,1.2308101811187022e-05,0.39637246855357922,0.39637246855357922,0,-0.011193018877175831,0.065902777777777782
45,0.050000000000000003,0.57157534722222225,0.39285166734083188,0.42307002133299032,0.42256492422209158,-0.00050509711089874454,0.43246129351743445,0.43246129351743445,0,0.0093912721844441327,0.066972222222222225
46,0.050000000000000003,0.55136087962962976,0.36618475033532527,0.3917148201479238,0.3917148201479238,0,0.39449939057737782,0.39449939057737782,0,0.0027845704294540141,0.065236111111111106
47,0.050000000000000003,0.55248564814814805,0.17457974441851598,0.29620720184682936,0.29657605554079003,0.00036885369396066903,0.27283832816663833,0.27283832816663833,0,-0.023368873680191027,0.066319444444444445
48,0.050000000000000003,0.55334641203703716,0.23925753135674477,0.2228018084574318,0.22260714032730256,-0.00019466813012924966,0.23098862232976891,0.23098862232976891,0,0.0081868138723371064,0.065333333333333327
49,0.050000000000000003,0.56360347222222229,0.27372852629924271,0.38078181764323582,0.38087532952732261,9.3511884086794339e-05,0.36934839176042555,0.36934839176042555,0,-0.011433425882810266,0.066416666666666666
50,0.050000000000000003,0.56116724537037044,0.20354238282521453,0.21238261540095738,0.21235844981239882,-2.4165588558555662e-05,0.21206777650386233,0.21206777650386233,0,-0.00031483889709504886,0.065944444444444444
51,0.050000000000000003,0.56815069444444444,0.33027261338868319,0.40712171820050835,0.40744503066227056,0.00032331246176220407,0.43708732506599546,0.43708732506599546,0,0.029965606865487104,0.066083333333333327
52,0.050000000000000003,0.57552777777777775,0.23920814079052366,0.36995007197204677,0.36976586261563282,-0.00018420935641394465,0.35912432709492603,0.35912432709492603,0,-0.010825744877120735,0.067208333333333328
53,0.050000000000000003,0.56712060185185187,0.20501907816457199,0.36850417213078723,0.36863316494624609,0.00012899281545886154,0.31148248134917456,0.31148248134917456,0,-0.057021690781612677,0.065472222222222223
54,0.050000000000000003,0.56553622685185179,0.17150421320704368,0.32337035722217056,0.32346595347077134,9.5596248600782197e-05,0.30647484890579235,0.30647484890579235,0,-0.016895508316378205,0.066666666666666666
55,0.050000000000000003,0.56874537037037032,0.35600494852131248,0.33900102753692318,0.33882710931477522,-0.00017391822214796182,0.35296780832099084,0.35296780832099084,0,0.013966780784067656,0.065611111111111106
56,0.050000000000000003,0.57038321759259258,0.21610649392199122,0.33517740395759321,0.33520539668964999,2.7992732056780767e-05,0.30697920834406733,0.30697920834406733,0,-0.028198195613525878,0.066597222222222224
57,0.050000000000000003,0.57772291666666664,0.34513496494431284,0.35438558386067653,0.35473083243832459,0.00034524857764806072,0.3780787796867181,0.3780787796867181,0,0.023693195826041569,0.066708333333333328
58,0.050000000000000003,0.56602175925925924,0.32176769826096885,0.37173764713567781,0.37147017638035373,-0.00026747075532407294,0.39254286165111285,0.39254286165111285,0,0.020805214515435044,0.066875000000000004
59,0.050000000000000003,0.56722974537037041,0.33581233377643072,0.41606934472050805,0.41570199585319079,-0.00036734886731726313,0.42803635187079991,0.42803635187079991,0,0.011967007150291864,0.067680555555555549
60,0.050000000000000003,0.57071168981481479,0.15384000362788752,0.26097813179861262,0.26097813179861262,0,0.28560008665943593,0.28560008665943593,0,0.024621954860823303,0.067375000000000004
61,0.050000000000000003,0.57645682870370374,0.12070211950325249,0.2722118410706299,0.27228024142320706,6.8400352577158152e-05,0.30491955172285812,0.30491955172285812,0,0.032707710652228217,0.065902777777777782
62,0.050000000000000003,0.55934490740740739,0.14597717404149957,0.25646680175752157,0.25695145947218301,0.00048465771466144059,0.21897206640496436,0.21897206640496436,0,-0.037494735352557207,0.065777777777777782
63,0.050000000000000003,0.54975856481481478,0.22887447959622553,0.2939723569616407,0.29486723740229759,0.00089488044065688666,0.34119719358583722,0.34119719358583722,0,0.04722483662419652,0.065763888888888886
64,0.050000000000000003,0.5653921296296297,0.17349295911347362,0.38595943413126188,0.38647137461963321,0.00051194048837133188,0.34405147630874477,0.34405147630874477,0,-0.041907957822517106,0.066361111111111107
65,0.050000000000000003,0.55294201388888886,0.32689914555586508,0.43477622432406116,0.4351975128991673,0.00042128857510614903,0.44741537121779351,0.44741537121779351,0,0.012639146893732356,0.066500000000000004
66,0.050000000000000003,0.56186828703703695,0.28179512097436987,0.33911590861300323,0.33955042441422312,0.00043451580121989242,0.35585229395056817,0.35585229395056817,0,0.016736385337564941,0.067055555555555549
67,0.050000000000000003,0.56007986111111097,0.21760276132721568,0.31900377642581179,0.31891481856924742,-8.8957856564375604e-05,0.30969849446791753,0.30969849446791753,0,-0.0093052819578942625,0.066916666666666666
68,0.050000000000000003,0.57417766203703702,0.088335074910174782,0.19271188547938511,0.19331222827600691,0.00060034279662180001,0.16556242978803237,0.16556242978803237,0,-0.027149455691352742,0.066847222222222225
69,0.050000000000000003,0.5593844907407407,0.13798333221338621,0.28078971091703697,0.28019831011344964,-0.00059140080358732749,0.27033793554047936,0.27033793554047936,0,-0.010451775376557615,0.066277777777777783
70,0.050000000000000003,0.56093634259259251,0.18244642306329184,0.25929673014473154,0.25927526749987417,-2.1462644857361823e-05,0.26438073564224085,0.26438073564224085,0,0.0050840054975093141,0.067888888888888888
71,0.050000000000000003,0.55982696759259254,0.39219867569638756,0.44717361986001092,0.44754655156681422,0.00037293170680330334,0.48518629126280755,0.48518629126280755,0,0.038012671402796627,0.066000000000000003
72,0.050000000000000003,0.57240706018518517,0.20720516152411672,0.31249791317723252,0.31239332708217815,-0.00010458609505437089,0.34184358872266274,0.34184358872266274,0,0.029345675545430217,0.065722222222222224
73,0.050000000000000003,0.57048668981481476,0.22977004656507494,0.2958133874007367,0.29534119363645484,-0.00047219376428186965,0.34521185249643971,0.34521185249643971,0,0.049398465095703004,0.066986111111111107
74,0.050000000000000003,0.56953761574074069,0.22917906285510803,0.28364356427550808,0.28277207915884162,-0.00087148511666645945,0.30683268605961644,0.30683268605961644,0,0.023189121784108369,0.066819444444444445
75,0.050000000000000003,0.55556863425925929,0.26097249963719804,0.36865636829716042,0.36876742686406982,0.00011105856690940552,0.36959632993668046,0.36959632993668046,0,0.0009399616395200372,0.065430555555555561
76,0.050000000000000003,0.57067037037037027,0.19406469433309481,0.4273814779738403,0.42749390638188478,0.00011242840804448484,0.43051527434155412,0.43051527434155412,0,0.0031337963677138259,0.066763888888888887
77,0.050000000000000003,0.56988460648148143,0.2836242288542874,0.36993257353927556,0.36951399014145103,-0.00041858339782452347,0.36051374505339984,0.36051374505339984,0,-0.0094188284858757187,0.064722222222222223
78,0.050000000000000003,0.57165624999999998,0.26195490343088035,0.33901275195864611,0.33901275195864611,0,0.35410162545932145,0.35410162545932145,0,0.015088873500675337,0.065152777777777782
79,0.050000000000000003,0.56707233796296297,0.33516442187546547,0.39394051471516178,0.39381861482186875,-0.00012189989329303152,0.40968373997711294,0.40968373997711294,0,0.015743225261951155,0.066763888888888887
80,0.050000000000000003,0.56103749999999997,0.23511675022563228,0.27167158169107497,0.27167158169107497,0,0.29427779564232115,0.29427779564232115,0,0.022606213951246179,0.066333333333333327
81,0.050000000000000003,0.57100532407407412,0.1505170993912619,0.28192972255275517,0.28163041184101023,-0.00029931071174493784,0.3283757681852244,0.3283757681852244,0,0.046446045632469235,0.067527777777777784
82,0.050000000000000003,0.55065868055555567,0.028273583323685458,0.35709394156144103,0.35763834955639573,0.00054440799495469872,0.37093621382805597,0.37093621382805597,0,0.013842272266614941,0.064916666666666664
83,0.050000000000000003,0.57138113425925929,0.14957036642514976,0.24351212063606709,0.2430379767943931,-0.00047414384167399071,0.24325091237575236,0.24325091237575236,0,-0.00026120826031472699,0.066569444444444445
84,0.050000000000000003,0.56307199074074077,0.23820234843439758,0.2269624769695705,0.22701194232317468,4.9465353604172257e-05,0.27818296125519371,0.27818296125519371,0,0.051220484285623202,0.066875000000000004
85,0.050000000000000003,0.5613417824074074,0.44134190070674872,0.45455115145400371,0.45451472875164511,-3.6422702358596126e-05,0.4335459998677883,0.4335459998677883,0,-0.021005151586215409,0.066680555555555562
86,0.050000000000000003,0.56358576388888881,0.10036275938954864,0.16429806414274828,0.16505007570066266,0.00075201155791437824,0.19232840460645739,0.19232840460645739,0,0.028030340463709114,0.065472222222222223
87,0.050000000000000003,0.57956238425925932,0.29395541755262999,0.40559822382619626,0.40562252457266368,2.4300746467420531e-05,0.43007935684923337,0.43007935684923337,0,0.024481133023037116,0.068250000000000005
88,0.050000000000000003,0.57568136574074069,0.24815678429593946,0.3363345826389762,0.33610176174374318,-0.0002328208952330213,0.37839725833352689,0.37839725833352689,0,0.042062675694550689,0.067486111111111108
89,0.050000000000000003,0.54354826388888877,0.3267203750544293,0.3248382331691182,0.32380794217291375,-0.0010302909962044415,0.34033626055327593,0.34033626055327593,0,0.015498027384157731,0.063416666666666663
90,0.050000000000000003,0.56736087962962967,0.14062352229636932,0.21754944924855113,0.21705875639800898,-0.0004906928505421515,0.22626658903313412,0.22626658903313412,0,0.0087171397845829945,0.066458333333333328
91,0.050000000000000003,0.57285856481481479,0.208254783998713,0.22529409236070719,0.22521850145275535,-7.5590907951839093e-05,0.24931400899338529,0.24931400899338529,0,0.024019916632678107,0.067097222222222225
92,0.050000000000000003,0.56424895833333333,0.39197307469449272,0.35908113775336281,0.35918345203932667,0.00010231428596385594,0.3304053694148632,0.3304053694148632,0,-0.028675768338499608,0.067305555555555549
93,0.050000000000000003,0.56348587962962959,0.275343241991025,0.32480147839671347,0.32480147839671347,0,0.38319279548506857,0.38319279548506857,0,0.058391317088355099,0.067055555555555549
94,0.050000000000000003,0.56911226851851848,0.28501247363649551,0.25543828697215132,0.25543828697215132,0,0.29763540202805472,0.29763540202805472,0,0.0421971150559034,0.067263888888888887
95,0.050000000000000003,0.56527789351851843,0.21976501487334443,0.25662962358295371,0.25571902338594976,-0.00091060019700395234,0.24900237041865292,0.24900237041865292,0,-0.0076272531643007957,0.066861111111111107
96,0.050000000000000003,0.5702832175925926,0.25969275128936242,0.30179034407953254,0.30145712774233846,-0.00033321633719407551,0.33347905616884288,0.33347905616884288,0,0.031688712089310345,0.068152777777777784
97,0.050000000000000003,0.54533738425925937,0.34814447430858375,0.36934493903286736,0.36934493903286736,0,0.38205873699515669,0.38205873699515669,0,0.01271379796228933,0.06393055555555556
98,0.050000000000000003,0.5605627314814815,0.23144113321440052,0.30834798043046174,0.30896894341333281,0.00062096298287106499,0.31538893645687138,0.31538893645687138,0,0.0070409560264096394,0.064972222222222223
99,0.050000000000000003,0.58002592592592583,0.21555532328477434,0.32685091213266526,0.32685091213266526,0,0.30276943647178678,0.30276943647178678,0,-0.024081475660878482,0.065930555555555562
0,0.10000000000000001,0.64688611111111116,0.21452009468566013,0.2463062754126033,0.24665734236149117,0.00035106694888786816,0.26403023599432107,0.26859190787999931,0.0045616718856782423,0.017723960581717768,0.084569444444444447
1,0.10000000000000001,0.62570729166666672,0.33055608618540533,0.38608542452390271,0.38816033095191715,0.0020749064280144447,0.4270173191164669,0.41956533231300186,-0.0074519868034650383,0.040931894592564189,0.082000000000000003
2,0.10000000000000001,0.60864641203703707,0.38272699755866624,0.42721874522775927,0.42721874522775927,0,0.41990949114634424,0.41990949114634424,0,-0.0073092540814150286,0.081416666666666665
3,0.10000000000000001,0.64638460648148144,0.33595796387332877,0.47798185009787564,0.47716277545808283,-0.00081907463979280504,0.4636769853116266,0.45202863292841533,-0.011648352383211269,-0.014304864786249039,0.084486111111111109
4,0.10000000000000001,0.63693460648148148,0.39215146366819764,0.39721293121387524,0.39775129180265245,0.00053836058877720916,0.41017527099687479,0.40241895883144319,-0.0077563121654316003,0.012962339782999543,0.083666666666666667
5,0.10000000000000001,0.63937685185185178,0.30414058157822088,0.41579283071892637,0.41553647165959751,-0.00025635905932885894,0.42332336966996942,0.42306255562248063,-0.00026081404748878878,0.0075305389510430532,0.08523611111111111
6,0.10000000000000001,0.62667314814814812,0.1342952962304601,0.30348923993132793,0.30339207972698623,-9.7160204341695255e-05,0.26563071066997501,0.2560566296865413,-0.0095740809834337082,-0.037858529261352913,0.080305555555555561
7,0.10000000000000001,0.63920729166666657,0.26072092303780192,0.24515169607643839,0.24487148378477874,-0.00028021229165964279,0.28233394493709374,0.27798499673444887,-0.0043489482026448645,0.037182248860655354,0.083833333333333329
8,0.10000000000000001,0.63904710648148144,0.26870407932097895,0.30855409036334436,0.30828768808087859,-0.00026640228246577191,0.27508960552268724,0.28237161336947281,0.0072820078467855653,-0.033464484840657116,0.084027777777777785
9,0.10000000000000001,0.64431770833333335,0.081687570586956637,0.26508838573386162,0.26420111979515137,-0.00088726593871024662,0.25956573295755925,0.24331170899068266,-0.016254023966876585,-0.0055226527763023725,0.085513888888888889
10,0.10000000000000001,0.63557187500000001,0.398589806095766,0.43644012824899325,0.43644012824899325,0,0.42514386252890202,0.436462481168443,0.011318618639540978,-0.011296265720091236,0.083000000000000004
11,0.10000000000000001,0.64902395833333337,0.26016177672957075,0.26835912428964248,0.26840507476661257,4.5950476970091358e-05,0.23977803642756568,0.25149491978588101,0.011716883358315333,-0.028581087862076804,0.083888888888888888
12,0.10000000000000001,0.62494270833333332,0.31117771464104083,0.35349860504962438,0.35349860504962438,0,0.31307395659857185,0.3093195103600912,-0.0037544462384806465,-0.040424648451052536,0.081430555555555562
13,0.10000000000000001,0.63600706018518516,0.32886554190920891,0.39560247610835142,0.39778804439865167,0.0021855682903002549,0.40389033118231432,0.39656028947616118,-0.0073300417061531453,0.008287855073962902,0.083736111111111108
14,0.10000000000000001,0.64401168981481483,0.23190786437234645,0.30161922985937928,0.30153846501726611,-8.0764842113167923e-05,0.30065618507531955,0.30105951890162941,0.00040333382630985959,-0.00096304478405973004,0.083652777777777784
15,0.10000000000000001,0.63006828703703699,0.048269842306388422,0.23661538054942477,0.23679381030963809,0.00017842976021331669,0.23394520744120106,0.22796189018777901,-0.0059833172534220491,-0.0026701731082237057,0.082791666666666666
16,0.10000000000000001,0.63049560185185183,0.20704809960345083,0.31236847857102035,0.31184524216564691,-0.00052323640537343952,0.35057917517717763,0.35057917517717763,0,0.038210696606157279,0.082180555555555562
17,0.10000000000000001,0.62580312500000002,0.45666762511573611,0.47753939731604889,0.47761009339408333,7.0696078034448995e-05,0.47878682436357567,0.48173027270448632,0.0029434483409106482,0.0012474270475267835,0.081597222222222224
18,0.10000000000000001,0.63552222222222221,0.31387027311026838,0.39997951372789897,0.39996270734621775,-1.6806381681222504e-05,0.40489868068021251,0.40557075298559009,0.00067207230537758011,0.0049191669523135362,0.083291666666666667
19,0.10000000000000001,0.6498204861111111,0.20273546134745957,0.31200819054462492,0.31207106789440375,6.2877349778833747e-05,0.33710186182399016,0.32247057613082042,-0.014631285693169738,0.025093671279365237,0.083250000000000005
20,0.10000000000000001,0.64716909722222227,0.19553177570104541,0.29482314613562577,0.29611909309037154,0.0012959469547457747,0.28502262701460057,0.28424445738190907,-0.00077816963269150552,-0.0098005191210251974,0.084680555555555551
21,0.10000000000000001,0.62781944444444437,0.22649183857642496,0.28585431694563113,0.28617021886072291,0.00031590191509178744,0.29731075473371349,0.31239106962057694,0.015080314886863455,0.011456437788082363,0.082944444444444446
22,0.10000000000000001,0.62585208333333331,0.37533898378763431,0.32627142228964368,0.32627142228964368,0,0.31473722414838712,0.32544866998597832,0.010711445837591205,-0.011534198141256558,0.081916666666666665
23,0.10000000000000001,0.63527013888888895,0.10104807503324176,0.19443280218995018,0.19370394536221724,-0.0007288568277329377,0.22688910748030477,0.22469803258526966,-0.0021910748950351167,0.032456305290354592,0.082208333333333328
24,0.10000000000000001,0.63868437499999997,0.22496052946589173,0.31991376470315924,0.32004201728660042,0.00012825258344117962,0.27878740119935086,0.29016462011222477,0.01137721891287391,-0.041126363503808383,0.08508333333333333
25,0.10000000000000001,0.63145740740740741,0.30381824198388463,0.40942826926640707,0.4094166257586388,-1.1643507768277495e-05,0.38440660743945676,0.38440660743945676,0,-0.025021661826950314,0.081166666666666665
26,0.10000000000000001,0.64408888888888882,0.3434064925596485,0.34536965352740967,0.34536965352740967,0,0.31484838964026862,0.32082852584138244,0.0059801362011138171,-0.030521263887141048,0.083055555555555549
27,0.10000000000000001,0.63798379629629631,0.3054990244857736,0.29577424933750485,0.29587733978103636,0.0001030904435315172,0.31423219953492998,0.31118521433999935,-0.0030469851949306292,0.018457950197425133,0.083638888888888888
28,0.10000000000000001,0.65687789351851855,0.18527372064748049,0.23338557894218703,0.23260249287613377,-0.00078308606605326236,0.22334238837625098,0.22044491400395794,-0.0028974743722930407,-0.010043190565936055,0.086361111111111111
29,0.10000000000000001,0.63543148148148143,0.31466246183287838,0.27120768619760316,0.27102969667465682,-0.0001779895229463424,0.28142813094543861,0.28367501068627399,0.0022468797408353725,0.010220444747835455,0.082347222222222224
30,0.10000000000000001,0.62511087962962975,0.11942417690933216,0.36151563945598186,0.36051001892354606,-0.0010056205324358025,0.34312892422746732,0.34986189273823354,0.0067329685107662129,-0.018386715228514539,0.082430555555555562
31,0.10000000000000001,0.64035601851851853,0.1944940646644705,0.35420656302082987,0.35420656302082987,0,0.33008649673812152,0.3254907387594681,-0.0045957579786534142,-0.024120066282708352,0.081652777777777782
32,0.10000000000000001,0.63726273148148149,0.37253172664687939,0.35784034425891575,0.35795727041552428,0.00011692615660852113,0.45835050007877742,0.45848788185570488,0.00013738177692745879,0.10051015581986167,0.081125000000000003
33,0.10000000000000001,0.64385624999999991,0.21427759153609904,0.38014513476293954,0.37998206465495987,-0.00016307010797966814,0.37620377225797996,0.39383787257167546,0.0176341003136955,-0.003941362504959578,0.083888888888888888
34,0.10000000000000001,0.62990763888888901,0.124434740514201,0.31880110323771516,0.31926155759367914,0.00046045435596397954,0.34104566386140323,0.34104566386140323,0,0.02224456062368807,0.082902777777777784
35,0.10000000000000001,0.64604189814814816,0.22499614816415991,0.30711868486010119,0.30816085087692358,0.0010421660168223879,0.34415203565751995,0.34314008559092879,-0.0010119500665911607,0.037033350797418763,0.083250000000000005
36,0.10000000000000001,0.63234247685185185,0.10526545228280182,0.27228130649456694,0.27111077357538871,-0.0011705329191782354,0.27823480947068191,0.27026140170039858,-0.007973407770283325,0.005953502976114966,0.083055555555555549
37,0.10000000000000001,0.61114652777777778,0.26652429286259149,0.24753274183386742,0.24792531135500406,0.00039256952113664312,0.27871543196931958,0.27871543196931958,0,0.031182690135452162,0.079888888888888884
38,0.10000000000000001,0.62681053240740736,0.11098799471572729,0.18862230136076896,0.18828602854773679,-0.00033627281303216794,0.18738328453282804,0.19281056557617637,0.0054272810433483309,-0.0012390168279409197,0.07980555555555556
39,0.10000000000000001,0.62619930555555559,0.31152001279196218,0.41019274566151231,0.4107776603300477,0.00058491466853538565,0.37320621129346332,0.37013208605984016,-0.0030741252336231595,-0.036986534368048996,0.082541666666666666
40,0.10000000000000001,0.63993206018518523,0.28985693882525643,0.38385126793315127,0.38471226789877422,0.0008609999656229439,0.33534987982618514,0.3534161862097458,0.01806630638356066,-0.048501388106966137,0.082111111111111107
41,0.10000000000000001,0.63228553240740737,0.14172346672312586,0.28620104898952237,0.28790449350609182,0.0017034445165694523,0.29791475378551924,0.29010080799760318,-0.0078139457879160545,0.011713704795996871,0.084347222222222226
42,0.10000000000000001,0.64456342592592586,0.31018310749658273,0.37212269061830583,0.37189414849360669,-0.00022854212469913815,0.33023316397184566,0.33954140079381223,0.0093082368219665756,-0.041889526646460173,0.083694444444444446
43,0.10000000000000001,0.6264126157407407,0.36449706061748122,0.35672579048849651,0.35672579048849651,0,0.36008797116880509,0.34933672151231709,-0.010751249656487993,0.0033621806803085796,0.082583333333333328
44,0.10000000000000001,0.63548125,0.10735896583016313,0.30645586537973735,0.30645586537973735,0,0.25951689842552161,0.24821652228627056,-0.011300376139251056,-0.046938966954215733,0.080847222222222223
45,0.10000000000000001,0.63083622685185192,0.16831870984873543,0.35269959481824331,0.35249512160116603,-0.00020447321707728339,0.36867210821731811,0.37040640865726271,0.0017343004399446027,0.015972513399074795,0.08058333333333334
46,0.10000000000000001,0.6458197916666667,0.18341402120025541,0.24328499923086166,0.24318807769126016,-9.6921539601502182e-05,0.29510062812340199,0.28259676046811921,-0.012503867655282774,0.051815628892540322,0.085291666666666668
47,0.10000000000000001,0.62943923611111108,0.30692157629725392,0.34756034235566791,0.34603818442197787,-0.0015221579336900382,0.31608030177924162,0.33117627869005484,0.015095976910813214,-0.031480040576426283,0.082888888888888887
48,0.10000000000000001,0.66006307870370373,0.29902606651732633,0.35709485970659516,0.35665749549253112,-0.00043736421406403991,0.37597943668954092,0.37734146136896562,0.0013620246794247004,0.018884576982945767,0.086499999999999994
49,0.10000000000000001,0.63699537037037024,0.20965420372815369,0.31187020881854943,0.31124660771433577,-0.00062360110421366688,0.26724219831347984,0.28159837887798955,0.014356180564509713,-0.044628010505069593,0.084236111111111109
50,0.10000000000000001,0.63708645833333322,0.32691234457477414,0.41996253956034091,0.42070017119779957,0.00073763163745865779,0.46299517620601449,0.46371542387153297,0.00072024766551848085,0.043032636645673583,0.084750000000000006
51,0.10000000000000001,0.62702812499999994,0.22463512530475438,0.41678493785133441,0.41729045405470566,0.00050551620337124792,0.35281661446015022,0.36165943368597764,0.0088428192258274141,-0.06396832339118419,0.081138888888888885
52,0.10000000000000001,0.63069166666666676,0.19309563677435981,0.2199119980776213,0.21974235210201576,-0.00016964597560553685,0.25512426842084535,0.26462403194966844,0.0094997635288230908,0.03521227034322405,0.082138888888888886
53,0.10000000000000001,0.62815381944444448,0.1711010907346312,0.32424994851173561,0.32424994851173561,0,0.29495926116684268,0.28214019328442475,-0.012819067882417934,-0.029290687344892929,0.082347222222222224
54,0.10000000000000001,0.6265432870370371,0.35708139121066595,0.4009140507152591,0.40054679935488036,-0.00036725136037873973,0.39527310866457088,0.39527310866457088,0,-0.0056409420506882135,0.083388888888888887
55,0.10000000000000001,0.64252800925925924,0.25697850753368945,0.38992008449663151,0.38995418632088918,3.4101824257670721e-05,0.35525564840977741,0.35292025286501982,-0.0023353955447575903,-0.0346644360868541,0.082972222222222225
56,0.10000000000000001,0.63690520833333331,0.2955155031912271,0.41832722140736245,0.41832290169909159,-4.3197082708612555e-06,0.42066356205844146,0.42066356205844146,0,0.0023363406510790163,0.082791666666666666
57,0.10000000000000001,0.64890358796296299,0.16062032188339126,0.29355297738237052,0.2935204265585275,-3.2550823843013887e-05,0.27814264024519975,0.26518247088738556,-0.012960169357814189,-0.015410337137170771,0.082611111111111107
58,0.10000000000000001,0.63725960648148161,0.0626345924554218,0.16392124531866636,0.16392124531866636,0,0.15880681876503544,0.16272355692144314,0.0039167381564076953,-0.0051144265536309241,0.082819444444444446
59,0.10000000000000001,0.61272719907407402,0.29257902313393003,0.34803703085785009,0.34767544034955777,-0.00036159050829231987,0.39308876292259998,0.39766463314649647,0.0045758702238964943,0.045051732064749883,0.080638888888888885
60,0.10000000000000001,0.61322013888888882,0.23868633992519472,0.36372375620272335,0.36358692970889483,-0.00013682649382851242,0.38315572200061254,0.38315572200061254,0,0.019431965797889195,0.079361111111111104
61,0.10000000000000001,0.64204467592592585,0.20655195072375743,0.30056346483829821,0.3000919578007103,-0.0004715070375879149,0.31465407571055826,0.31467565753992754,2.1581829369288208e-05,0.014090610872260045,0.082388888888888887
62,0.10000000000000001,0.64752997685185187,0.28812897735844811,0.37559238634536218,0.37559238634536218,0,0.395569734967257,0.39276893844451699,-0.0028007965227400122,0.019977348621894819,0.085750000000000007
63,0.10000000000000001,0.6415171296296297,0.31423269855678515,0.39908227926261941,0.39917832966346189,9.6050400842484507e-05,0.39948485330514261,0.40034083644366025,0.0008559831385176464,0.00040257404252319606,0.083458333333333329
64,0.10000000000000001,0.62594618055555562,0.09014400106852527,0.24919553106979975,0.24881434894715926,-0.00038118212264048879,0.24908444912240502,0.25226529889294447,0.0031808497705394512,-0.0001110819473947311,0.080000000000000002
65,0.10000000000000001,0.62158344907407403,0.07184764386449749,0.19855262624727732,0.19876658614436582,0.00021395989708850038,0.13922900057306753,0.13289868769357283,-0.0063303128794947039,-0.05932362567420979,0.079875000000000002
66,0.10000000000000001,0.6352103009259259,0.31162244305585218,0.35366663077620553,0.35309538054178546,-0.00057125023442006206,0.33852554691151693,0.33852554691151693,0,-0.015141083864688598,0.081208333333333327
67,0.10000000000000001,0.63931689814814818,0.2567846251484095,0.36909257474336865,0.36929652063934926,0.0002039458959806062,0.38662721399922806,0.39540976535674888,0.0087825513575208181,0.017534639255859408,0.083722222222222226
68,0.10000000000000001,0.64212326388888885,0.19751147059717122,0.32804151634758716,0.32802799159337781,-1.3524754209348622e-05,0.37147772958073544,0.37097443918138329,-0.00050329039935215203,0.04343621323314828,0.084611111111111109
69,0.10000000000000001,0.62571759259259252,0.35827049719303283,0.33114248264021962,0.32684015659153309,-0.0043023260486865222,0.31186048270531541,0.31186048270531541,0,-0.019281999934904204,0.079694444444444443
70,0.10000000000000001,0.61118888888888889,0.22433841106181673,0.32994008294440824,0.32977547019274533,-0.00016461275166290701,0.33772804717234717,0.33653586365440136,-0.0011921835179458107,0.0077879642279389261,0.082222222222222224
71,0.10000000000000001,0.62713333333333343,0.13754718588094483,0.26802286520903562,0.26911950059883705,0.0010966353898014258,0.27668584252704076,0.2746996144694388,-0.0019862280576019575,0.0086629773180051384,0.081708333333333327
72,0.10000000000000001,0.64658831018518514,0.22042602751883689,0.29296524228198217,0.29298101805208132,1.5775770099146769e-05,0.28623910382746376,0.28259607898355832,-0.0036430248439054402,-0.0067261384545184155,0.082944444444444446
73,0.10000000000000001,0.64510324074074077,0.16314602638397846,0.24543193309177214,0.24543193309177214,0,0.29100315618229977,0.29100315618229977,0,0.045571223090527635,0.084902777777777771
74,0.10000000000000001,0.64183900462962973,0.23222438032182779,0.27367362666104889,0.27337877422034906,-0.00029485244069982208,0.22021398655683189,0.2196303026951032,-0.00058368386172868991,-0.053459640104216999,0.082069444444444445
75,0.10000000000000001,0.63577129629629636,0.25347550851668332,0.27176864898912456,0.27179544406745293,2.6795078328367694e-05,0.3220747707096121,0.31330050012043453,-0.0087742705891775685,0.05030612172048754,0.082305555555555562
76,0.10000000000000001,0.64351875000000003,0.44347945822968238,0.48970144285720607,0.48984127122767818,0.00013982837047210595,0.45473536583785823,0.45372966145614257,-0.0010057043817156552,-0.034966077019347841,0.083513888888888888
77,0.10000000000000001,0.62690914351851845,0.39398279081915311,0.44626444902127194,0.44626444902127194,0,0.46556809051515702,0.46525553523877528,-0.00031255527638174296,0.019303641493885082,0.081625000000000003
78,0.10000000000000001,0.63034745370370382,0.19975075894734418,0.34568394983201345,0.34568394983201345,0,0.31773811982584754,0.32029153387796838,0.0025534140521208393,-0.027945830006165906,0.082513888888888887
79,0.10000000000000001,0.63065960648148145,0.030658279071120509,0.22722797442671383,0.22654305369407823,-0.00068492073263559661,0.23708701821565759,0.23708701821565759,0,0.0098590437889437554,0.083458333333333329
80,0.10000000000000001,0.62651273148148157,0.30687609790871795,0.26127403273691596,0.26101024733753375,-0.00026378539938221035,0.30301072472640078,0.28899458709115577,-0.014016137635245007,0.04173669198948482,0.082472222222222225
81,0.10000000000000001,0.65277268518518528,0.18131874144774507,0.33386324911775922,0.33193478937519905,-0.0019284597425601735,0.36326418362061075,0.37138467594907443,0.0081204923284636799,0.029400934502851528,0.085166666666666668
82,0.10000000000000001,0.62497604166666665,0.19324640636771762,0.25464305348858352,0.25645807138533561,0.0018150178967520914,0.25029552539576239,0.25307425328969246,0.0027787278939300775,-0.0043475280928211291,0.080125000000000002
83,0.10000000000000001,0.61987303240740743,0.14547974454399393,0.30143499402800678,0.30025926957717863,-0.0011757244508281417,0.30477879290321508,0.30238891921723421,-0.00238987368598087,0.0033437988752083037,0.079347222222222222
84,0.10000000000000001,0.62094027777777783,0.30545873903509158,0.30264951887106639,0.30318215143103011,0.00053263255996371939,0.37119218628052331,0.37329304428493548,0.0021008580044121761,0.068542667409456914,0.082597222222222225
85,0.10000000000000001,0.63867013888888879,0.2134651000515162,0.27460239683205767,0.27460239683205767,0,0.36677998314775528,0.3745520792319138,0.0077720960841585196,0.092177586315697613,0.083166666666666667
86,0.10000000000000001,0.62707627314814818,0.20007827552500235,0.22513947035635806,0.2252885764034418,0.00014910604708373576,0.20634978959797234,0.2050829788451316,-0.0012668107528407413,-0.018789680758385718,0.07968055555555556
87,0.10000000000000001,0.61134270833333337,0.36135326050087069,0.37291239703679646,0.37274135205629022,-0.00017104498050624084,0.37629392783440818,0.37657147905230803,0.00027755121789985182,0.0033815307976117204,0.079125000000000001
88,0.10000000000000001,0.61971678240740735,0.16799346256826753,0.28290256530184466,0.28276897560240366,-0.00013358969944099464,0.2822290644438098,0.29237216468504257,0.010143100241232772,-0.00067350085803485893,0.081861111111111107
89,0.10000000000000001,0.63069131944444445,0.086873431456348071,0.24919193724955069,0.24943432009794941,0.00024238284839872559,0.23190795647855,0.24704745104111958,0.015139494562569578,-0.017283980771000684,0.080916666666666665
90,0.10000000000000001,0.64158587962962965,0.11930147481913345,0.32684028142084898,0.32684028142084898,0,0.30162347491476149,0.30611809798009737,0.0044946230653358787,-0.025216806506087486,0.081736111111111107
91,0.10000000000000001,0.64625439814814811,0.36787643515065593,0.42874385889843669,0.42874385889843669,0,0.46315028292272786,0.45537764830679406,-0.0077726346159338044,0.034406424024291171,0.083333333333333329
92,0.10000000000000001,0.62944537037037041,0.20684238801062405,0.33314086913428098,0.33183827801226251,-0.0013025911220184705,0.28002608657313832,0.28002608657313832,0,-0.053114782561142659,0.082388888888888887
93,0.10000000000000001,0.61972141203703701,0.23281194607584599,0.35521837129096223,0.35481424938942629,-0.00040412190153593652,0.38502122609281941,0.39135513912289577,0.0063339130300763546,0.029802854801857181,0.083875000000000005
94,0.10000000000000001,0.62579918981481475,0.25460431842967002,0.38352515412987442,0.38352515412987442,0,0.32920648859534452,0.32725543265052515,-0.0019510559448193687,-0.054318665534529909,0.081597222222222224
95,0.10000000000000001,0.62291192129629636,0.14987089373585016,0.26789114368203837,0.26749460519636858,-0.000396538485669784,0.32879444584066186,0.32879444584066186,0,0.060903302158623496,0.081347222222222224
96,0.10000000000000001,0.65226539351851842,0.34060145536640873,0.35112498505219536,0.35121966561388673,9.4680561691373732e-05,0.36584681304201283,0.37656157981307525,0.010714766771062423,0.014721827989817471,0.086777777777777773
97,0.10000000000000001,0.62834687499999997,0.17203848727125504,0.37996612814836861,0.37996612814836861,0,0.35181876269406764,0.34239203730337009,-0.0094267253906975546,-0.028147365454300965,0.085541666666666669
98,0.10000000000000001,0.61737037037037024,0.16730594197303161,0.30097855451130029,0.30141461724236773,0.00043606273106744364,0.32052212619328924,0.3181883621171252,-0.0023337640761640355,0.019543571681988947,0.081805555555555562
99,0.10000000000000001,0.63477534722222229,0.14594329727073374,0.28737545009404142,0.2873071760199245,-6.8274074116914107e-05,0.28623141469246616,0.28844482422268825,0.002213409530222088,-0.0011440354015752607,0.084902777777777771
0,0.14999999999999999,0.68673599537037033,0.24297008684404531,0.31357143892019734,0.31069263127705193,-0.002878807643145409,0.32299712354286947,0.32309083285371809,9.3709310848621996e-05,0.0094256846226721258,0.10020833333333333
1,0.14999999999999999,0.68275358796296304,0.39556507586040557,0.38832447029982642,0.38833491309253854,1.0442792712117566e-05,0.38133805475860683,0.38110642758251712,-0.0002316271760897104,-0.0069864155412195927,0.097958333333333328
2,0.14999999999999999,0.69914108796296304,0.36588766625391234,0.42101727939825939,0.41860618940974548,-0.0024110899885139148,0.43967053117112354,0.43338124351149165,-0.0062892876596318814,0.018653251772864143,0.099750000000000005
3,0.14999999999999999,0.69492280092592595,0.13727507780723103,0.33410822973969401,0.33346712379642707,-0.0006411059432669397,0.31774331694890146,0.30725674109311252,-0.010486575855788938,-0.016364912790792552,0.099944444444444447
4,0.14999999999999999,0.70383634259259276,0.39282235555125899,0.3716185550261053,0.36882063609891591,-0.0027979189271893912,0.40233260961256589,0.40508772749715705,0.0027551178845911517,0.030714054586460593,0.10295833333333333
5,0.14999999999999999,0.68723124999999996,0.16194944800410138,0.25302441054706348,0.25177489239915218,-0.0012495181479112993,0.29268573752484506,0.30117754440009126,0.0084918068752461995,0.039661326977781575,0.099541666666666667
6,0.14999999999999999,0.68480972222222236,0.14653923172482697,0.24876088933873008,0.24812138371700387,-0.00063950562172621073,0.24391336769633143,0.24600439573503363,0.0020910280387022029,-0.0048475216423986556,0.09993055555555555
7,0.14999999999999999,0.68652696759259257,0.33316863631993476,0.26471473473892704,0.26472408598994934,9.3512510223048295e-06,0.33674137960711814,0.34494547636400585,0.0082040967568877132,0.072026644868191103,0.096861111111111106
8,0.14999999999999999,0.68370196759259272,0.27035443732035058,0.28631251583487405,0.28703241519095901,0.00071989935608496314,0.27829939758086397,0.27983192941465973,0.0015325318337957583,-0.0080131182540100765,0.099347222222222226
9,0.14999999999999999,0.69106516203703683,0.22793044971176379,0.3429721996268571,0.34156119323833367,-0.0014110063885234281,0.34498868359018198,0.34386865201807248,-0.0011200315721094922,0.0020164839633248777,0.098597222222222225
10,0.14999999999999999,0.70188287037037034,0.20201281527407422,0.28872782134926156,0.28798959115731615,-0.0007382301919454104,0.31379938031978727,0.30100526974870623,-0.012794110571081041,0.025071558970525709,0.10050000000000001
11,0.14999999999999999,0.68588668981481471,0.03524836714619517,0.21169357815689915,0.21169357815689915,0,0.21283117896415416,0.20741403990421414,-0.0054171390599400127,0.0011376008072550015,0.096666666666666665
12,0.14999999999999999,0.67325925925925922,0.080705426750819265,0.28401656887064708,0.28437414732368227,0.00035757845303518998,0.30479471666118585,0.3068809770568196,0.0020862603956337544,0.02077814779053877,0.096055555555555561
13,0.14999999999999999,0.69181828703703696,0.26256385845776198,0.34445935698980623,0.3447099710260445,0.0002506140362382725,0.37998843548906114,0.37831301794724226,-0.0016754175418188799,0.035529078499254907,0.10075000000000001
14,0.14999999999999999,0.69396840277777772,0.37127047230225463,0.43426173384434119,0.43436727360758842,0.00010553976324723102,0.46112845508042333,0.46042487938362087,-0.0007035756968024609,0.026866721236082136,0.099944444444444447
15,0.14999999999999999,0.68712326388888878,0.27919611741526429,0.40182286081752261,0.40110373684595735,-0.00071912397156526087,0.42969035827588664,0.4214088866035135,-0.0082814716723731419,0.027867497458364032,0.097805555555555562
16,0.14999999999999999,0.6938664351851852,0.17809557473066229,0.30037784651719457,0.30122570800173787,0.00084786148454329968,0.29861736586527421,0.31296261044624174,0.014345244580967531,-0.0017604806519203597,0.096847222222222223
17,0.14999999999999999,0.70270659722222228,0.14213818633008879,0.25641821868786929,0.25784418754902749,0.0014259688611582,0.26359333681326469,0.26817153659722115,0.0045781997839564603,0.0071751181253953966,0.10180555555555555
18,0.14999999999999999,0.71221446759259255,0.19416033862798143,0.21604592452552218,0.21773866263918906,0.0016927381136668807,0.20585259296651637,0.21687780395204115,0.01102521098552478,-0.010193331559005814,0.10269444444444445
19,0.14999999999999999,0.67965138888888887,0.040471671087266348,0.23678508633202555,0.2369222428764195,0.00013715654439394598,0.22878820906545616,0.23537361202996265,0.0065854029645064927,-0.007996877266569391,0.094611111111111118
20,0.14999999999999999,0.68355023148148142,0.20007888290954157,0.21931824187576421,0.21924748127957228,-7.0760596191932201e-05,0.2778073435026801,0.2784982799300032,0.00069093642732309668,0.058489101626915896,0.097208333333333327
21,0.14999999999999999,0.67866377314814808,0.23749944196151118,0.28131430823292913,0.28123943337028123,-7.4874862647900109e-05,0.32539864432830101,0.32611454132240247,0.00071589699410146146,0.044084336095371879,0.094847222222222222
22,0.14999999999999999,0.70497384259259255,0.22098502443794188,0.32156878836635727,0.32180140682441671,0.00023261845805944148,0.29757572917135711,0.29679757630565295,-0.00077815286570415143,-0.023993059195000166,0.096444444444444444
23,0.14999999999999999,0.69501562500000003,0.20994208920365331,0.3265597533172333,0.32718157675196946,0.00062182343473615731,0.34200621466417924,0.33361087749426976,-0.0083953371699094781,0.015446461346945939,0.10206944444444445
24,0.14999999999999999,0.67716921296296295,0.34869282254772549,0.35704222633323679,0.35727954545228968,0.00023731911905289227,0.36748814405701102,0.3621413401745569,-0.0053468038824541209,0.010445917723774234,0.09502777777777778
25,0.14999999999999999,0.69496319444444443,0.27484412238620093,0.26675226774721938,0.26709541174725804,0.0003431440000386532,0.3201824710352682,0.31458167808466375,-0.0056007929506044496,0.053430203288048816,0.099333333333333329
26,0.14999999999999999,0.69263726851851859,0.20035284572473155,0.31944050639719623,0.31531615236073041,-0.0041243540364658271,0.32784720899967212,0.31993544697413279,-0.0079117620255393373,0.0084067026024758906,0.10065277777777777
27,0.14999999999999999,0.68818298611111095,0.21423574628206965,0.28183584208587475,0.28237253962421582,0.00053669753834106881,0.29045218600676415,0.30350921523089203,0.013057029224127881,0.0086163439208893911,0.096597222222222223
28,0.14999999999999999,0.69660150462962978,0.3193544251645507,0.32894448964912004,0.32916877991430749,0.00022429026518744344,0.31035902717038732,0.31130954360745744,0.00095051643707011468,-0.018585462478732717,0.097611111111111107
29,0.14999999999999999,0.68765879629629634,0.24036177836195927,0.30027408302255065,0.29965657309313187,-0.00061750992941878025,0.35668092898319503,0.35363852205381152,-0.0030424069293835121,0.056406845960644381,0.098583333333333328
30,0.14999999999999999,0.69270370370370371,0.3722506595764743,0.42105436007801822,0.42013929134290429,-0.00091506873511393305,0.43985843141325742,0.42713210911566302,-0.012726322297594406,0.018804071335239203,0.097986111111111107
31,0.14999999999999999,0.67640810185185185,0.1326037143877008,0.23638984442389988,0.23638984442389988,0,0.28493769614521836,0.28348963759175372,-0.0014480585534646373,0.04854785172131848,0.098166666666666666
32,0.14999999999999999,0.69211875,0.27816600074810993,0.26006125752927178,0.2599161461509254,-0.00014511137834638532,0.27299513590693536,0.28463592616655897,0.011640790259623612,0.012933878377663577,0.099750000000000005
33,0.14999999999999999,0.68818113425925931,0.14598121992493351,0.27658609848575644,0.27658609848575644,0,0.27808847460700925,0.26512767731257236,-0.012960797294436888,0.0015023761212528131,0.099763888888888888
34,0.14999999999999999,0.67535034722222209,0.097750343760302227,0.30229107930039323,0.30251766892434961,0.00022658962395638582,0.30234370318586989,0.29536977266718834,-0.0069739305186815592,5.2623885476665855e-05,0.097236111111111106
35,0.14999999999999999,0.67173726851851845,0.36124775094311989,0.47764134394497726,0.47751455272680232,-0.00012679121817493755,0.42602513438401535,0.43603576281994361,0.010010628435928259,-0.051616209560961912,0.097611111111111107
36,0.14999999999999999,0.68932037037037031,0.26343551698199374,0.42582759146358329,0.44096485731589052,0.015137265852307236,0.42221673506534929,0.41450347113881492,-0.007713263926534375,-0.003610856398233997,0.098250000000000004
37,0.14999999999999999,0.69131446759259252,0.14783609951056298,0.22601780065055355,0.22582161973316139,-0.00019618091739215249,0.19811874744093183,0.19437505770079666,-0.0037436897401351699,-0.027899053209621716,0.10022222222222223
38,0.14999999999999999,0.70059224537037024,0.2573607787742026,0.3807430715768364,0.3807430715768364,0,0.32205116955403512,0.33231038274423863,0.010259213190203509,-0.058691902022801279,0.099083333333333329
39,0.14999999999999999,0.68626608796296296,0.11739356239575771,0.20836902229247189,0.20758137847827318,-0.00078764381419871299,0.23604885036156475,0.24338499360233024,0.0073361432407654803,0.02767982806909286,0.10044444444444445
40,0.14999999999999999,0.70666087962962953,0.26434480563673268,0.3007257095567295,0.30062472675445406,-0.00010098280227543999,0.33764547299079517,0.31613995465543165,-0.021505518335363516,0.036919763434065667,0.10081944444444445
41,0.14999999999999999,0.70675081018518515,0.32991101510241838,0.3591566382669924,0.35887028378407215,-0.00028635448292024801,0.3697580773665069,0.35944527197332288,-0.010312805393184021,0.010601439099514498,0.097347222222222224
42,0.14999999999999999,0.68154039351851858,0.15881901407687471,0.26157664965623462,0.26046907263909524,-0.0011075770171393717,0.28825245682295986,0.27678845146965636,-0.011464005353303497,0.026675807166725241,0.098986111111111108
43,0.14999999999999999,0.69779259259259252,0.22339119965745069,0.34267089331241929,0.3503591148745675,0.007688221562148212,0.30685884999300439,0.31295053315299171,0.0060916831599873156,-0.035812043319414899,0.10131944444444445
44,0.14999999999999999,0.696342824074074,0.34939987672016692,0.39863617704439203,0.39875598700438331,0.00011980995999127941,0.41597097977280295,0.42890463340016327,0.01293365362736032,0.017334802728410925,0.095888888888888885
45,0.14999999999999999,0.67381319444444454,0.13793352527540792,0.24932256329165581,0.24913400382912898,-0.0001885594625268272,0.17280533376479768,0.1795825406644368,0.006777206899639121,-0.076517229526858133,0.093972222222222221
46,0.14999999999999999,0.69089374999999997,0.24021859370232934,0.34514415119009012,0.34514415119009012,0,0.3574613686005923,0.35212721875529152,-0.0053341498453007841,0.012317217410502179,0.10236111111111111
47,0.14999999999999999,0.70683437500000001,0.32097199031952317,0.35973382536602794,0.35955429186093246,-0.00017953350509547494,0.39149948768509035,0.39049019309397393,-0.0010092945911164275,0.031765662319062415,0.10184722222222223
48,0.14999999999999999,0.67373055555555561,0.38280319106179383,0.36967814895440421,0.36967814895440421,0,0.35622337053358766,0.36763785559878237,0.011414485065194713,-0.013454778420816549,0.092541666666666661
49,0.14999999999999999,0.70243067129629633,0.13791240900929735,0.24390072796198747,0.2439309006988003,3.0172736812827949e-05,0.23281629369148316,0.22435094132643174,-0.0084653523650514151,-0.011084434270504318,0.098541666666666666
50,0.14999999999999999,0.7113211805555556,0.26939371292166803,0.30704983943404784,0.30592748204081754,-0.0011223573932302999,0.29453880880173877,0.2958269174570648,0.0012881086553260257,-0.012511030632309073,0.10004166666666667
51,0.14999999999999999,0.69142951388888896,0.20146549165157857,0.26290952650513999,0.26293735595781209,2.782945267210124e-05,0.26882414677430866,0.26985766370838604,0.0010335169340773831,0.0059146202691686689,0.095041666666666663
52,0.14999999999999999,0.67271446759259268,0.21603099186585262,0.3104361825360068,0.31054177560877894,0.00010559307277213659,0.33662583188444573,0.33361396045716063,-0.0030118714272850955,0.026189649348438926,0.095638888888888884
53,0.14999999999999999,0.69548240740740752,0.23248708203207002,0.34476249148452087,0.35496485059216532,0.010202359107644443,0.34844988023976076,0.33932222242717014,-0.0091276578125906171,0.0036873887552398843,0.10244444444444445
54,0.14999999999999999,0.6847209490740741,0.31731582165178218,0.33592570424738777,0.33635190718047703,0.00042620293308925916,0.32147881422593594,0.33452302695310798,0.013044212727172044,-0.01444689002145183,0.099347222222222226
55,0.14999999999999999,0.69065046296296284,0.16097418215870796,0.33863276587540736,0.33858594367782646,-4.6822197580898006e-05,0.33646470006943863,0.34724402906832474,0.010779328998886117,-0.002168065805968733,0.099208333333333329
56,0.14999999999999999,0.68449999999999989,0.1573220319568891,0.24017185902487004,0.23283184401057477,-0.0073400150142952647,0.26917330355463498,0.26569885542022043,-0.0034744481344145539,0.029001444529764941,0.10052777777777777
57,0.14999999999999999,0.68423460648148149,0.39291087602826824,0.47321901673059685,0.4727026446004613,-0.00051637213013555616,0.45239365354413597,0.44682573494777034,-0.0055679185963656286,-0.020825363186460888,0.095819444444444443
58,0.14999999999999999,0.69728576388888885,0.32077668873436271,0.32176646355024729,0.32191394841838983,0.00014748486814253337,0.36073402649943442,0.36098954707153308,0.00025552057209865531,0.038967562949187129,0.098958333333333329
59,0.14999999999999999,0.70441608796296284,0.35524992043949055,0.44993560942500144,0.44980435836649635,-0.00013125105850508856,0.39761094441551659,0.40426833736651868,0.0066573929510020946,-0.05232466500948485,0.10240277777777777
60,0.14999999999999999,0.70309722222222215,0.30786683617685262,0.33776970479037416,0.33660836200026012,-0.0011613427901140394,0.37177018576541254,0.37349640101160753,0.0017262152461949842,0.034000480975038383,0.097805555555555562
61,0.14999999999999999,0.67201574074074066,0.23195923406213503,0.23586165838721362,0.23674493985009026,0.00088328146287663944,0.26462388891418764,0.26599630193774138,0.0013724130235537313,0.02876223052697402,0.096000000000000002
62,0.14999999999999999,0.67248506944444442,0.319615428792967,0.30506219539382418,0.30496335163372101,-9.8843760103162204e-05,0.33435507760003569,0.33685834793836245,0.0025032703383267574,0.029292882206211512,0.093861111111111117
63,0.14999999999999999,0.6882469907407408,0.16721552045272392,0.31910383648359764,0.31824512332469568,-0.0008587131589019581,0.28791019791424854,0.28660189327589958,-0.0013083046383489672,-0.031193638569349091,0.094944444444444442
64,0.14999999999999999,0.68734351851851849,0.13407023122432815,0.30485023141567302,0.30503929530398011,0.00018906388830708387,0.31150291656078088,0.3037278245630477,-0.0077750919977331856,0.0066526851451078617,0.10091666666666667
65,0.14999999999999999,0.69179699074074075,0.16499742093868264,0.31488822887370127,0.31499663018201651,0.00010840130831524242,0.31144652861562183,0.32521360438261515,0.01376707576699332,-0.0034417002580794387,0.10055555555555555
66,0.14999999999999999,0.71106967592592596,0.26767538750575581,0.32615399854616867,0.32582125787516214,-0.00033274067100652616,0.34784001077586568,0.34392646442755914,-0.0039135463483065402,0.021686012229697016,0.10313888888888889
67,0.14999999999999999,0.68382962962962957,0.35595995820748305,0.34754256811832884,0.34659660566045414,-0.00094596245787470501,0.38313786554176532,0.39208267022301491,0.0089448046812495852,0.035595297423436478,0.097722222222222224
68,0.14999999999999999,0.67682071759259255,0.24500707460253213,0.38780460741473133,0.38728969548096781,-0.00051491193376351774,0.37790662961663146,0.37924215792305627,0.0013355283064248047,-0.0098979777980998662,0.09440277777777778
69,0.14999999999999999,0.66951736111111104,0.50310947024398844,0.46749284050037654,0.46759069328205338,9.7852781676843748e-05,0.47151198000610439,0.46566022822705011,-0.0058517517790542817,0.0040191395057278534,0.097791666666666666
70,0.14999999999999999,0.70153043981481489,0.20943384332042958,0.2775963558717961,0.27719127565048129,-0.00040508022131480192,0.29309704192966968,0.30330942270165451,0.01021238077198483,0.015500686057873581,0.10230555555555555
71,0.14999999999999999,0.7200971064814814,0.19446071583884894,0.35242684003912761,0.35254406905356006,0.00011722901443245171,0.3795003963411997,0.37326134765165886,-0.0062390486895408381,0.027073556302072088,0.10293055555555555
72,0.14999999999999999,0.69698900462962976,0.27330114455463939,0.29647667297052704,0.28083101176393954,-0.015645661206587502,0.26241061092374807,0.2678724983723183,0.0054618874485702351,-0.034066062046778978,0.098597222222222225
73,0.14999999999999999,0.70514386574074084,0.26743197389991202,0.31966890252639524,0.31955026684355425,-0.00011863568284098402,0.33920073113854721,0.34096599503612912,0.0017652638975819146,0.019531828612151969,0.098472222222222225
74,0.14999999999999999,0.66961041666666665,0.19746609064895304,0.32912533280254186,0.32953785017203008,0.00041251736948821893,0.35806193436979572,0.36014281107182866,0.0020808767020329411,0.028936601567253861,0.097347222222222224
75,0.14999999999999999,0.69067824074074069,0.34155724988814273,0.49081489919612675,0.49029916316715216,-0.00051573602897458937,0.47840988130352347,0.47680934580308743,-0.00160053550043604,-0.012405017892603287,0.097194444444444444
76,0.14999999999999999,0.68408310185185195,0.2340154465580625,0.28933038269861122,0.28909658829952523,-0.00023379439908599586,0.29997162694062895,0.30809920971239846,0.0081275827717695037,0.010641244242017733,0.097486111111111107
77,0.14999999999999999,0.68755879629629624,0.14308731658356499,0.25894736542529118,0.25250952851352149,-0.0064378369117696899,0.27560771477334567,0.27812052766145723,0.0025128128881115597,0.016660349348054493,0.099666666666666667
78,0.14999999999999999,0.70306932870370364,0.21463552295138744,0.27123602221053278,0.27266935848747975,0.0014333362769469726,0.2920038172937286,0.29508702484712068,0.0030832075533920866,0.020767795083195817,0.10320833333333333
79,0.14999999999999999,0.70622708333333339,0.26777516070396201,0.31024364182705277,0.3099131605024722,-0.00033048132458057822,0.31565601763665951,0.32691860019975705,0.011262582563097534,0.0054123758096067398,0.10050000000000001
80,0.14999999999999999,0.69466782407407413,0.30072123105687021,0.33837424435529562,0.33794652561290517,-0.00042771874239044827,0.3787843289114341,0.37942678360718129,0.0006424546957471966,0.040410084556138481,0.10015277777777777
81,0.14999999999999999,0.70405949074074081,0.19085698759010894,0.31506706786867011,0.31527650753942305,0.00020943967075293113,0.35922243056401759,0.36407236019929445,0.0048499296352768617,0.044155362695347478,0.098055555555555562
82,0.14999999999999999,0.69657048611111116,0.093379465956457519,0.31810917287846319,0.31456218962107896,-0.0035469832573842286,0.37460670043683064,0.36590973464439547,-0.008696965792435174,0.056497527558367455,0.10000000000000001
83,0.14999999999999999,0.68940821759259252,0.36767867779055352,0.35259816157699231,0.34960190266922109,-0.0029962589077712209,0.37863401087753912,0.37843041609039763,-0.00020359478714149226,0.026035849300546809,0.095138888888888884
84,0.14999999999999999,0.69657592592592588,0.18279952520051113,0.28224719598547665,0.28422761947695996,0.0019804234914833074,0.27263998286082858,0.27683473882512022,0.004194755964291641,-0.009607213124648073,0.10408333333333333
85,0.14999999999999999,0.67914571759259257,0.10892146040037365,0.27046174538347489,0.27015375381394358,-0.00030799156953131845,0.22259294819256281,0.24384039640817534,0.02124744821561253,-0.047868797190912082,0.098555555555555549
86,0.14999999999999999,0.68776249999999994,0.20315687331228161,0.25549425525649072,0.25704505453933724,0.0015507992828465156,0.29304346667826819,0.30810808919653743,0.015064622518269233,0.037549211421777473,0.098208333333333328
87,0.14999999999999999,0.67974212962962965,0.26969049356548958,0.21069220427078594,0.21069220427078594,0,0.27512293435826807,0.28019068962328797,0.005067755265019902,0.064430730087482124,0.10031944444444445
88,0.14999999999999999,0.68003020833333327,0.32317026772877522,0.33096406025127578,0.33043264131639971,-0.00053141893487607117,0.34719160683731343,0.34457255653270513,-0.0026190503046082947,0.016227546586037644,0.09493055555555556
89,0.14999999999999999,0.70410682870370378,0.12578041961222475,0.22081895757952164,0.22081895757952164,0,0.23667917163834973,0.22976825883155672,-0.0069109128067930126,0.015860214058828093,0.099166666666666667
90,0.14999999999999999,0.69786435185185181,0.21742534165172389,0.36759867468410234,0.37169488991203026,0.0040962152279279129,0.37734543439430002,0.36368360684090573,-0.01366182755339429,0.0097467597101976722,0.099277777777777784
91,0.14999999999999999,0.69853124999999994,0.3019554172668204,0.27706838164751146,0.27788158624392945,0.00081320459641798237,0.30840934476097792,0.31084289236679252,0.0024335476058146011,0.031340963113466458,0.10104166666666667
92,0.14999999999999999,0.69218229166666667,0.08631254576103875,0.23630718101129156,0.23574817871945597,-0.00055900229183558636,0.22393075053242761,0.2318382350904612,0.007907484558033584,-0.012376430478863942,0.097333333333333327
93,0.14999999999999999,0.67520925925925923,0.28163719302562207,0.41099776250162623,0.41126032173509575,0.00026255923346951704,0.40273169297058631,0.41730266289299445,0.014570969922408139,-0.0082660695310399213,0.094694444444444442
94,0.14999999999999999,0.6667633101851852,0.10745765235160931,0.271349770710828,0.271349770710828,0,0.26777341588806391,0.27179841768547108,0.0040250017974071683,-0.0035763548227640829,0.092680555555555558
95,0.14999999999999999,0.69710798611111102,0.28475275554519719,0.39689902372527486,0.3972355028981619,0.00033647917288703866,0.37872355803139379,0.3918740368432938,0.013150478811900013,-0.018175465693881065,0.10361111111111111
96,0.14999999999999999,0.70146273148148153,0.31190514820144732,0.40510728043272215,0.40510728043272215,0,0.37142138801077751,0.37579770666827483,0.0043763186574973245,-0.033685892421944641,0.10026388888888889
97,0.14999999999999999,0.678177662037037,0.30424518339940909,0.29478047819189512,0.29490374895646831,0.00012327076457319119,0.37160104643022729,0.35674054480977235,-0.014860501620454936,0.076820568238332165,0.094861111111111104
98,0.14999999999999999,0.69275358796296294,0.29555597398090305,0.35636915522308221,0.35636915522308221,0,0.37590877821258872,0.385464939658414,0.009556161445825273,0.019539622989506511,0.097611111111111107
99,0.14999999999999999,0.68739375000000003,0.20607639930617272,0.32238181755859696,0.32192163960139719,-0.00046017795719976995,0.31810869497308381,0.31826160113689062,0.00015290616380680966,-0.004273122585513156,0.10019444444444445
0,0.20000000000000001,0.75639212962962965,0.19466890799262249,0.3323438982221808,0.33236885098545299,2.4952763272190204e-05,0.31322495133257011,0.32235023735738966,0.0091252860248195455,-0.019118946889610688,0.11466666666666667
1,0.20000000000000001,0.72547986111111118,0.31803674464561338,0.27192089983870771,0.25233500015720245,-0.019585899681505259,0.25774231864350416,0.27270185432611316,0.014959535682608993,-0.014178581195203543,0.11448611111111111
2,0.20000000000000001,0.73506724537037049,0.28179228856769067,0.25971375691210119,0.27744526134324932,0.017731504431148126,0.29707413528684468,0.30812401354591512,0.011049878259070445,0.037360378374743486,0.11504166666666667
3,0.20000000000000001,0.74885115740740738,0.2223921136364212,0.28889889071713859,0.27580621523898718,-0.013092675478151405,0.2882073297951373,0.28177954014453632,-0.0064277896506009791,-0.0006915609220012886,0.11793055555555555
4,0.20000000000000001,0.72888437499999992,0.15298710413204886,0.23303113445868429,0.23306854500968377,3.741055099948376e-05,0.23533757378967202,0.23972611965593182,0.0043885458662598076,0.0023064393309877307,0.11069444444444444
5,0.20000000000000001,0.7504295138888889,0.25153403026371102,0.28119225652356339,0.27128126145798725,-0.0099109950655761336,0.27726983675207451,0.27988349086263864,0.0026136541105641342,-0.0039224197714888831,0.12045833333333333
6,0.20000000000000001,0.710801388888889,0.25759983869511183,0.3531662320559541,0.37345595243460517,0.020289720378651066,0.32864012934372111,0.31988718490795887,-0.0087529444357622443,-0.024526102712232989,0.10922222222222222
7,0.20000000000000001,0.74751076388888882,0.26745341045296711,0.3634334594809645,0.36374165756149024,0.0003081980805257345,0.38196198281283944,0.37412024394673216,-0.007841738866107284,0.018528523331874935,0.11688888888888889
8,0.20000000000000001,0.73641238425925926,0.15242040985071903,0.26437556555301989,0.2770197842562413,0.01264421870322141,0.28869483468261026,0.26708734031937076,-0.021607494363239499,0.024319269129590371,0.11965277777777777
9,0.20000000000000001,0.73222442129629639,0.1833573904537934,0.37370252579476626,0.35949058108138288,-0.014211944713383384,0.33791125858545457,0.33713117613710031,-0.00078008244835425788,-0.035791267209311695,0.11452777777777778
10,0.20000000000000001,0.73314120370370361,0.3996572838281548,0.45255035192403448,0.44921714923056955,-0.0033332026934649317,0.44108119782763855,0.44681407783071492,0.0057328800030763682,-0.011469154096395928,0.11715277777777777
11,0.20000000000000001,0.74994085648148145,0.3961753870248641,0.4055332889715596,0.40255153276856848,-0.002981756202991126,0.43549869652409157,0.41820855997694573,-0.01729013654714584,0.029965407552531964,0.11320833333333333
12,0.20000000000000001,0.73658958333333346,0.34565488431834779,0.26373376470901932,0.26178573747390921,-0.0019480272351101169,0.34721470355852169,0.35511054134747544,0.0078958377889537523,0.083480938849502362,0.11129166666666666
13,0.20000000000000001,0.73719629629629624,0.12276077469350621,0.29091457328649373,0.28801492976213472,-0.002899643524359008,0.29106630735139327,0.29258155631436089,0.0015152489629676191,0.00015173406489954466,0.11261111111111111
14,0.20000000000000001,0.7381268518518519,0.11368686468259404,0.11360925179900794,0.1055655818524468,-0.0080436699465611383,0.22436882543791692,0.22719336575196669,0.0028245403140497727,0.11075957363890898,0.11644444444444445
15,0.20000000000000001,0.73209490740740746,0.35421998479816286,0.44991158481806559,0.45725002719929808,0.0073384423812324906,0.45816038495826339,0.45679287662171686,-0.0013675083365465301,0.0082488001401977984,0.11438888888888889
16,0.20000000000000001,0.73816539351851862,0.25744651048284295,0.32312950910126059,0.32973625985053767,0.0066067507492770794,0.34495814265102664,0.33670777307828226,-0.0082503695727443871,0.021828633549766052,0.11627777777777777
17,0.20000000000000001,0.74387719907407401,0.28032421329200263,0.30979700346816297,0.30646587980574647,-0.0033311236624165019,0.29230557868793006,0.29212101569555493,-0.00018456299237512575,-0.017491424780232911,0.11659722222222223
18,0.20000000000000001,0.73491620370370381,0.33485674434384982,0.35128555860680422,0.35478517478330152,0.0034996161764972999,0.39122495076361075,0.38660531756167438,-0.0046196332019363684,0.03993939215680653,0.11231944444444444
19,0.20000000000000001,0.73644363425925918,0.21784565964464364,0.31137348458406067,0.31011958043033938,-0.0012539041537212858,0.34200129216615438,0.36424706949114749,0.02224577732499311,0.030627807582093713,0.11669444444444445
20,0.20000000000000001,0.72188356481481486,0.23715026163175523,0.25736709031028637,0.24938136038955871,-0.0079857299207276577,0.27283635626546754,0.2665570667661713,-0.0062792894992962367,0.015469265955181166,0.11240277777777778
21,0.20000000000000001,0.73440474537037037,0.31192819570775832,0.34026099576166913,0.36347044518369442,0.023209449422025297,0.39387556420351622,0.39445775554791196,0.00058219134439574383,0.053614568441847088,0.11333333333333333
22,0.20000000000000001,0.72321284722222223,0.13046896959154586,0.33293780846522858,0.32152437343375095,-0.011413435031477626,0.34885801616081025,0.34589961315219686,-0.0029584030086133861,0.015920207695581667,0.11018055555555556
23,0.20000000000000001,0.75473749999999995,0.12880922998907884,0.31038886668273313,0.32176358878494704,0.011374722102213908,0.31909762374545114,0.3068522647906663,-0.012245358954784846,0.0087087570627180089,0.12051388888888889
24,0.20000000000000001,0.7461895833333333,0.014532615924063741,0.19708193191486179,0.20102558918904745,0.0039436572741856635,0.2337332484494139,0.23217689394700547,-0.0015563545024084302,0.036651316534552114,0.11501388888888889
25,0.20000000000000001,0.73155451388888892,0.33923920951574871,0.29657721762476252,0.28923840362831388,-0.0073388139964486454,0.28005609261779607,0.26486644405449367,-0.015189648563302405,-0.016521125006966453,0.11588888888888889
26,0.20000000000000001,0.7143215277777778,0.17101603312898606,0.26589081071074683,0.26358906494701528,-0.0023017457637315442,0.29837107179863243,0.27497239500282822,-0.023398676795804207,0.032480261087885598,0.11190277777777778
27,0.20000000000000001,0.73784432870370364,0.17688751415359438,0.30939389094410863,0.30995332675964815,0.00055943581553952182,0.31651573043424663,0.31702235508609244,0.00050662465184581063,0.0071218394901380044,0.11697222222222223
28,0.20000000000000001,0.75897986111111104,0.014040223827807008,0.20167631081421822,0.19811401065698142,-0.0035623001572367974,0.2008976378319266,0.20914753319253399,0.0082498953606073844,-0.00077867298229161719,0.11918055555555555
29,0.20000000000000001,0.73835891203703696,0.21732084612759228,0.30743143159926545,0.30977305139032507,0.0023416197910596237,0.30091536177757983,0.28952786968618105,-0.011387492091398776,-0.0065160698216856217,0.11822222222222223
30,0.20000000000000001,0.73356539351851857,0.32224101437499397,0.40172723903551655,0.40653987683914883,0.0048126378036322803,0.39340999361053497,0.38608305544291255,-0.007326938167622421,-0.0083172454249815786,0.114375
31,0.20000000000000001,0.7580489583333333,0.3675600716744899,0.42210257986795197,0.42265886077088544,0.00055628090293347032,0.46981527371631671,0.46838191277245822,-0.001433360943858486,0.04771269384836474,0.11866666666666667
32,0.20000000000000001,0.74611388888888897,0.16647898972357722,0.26790084339044884,0.27143719900298025,0.0035363556125314055,0.27806453958034349,0.28353973121667264,0.0054751916363291464,0.010163696189894655,0.12301388888888889
33,0.20000000000000001,0.73042106481481495,0.10084163926832523,0.25120977044049608,0.25174145279581084,0.00053168235531475538,0.22600846200186386,0.231859531774394,0.0058510697725301375,-0.025201308438632219,0.11320833333333333
34,0.20000000000000001,0.74446365740740728,0.15447089628594524,0.26768087950959552,0.26883159617844599,0.0011507166688504711,0.31488377010316926,0.30206792268499405,-0.012815847418175208,0.047202890593573743,0.11451388888888889
35,0.20000000000000001,0.74563587962962963,0.20521332824543304,0.30338498610802023,0.30021091427913227,-0.0031740718288879588,0.30308951115756644,0.32160722016052479,0.018517709002958349,-0.00029547495045378902,0.11561111111111111
36,0.20000000000000001,0.72458090277777776,0.35717408577565202,0.35938400463726838,0.36723248027399447,0.0078484756367260822,0.39029624463640444,0.38660992848126485,-0.0036863161551395907,0.03091223999913606,0.108875
37,0.20000000000000001,0.74001331018518501,0.25359685695717882,0.36269584662574916,0.36151519235148333,-0.0011806542742658355,0.35314263867967033,0.34912643903582086,-0.0040161996438494718,-0.0095532079460788344,0.11930555555555555
38,0.20000000000000001,0.74246932870370375,0.27822971841006339,0.2460881668156254,0.24605323303242621,-3.4933783199186941e-05,0.25299039155318226,0.25598923286613118,0.0029988413129489189,0.0069022247375568613,0.11712500000000001
39,0.20000000000000001,0.73700127314814823,0.10916106592393093,0.2041242714318896,0.20454138735648708,0.00041711592459747759,0.24035062060140433,0.24070450108510366,0.00035388048369933145,0.036226349169514727,0.11022222222222222
40,0.20000000000000001,0.74100636574074075,0.28503705667194579,0.29672953423577675,0.29423492396765782,-0.0024946102681189242,0.33047346141283906,0.34093618009842508,0.010462718685586014,0.033743927177062316,0.11994444444444445
41,0.20000000000000001,0.73844236111111095,0.4030303068214286,0.40672739166832339,0.40182049393848651,-0.0049068977298368788,0.37720635820780712,0.37983101737002067,0.0026246591622135496,-0.029521033460516266,0.11279166666666667
42,0.20000000000000001,0.73688206018518532,0.35791785916598751,0.32213903030415392,0.32236996450955147,0.00023093420539754828,0.36132242885058186,0.36799062105106495,0.0066681922004830918,0.039183398546427939,0.11268055555555556
43,0.20000000000000001,0.7415821759259259,0.19144180883099837,0.32858299923345058,0.33863305441598368,0.010050055182533102,0.31362106756416486,0.31805344905630095,0.0044323814921360949,-0.014961931669285722,0.11519444444444445
44,0.20000000000000001,0.7422195601851852,0.13433464527761285,0.13586160459191721,0.13242178984746711,-0.0034398147444500982,0.16019599799778261,0.1643738747675082,0.0041778767697255859,0.024334393405865407,0.11538888888888889
45,0.20000000000000001,0.7142905092592593,0.27822643651631473,0.20739025106876263,0.21554256526449289,0.0081523141957302592,0.22488491209490979,0.22426475293555348,-0.00062015915935631494,0.017494661026147162,0.11465277777777778
46,0.20000000000000001,0.74273784722222214,0.31660648026388638,0.38253678889028986,0.3884017093593416,0.0058649204690517376,0.38827186613179843,0.37704113800857941,-0.011230728123219014,0.0057350772415085682,0.12144444444444444
47,0.20000000000000001,0.7352460648148148,0.2308470059175648,0.26457937014883681,0.27050624866310802,0.0059268785142712055,0.3066310441611364,0.30551064144920714,-0.0011204027119292581,0.042051674012299589,0.11226388888888889
48,0.20000000000000001,0.72618622685185175,0.31929411852736334,0.3586118666624557,0.3585680332554585,-4.3833406997206836e-05,0.37201694448703992,0.37445874151026759,0.0024417970232276653,0.013405077824584222,0.11604166666666667
49,0.20000000000000001,0.74996678240740733,0.05749751849634821,0.22072260632418406,0.21464926183164734,-0.0060733444925367142,0.24531138149873333,0.22655074936581021,-0.018760632132923116,0.024588775174549271,0.11666666666666667
50,0.20000000000000001,0.76381516203703692,0.17271855293061156,0.22685314695516223,0.21422485934801372,-0.012628287607148514,0.22772175001008055,0.22055252051022489,-0.0071692294998556561,0.00086860305491831546,0.11940277777777777
51,0.20000000000000001,0.73410347222222228,0.086274288360582374,0.23598038862774806,0.22632777326112974,-0.0096526153666183223,0.26931607221499931,0.25651149081957403,-0.012804581395425285,0.033335683587251252,0.11908333333333333
52,0.20000000000000001,0.75768807870370358,0.1835004315777452,0.34243494488286519,0.3419705648662319,-0.00046438001663329231,0.35839789274732992,0.36513817274064453,0.0067402799933146129,0.015962947864464727,0.11826388888888889
53,0.20000000000000001,0.74713900462962968,0.16530250503001798,0.31055162264707392,0.32254122023477005,0.011989597587696132,0.29315300647784803,0.30071724789210308,0.0075642414142550463,-0.017398616169225889,0.11538888888888889
54,0.20000000000000001,0.72861446759259263,0.074842641766860729,0.31713567810004017,0.31927258475607134,0.0021369066560311678,0.29809734931715826,0.3052146943860008,0.0071173450688425399,-0.019038328782881919,0.11330555555555556
55,0.20000000000000001,0.7281519675925926,0.39669914210725121,0.42385332163827416,0.43113127032086118,0.007277948682587021,0.40022851905041879,0.4085245355333299,0.0082960164829111172,-0.023624802587855376,0.11176388888888888
56,0.20000000000000001,0.75300196759259264,0.13008362057710054,0.21414389706914216,0.23286943327587561,0.018725536206733451,0.22084235697708876,0.23355353834326142,0.012711181366172664,0.0066984599079465967,0.11777777777777777
57,0.20000000000000001,0.72509317129629636,0.2304150924411017,0.25454039627780645,0.25966200625398228,0.0051216099761758338,0.24563687591407268,0.23843083854276836,-0.0072060373713043191,-0.0089035203637337634,0.11276388888888889
58,0.20000000000000001,0.7495298611111112,0.19302924907067098,0.23029968933711342,0.22744179210246951,-0.0028578972346439135,0.25986813565942857,0.25920924813768842,-0.00065888752174014797,0.029568446322315145,0.11326388888888889
59,0.20000000000000001,0.72961793981481471,0.31410029507016246,0.39305602721560751,0.40359637137204074,0.010540344156433235,0.40339856930995954,0.4036966317634394,0.00029806245347985261,0.010342542094352036,0.11523611111111111
60,0.20000000000000001,0.75133900462962977,0.2934809836800425,0.2953895530610412,0.28653454539769152,-0.0088550076633496788,0.31633835825477374,0.30594298934386366,-0.010395368910910086,0.020948805193732545,0.11691666666666667
61,0.20000000000000001,0.75129305555555559,0.19889031766241949,0.25939583121074494,0.24480507794162154,-0.014590753269123402,0.27198483301151344,0.27602295151776968,0.0040381185062562386,0.012589001800768496,0.11861111111111111
62,0.20000000000000001,0.73530625000000016,0.20169640662443167,0.24239766991480205,0.23982300988666727,-0.0025746600281347787,0.26255108113829639,0.25524141344071194,-0.0073096676975844543,0.020153411223494344,0.11773611111111111
63,0.20000000000000001,0.74467106481481471,0.24732338513284291,0.29215350551440256,0.29160594905217518,-0.00054755646222737209,0.30282934517152915,0.29955151639644251,-0.0032778287750866442,0.010675839657126596,0.11361111111111111
64,0.20000000000000001,0.74304849537037032,0.066379238216171199,0.22583349662056251,0.24772132038569483,0.021887823765132319,0.22492351958511303,0.21436348997345644,-0.010560029611656585,-0.00090997703544948294,0.11641666666666667
65,0.20000000000000001,0.72957847222222216,0.21281198922733524,0.38155526485929403,0.37607285434020843,-0.005482410519085601,0.42038394531759116,0.42517894211743101,0.0047949967998398568,0.038828680458297127,0.11427777777777778
66,0.20000000000000001,0.74052766203703702,0.13122619611335629,0.29498505958598731,0.285795720761717,-0.00918933882427031,0.32959883568855963,0.32052616221876884,-0.0090726734697907929,0.034613776102572325,0.11981944444444445
67,0.20000000000000001,0.74690428240740747,0.2631170793031955,0.33016009398981316,0.32651278834576991,-0.0036473056440432527,0.31362408181193913,0.31898090432969528,0.0053568225177561546,-0.016536012177874038,0.11966666666666667
68,0.20000000000000001,0.72292291666666664,0.21491038464607093,0.46036330617314158,0.45033314939058888,-0.010030156782552702,0.39618034826603288,0.38723154215401256,-0.0089488061120203133,-0.064182957907108706,0.11113888888888888
69,0.20000000000000001,0.74830983796296291,0.22804296432903215,0.20353960502040502,0.20299623089408758,-0.00054337412631744186,0.19629428219858269,0.20134967917946822,0.0050553969808855292,-0.0072453228218223309,0.11799999999999999
70,0.20000000000000001,0.74538726851851855,0.32289869436183505,0.39886120747920206,0.41006178228286483,0.011200574803662766,0.37168729082062213,0.37437323909117237,0.0026859482705502424,-0.027173916658579933,0.12019444444444445
71,0.20000000000000001,0.74896886574074062,0.33773536299208395,0.43310958218937978,0.42482701733071826,-0.008282564858661523,0.45755208358351884,0.45839770351460629,0.00084561993108744904,0.02444250139413906,0.12318055555555556
72,0.20000000000000001,0.74965057870370366,0.43037583089214826,0.34476300172919627,0.3482844164786052,0.0035214147494089243,0.38719765258512029,0.37723744165860917,-0.0099602109265111149,0.042434650855924017,0.11650000000000001
73,0.20000000000000001,0.73218206018518517,0.24501955127495634,0.30619590248974171,0.30447185155609524,-0.0017240509336464704,0.3176129553549274,0.31057867888737012,-0.0070342764675572766,0.011417052865185684,0.11180555555555556
74,0.20000000000000001,0.75268935185185182,0.28033687092423609,0.38409741278834886,0.3883353673768184,0.0042379545884695391,0.43981900484084613,0.41832709916012267,-0.021491905680723455,0.055721592052497271,0.11794444444444445
75,0.20000000000000001,0.75929236111111109,0.24293805682517722,0.31726572174026069,0.31403204689890507,-0.003233674841355616,0.31582473370041275,0.31807468658690075,0.0022499528864879936,-0.0014409880398479347,0.11805555555555555
76,0.20000000000000001,0.74146307870370365,0.29397680792694847,0.37558247324668481,0.37958953964001185,0.0040070663933270412,0.36342495208006853,0.36931910827457926,0.0058941561945107246,-0.012157521166616281,0.11401388888888889
77,0.20000000000000001,0.75603402777777784,0.38988780296655523,0.30018817231862871,0.30283306289528356,0.0026448905766548458,0.33018235523120132,0.33802314166559821,0.0078407864343968958,0.029994182912572609,0.12161111111111111
78,0.20000000000000001,0.71946689814814813,0.22377713824736045,0.32794290160136308,0.32909531285117155,0.0011524112498084715,0.30538976837640841,0.29550027883512853,-0.0098894895412798833,-0.022553133224954669,0.11579166666666667
79,0.20000000000000001,0.73499062500000001,0.35030449995978852,0.44919026024417952,0.44810651423331183,-0.0010837460108676922,0.43625858345270163,0.43077856097727252,-0.0054800224754291138,-0.012931676791477886,0.11455555555555555
80,0.20000000000000001,0.74031597222222223,0.10875936708760514,0.246703185348777,0.25204798826086083,0.0053448029120838347,0.22273916343279188,0.22093439819649552,-0.0018047652362963573,-0.023964021915985123,0.11672222222222223
81,0.20000000000000001,0.73411157407407401,0.12762203432326225,0.30877685587472226,0.30966638970615734,0.00088953383143508535,0.34786724147041204,0.34036131461711194,-0.0075059268533000933,0.039090385595689781,0.1106111111111111
82,0.20000000000000001,0.73224085648148141,0.32810203598983667,0.34837888872513822,0.35439521738337654,0.0060163286582383124,0.33535370744384208,0.33864686421579604,0.0032931567719539645,-0.01302518128129615,0.11093055555555556
83,0.20000000000000001,0.72879780092592583,0.3170158901085024,0.38590560620954539,0.37938469634420302,-0.0065209098653423725,0.37461829160626081,0.37033147355802976,-0.0042868180482310558,-0.011287314603284582,0.11283333333333333
84,0.20000000000000001,0.73861597222222219,0.38970581603966847,0.44787320377450779,0.4521330521668212,0.0042598483923134145,0.48169262039742011,0.4862930909482579,0.0046004705508377874,0.033819416622912324,0.11186111111111111
85,0.20000000000000001,0.72677118055555556,0.35417080805803491,0.38915206643433331,0.39182351350288092,0.0026714470685476055,0.42710506654569202,0.41230123705100774,-0.014803829494684284,0.037953000111358715,0.11290277777777778
86,0.20000000000000001,0.74440034722222226,0.39468756291037355,0.38534487600418654,0.38415414614917309,-0.0011907298550134504,0.43665496880484711,0.44654675510198905,0.0098917862971419357,0.051310092800660567,0.11508333333333333
87,0.20000000000000001,0.73349918981481477,0.25156845391503191,0.36970214015096781,0.3700716515454302,0.00036951139446239623,0.36430410048354323,0.37752863064302844,0.013224530159485215,-0.0053980396674245812,0.11505555555555555
88,0.20000000000000001,0.74826527777777774,0.14852492327088074,0.19119323240458241,0.19433023521632076,0.0031370028117383431,0.21718711268632052,0.21972224321154199,0.002535130525221474,0.025993880281738102,0.11409722222222222
89,0.20000000000000001,0.73719085648148142,0.29297843143676872,0.33233482656946423,0.336064747439763,0.0037299208702987752,0.35195322353228031,0.37041711316524861,0.0184638896329683,0.019618396962816087,0.11275
90,0.20000000000000001,0.75087650462962952,0.34982605721451998,0.2799625427730924,0.29214776134986931,0.012185218576776902,0.33429213608768249,0.33769100547842801,0.0033988693907455181,0.054329593314590086,0.11654166666666667
91,0.20000000000000001,0.74389583333333331,0.34246210795152232,0.42497868149824991,0.4125816903728412,-0.012396991125408707,0.41858772605896744,0.41664436371794167,-0.0019433623410257672,-0.0063909554392824752,0.11525000000000001
92,0.20000000000000001,0.75831631944444444,0.30137483267350551,0.41640946972538218,0.42006153845857608,0.0036520687331939028,0.43778994506252633,0.43945622047978117,0.0016662754172548366,0.021380475337144156,0.12047222222222222
93,0.20000000000000001,0.71029537037037027,0.2613559306752079,0.245116983162455,0.25226185615405139,0.0071448729915963849,0.30406234148105027,0.31999986916426304,0.015937527683212771,0.058945358318595265,0.11502777777777778
94,0.20000000000000001,0.73863969907407423,0.34218763134523611,0.41496007803093138,0.41475923340152054,-0.00020084462941083459,0.41244274637087919,0.39308560399695858,-0.019357142373920611,-0.0025173316600521911,0.11293055555555556
95,0.20000000000000001,0.73741006944444443,0.30105787038880738,0.34111227632374719,0.34791031651609772,0.0067980401923505296,0.33125142348179937,0.32072297025501739,-0.010528453226781975,-0.0098608528419478203,0.11095833333333334
96,0.20000000000000001,0.75184675925925915,0.22841178212076585,0.26871646516101788,0.2856043309848868,0.016887865823868919,0.32596306420420118,0.3210331012604063,-0.0049299629437948855,0.057246599043183299,0.11504166666666667
97,0.20000000000000001,0.74851585648148145,0.24758818969803098,0.18130398839741291,0.1831596608795113,0.0018556724820983916,0.19159360344008514,0.17360920629295007,-0.017984397147135067,0.010289615042672229,0.12165277777777778
98,0.20000000000000001,0.74039594907407402,0.35739920986044982,0.3350215702691014,0.33200953019476054,-0.0030120400743408604,0.37801609599181174,0.378077646333842,6.1550342030258776e-05,0.042994525722710342,0.11459722222222223
99,0.20000000000000001,0.74644166666666667,0.17963700566771001,0.3641425164556259,0.34780701578862327,-0.016335500667002623,0.33720486456983179,0.34289604101688331,0.0056911764470515269,-0.026937651885794112,0.11636111111111111
0,0.25,0.79198275462962953,0.19405838372550654,0.15008004617742599,0.1518894307406452,0.0018093845632192185,0.17774644253074534,0.19060753687288678,0.012861094342141444,0.027666396353319356,0.14156944444444444
1,0.25,0.78224456018518518,0.32260567763023906,0.28880523621560272,0.30009674610045323,0.011291509884850504,0.35786052574767724,0.3624549647538613,0.004594439006184059,0.069055289532074515,0.13283333333333333
2,0.25,0.76333321759259254,0.28061513449752873,0.2949656680029934,0.30090775562443672,0.005942087621443326,0.32268578743601961,0.31009566339410222,-0.012590124041917394,0.027720119433026214,0.12602777777777777
3,0.25,0.79227800925925929,0.38031036918373629,0.40513587480911906,0.39865559123957728,-0.0064802835695417782,0.4423416278723441,0.43761550313034925,-0.0047261247419948527,0.037205753063225044,0.13138888888888889
4,0.25,0.77755115740740732,0.23314986146714922,0.24673688269489602,0.2433499295702557,-0.0033869531246403239,0.26248649105937372,0.26430329636266825,0.001816805303294533,0.015749608364477696,0.13693055555555556
5,0.25,0.77259814814814798,0.16381007772108813,0.30431059213068723,0.30989489021091854,0.0055842980802313091,0.3150429720190363,0.32573053758269477,0.010687565563658463,0.010732379888349075,0.12913888888888889
6,0.25,0.79762638888888893,0.16663575471417369,0.27224906147909633,0.28337062593578743,0.011121564456691102,0.2313672392032744,0.24483613666257142,0.013468897459297025,-0.040881822275821933,0.13394444444444445
7,0.25,0.79722245370370359,0.14980769888568379,0.2265210987143268,0.23714581110265209,0.010624712388325297,0.28857289972243971,0.30240007463690466,0.013827174914464946,0.062051801008112917,0.13387499999999999
8,0.25,0.77704733796296299,0.26856556924909725,0.32257293709999801,0.32476386541937874,0.002190928319380725,0.32579463327097136,0.34775872129844065,0.021964088027469297,0.0032216961709733427,0.13872222222222222
9,0.25,0.78871111111111103,0.23431964439602027,0.22359175253253993,0.23433937289725526,0.010747620364715327,0.31882241829591795,0.28042734860996998,-0.038395069685947969,0.09523066576337802,0.13651388888888888
10,0.25,0.7679449074074074,0.31171547553221579,0.25741747344139299,0.24904338983917418,-0.008374083602218807,0.29914210837108512,0.28163417928899115,-0.017507929082093976,0.041724634929692139,0.13115277777777778
11,0.25,0.77919976851851847,0.19427723583359602,0.32278714204233272,0.33258782839999201,0.009800686357659294,0.33165453335754647,0.33743346966292531,0.0057789363053788456,0.0088673913152137462,0.13158333333333333
12,0.25,0.76951759259259267,0.32050868003011945,0.4449005321395707,0.44165089958050974,-0.0032496325590609665,0.43340062446474459,0.43815860327180467,0.0047579788070600815,-0.011499907674826115,0.13325000000000001
13,0.25,0.77560439814814819,0.40352079278129138,0.39310180098043446,0.38715770646015291,-0.0059440945202815509,0.41942683289995553,0.41510013764170339,-0.0043266952582521334,0.026325031919521069,0.13468055555555555
14,0.25,0.78008217592592599,0.044099031834229807,0.25433899501002089,0.25051695961409004,-0.0038220353959308451,0.30965697176368057,0.31334855394585692,0.0036915821821763561,0.055317976753659681,0.137375
15,0.25,0.79180706018518521,0.22456838356876052,0.26903682670133211,0.26147491637439912,-0.0075619103269329857,0.29037483955898424,0.28764859104295837,-0.0027262485160258754,0.021338012857652133,0.14004166666666668
16,0.25,0.78921655092592591,0.22580488148760502,0.33069837876660446,0.33481944735294333,0.0041210685863388719,0.35267175231599046,0.35400977372864717,0.0013380214126567092,0.021973373549385999,0.13195833333333334
17,0.25,0.78349131944444439,0.28543515298082345,0.32365014694657934,0.31811300247962337,-0.0055371444669559677,0.29177677294423854,0.28287919839683728,-0.0088975745474012546,-0.031873374002340804,0.13161111111111112
18,0.25,0.78154039351851845,0.076634308028645792,0.27363999996102173,0.26544020558776771,-0.0081997943732540213,0.25735697975952121,0.24690261561816929,-0.010454364141351924,-0.01628302020150052,0.13090277777777778
19,0.25,0.76785972222222221,0.11592920209047797,0.25529760031089732,0.25324224776072202,-0.0020553525501753045,0.31659848529784396,0.30804670228688569,-0.0085517830109582693,0.061300884986946635,0.13022222222222221
20,0.25,0.78576817129629628,0.15186916875590117,0.3447100077828007,0.31983063261904088,-0.02487937516375982,0.35431847916532,0.3507849235325472,-0.0035335556327728002,0.0096084713825193013,0.1401388888888889
21,0.25,0.76317384259259258,0.40248983581355735,0.39154961065883453,0.39354053819315948,0.0019909275343249488,0.38779210269031272,0.37153228106445058,-0.016259821625862148,-0.0037575079685218116,0.12713888888888888
22,0.25,0.75698240740740752,0.38190796960700413,0.43035642272793517,0.41963476593310201,-0.010721656794833168,0.43954582724293401,0.44667852371423078,0.0071326964712967733,0.0091894045149988335,0.12348611111111112
23,0.25,0.76619710648148154,0.18445082015555536,0.34834083337106125,0.34306018615810152,-0.0052806472129597326,0.3449302931353202,0.34201769949071037,-0.0029125936446098288,-0.0034105402357410552,0.12963888888888889
24,0.25,0.77589108796296291,0.23271449251307941,0.32727441878695529,0.32629732407567169,-0.00097709471128359926,0.36105365083462304,0.35240835917661295,-0.0086452916580100903,0.033779232047667751,0.13390277777777779
25,0.25,0.76137303240740739,0.21224149020483685,0.27658710413132648,0.27564960920695891,-0.00093749492436756565,0.30167475989554782,0.28978216500993359,-0.011892594885614227,0.025087655764221339,0.12705555555555556
26,0.25,0.77532430555555554,0.22270401067257095,0.26409798193005862,0.25628331343984523,-0.0078146684902133945,0.29105203606935626,0.28306903483690604,-0.0079830012324502153,0.026954054139297634,0.12827777777777777
27,0.25,0.76815509259259251,0.17614558169357808,0.16586284711976684,0.16798096684347341,0.0021181197237065685,0.19372598736465951,0.19302195517164888,-0.00070403219301062858,0.02786314024489267,0.12918055555555555
28,0.25,0.78829618055555561,0.24092347523141933,0.42816063415980798,0.42964662615178584,0.001485991991977853,0.43009785435942705,0.4317939429640214,0.0016960886045943591,0.0019372201996190608,0.13127777777777777
29,0.25,0.76380891203703705,0.2027274490484946,0.20371908456374577,0.22025163866110731,0.01653255409736154,0.23228482265376327,0.22435416565467081,-0.0079306569990924558,0.028565738090017501,0.12254166666666666
30,0.25,0.77603923611111114,0.29197574537709869,0.29691351044667302,0.3005676252305346,0.0036541147838615728,0.32634809159332157,0.32003725319517029,-0.006310838398151275,0.029434581146648542,0.1310138888888889
31,0.25,0.76967280092592594,0.24288836898523469,0.28915725569604533,0.28516374138110334,-0.0039935143149419927,0.31201800362389942,0.29969748487740089,-0.012320518746498532,0.022860747927854086,0.13145833333333334
32,0.25,0.77559282407407404,0.22082565332744264,0.36422852398203276,0.35507679326455699,-0.00915173071747577,0.36172583635336242,0.35482520186360156,-0.0069006344897608596,-0.0025026876286703414,0.12841666666666668
33,0.25,0.78638136574074069,0.1703831977483744,0.20994147802405405,0.21447188956958729,0.0045304115455332417,0.24686726370620593,0.25844730936276084,0.011580045656554905,0.036925785682151879,0.13902777777777778
34,0.25,0.78084513888888896,0.25237948446395797,0.23079739260337884,0.21208578069774742,-0.01871161190563142,0.18645079711259149,0.19163122801572474,0.0051804309031332485,-0.044346595490787344,0.12804166666666666
35,0.25,0.77304027777777773,0.16086950496819985,0.35658688526709592,0.36402752734243193,0.0074406420753360125,0.32591648643933058,0.31793263084852774,-0.0079838555908028352,-0.030670398827765344,0.12625
36,0.25,0.77262627314814802,0.25195673416481013,0.27572586153885936,0.27591933227350884,0.00019347073464948128,0.26623396761760987,0.28411888997757428,0.017884922359964417,-0.0094918939212494946,0.12805555555555556
37,0.25,0.75668425925925931,0.093795649682545279,0.26938886164194398,0.27167118710077409,0.0022823254588301145,0.26196013751126324,0.26475025038584599,0.0027901128745827508,-0.0074287241306807417,0.12898611111111111
38,0.25,0.76868194444444449,0.20712725786645114,0.20394673760942728,0.21480308661875125,0.010856349009323973,0.2441658206414431,0.27745879860668488,0.033292977965241777,0.040219083032015823,0.13037499999999999
39,0.25,0.79880358796296302,0.18163468151325191,0.28328412831947425,0.27980695515479459,-0.0034771731646796589,0.29316151342320707,0.30028981786142739,0.0071283044382203231,0.0098773851037328164,0.13556944444444444
40,0.25,0.79295196759259257,0.18017080541454489,0.33271513200100067,0.3104171861529329,-0.022297945848067768,0.32461275279509472,0.32712225847312026,0.0025095056780255476,-0.0081023792059059518,0.13330555555555557
41,0.25,0.75781099537037022,0.19732319803482001,0.24432298994609214,0.24036972266831613,-0.0039532672777760069,0.19017511264807596,0.20141045932877077,0.011235346680694813,-0.054147877298016178,0.12509722222222222
42,0.25,0.77663715277777767,0.11703539897983106,0.21576337894268172,0.20595917835154454,-0.0098042005911371799,0.24922630822878444,0.23813865921547628,-0.011087649013308165,0.033462929286102727,0.13243055555555555
43,0.25,0.76935868055555556,0.27079127988167673,0.3095258392381528,0.31557717327714518,0.0060513340389923842,0.3438852414237038,0.3443191535660256,0.00043391214232180175,0.034359402185551002,0.1305
44,0.25,0.78955092592592602,0.30629649449385987,0.34996518706786406,0.35263777204455427,0.0026725849766902066,0.37186478355829877,0.37336485186728763,0.0015000683089888556,0.021899596490434714,0.12806944444444446
45,0.25,0.77319803240740737,0.15889400366059048,0.33114902210411234,0.32933987073633975,-0.001809151367772599,0.34128212148620762,0.34102710212313292,-0.00025501936307470441,0.010133099382095279,0.13365277777777779
46,0.25,0.76747673611111111,0.31698397648366183,0.2770678041166651,0.2775572548018832,0.00048945068521810686,0.28034117627409028,0.27568336322796749,-0.0046578130461227829,0.0032733721574251806,0.12030555555555555
47,0.25,0.79577453703703682,0.13029767229927292,0.32249638123207414,0.3063204589418308,-0.016175922290243339,0.34912072001794392,0.34981875173358057,0.0006980317156366489,0.026624338785869783,0.13443055555555555
48,0.25,0.7660351851851851,0.37600075038554237,0.2708650617434083,0.27238579678455177,0.0015207350411434728,0.32245557023373539,0.31567218242097039,-0.006783387812764996,0.051590508490327092,0.13020833333333334
49,0.25,0.76124282407407406,0.36712996784434848,0.4318378124809944,0.43654114925575116,0.0047033367747567612,0.39599526297271714,0.39084640147359695,-0.0051488614991201942,-0.035842549508277255,0.126
50,0.25,0.7776185185185186,0.18433929901993884,0.24040702493339383,0.23046107634216895,-0.0099459485912248846,0.30595320680667515,0.29406762064312264,-0.011885586163552508,0.065546181873281317,0.12543055555555555
51,0.25,0.77538680555555539,0.32788260147679815,0.42372524779790643,0.42876592791718626,0.0050406801192798278,0.4081298487377284,0.40560310262049049,-0.0025267461172379102,-0.015595399060178039,0.13081944444444443
52,0.25,0.77376817129629627,0.2056444824302055,0.32271599672255658,0.32462862416037719,0.0019126274378206132,0.35127534011997485,0.35952573601144766,0.0082503958914728059,0.02855934339741828,0.13133333333333333
53,0.25,0.78852384259259267,0.29621038184055526,0.30549948832774643,0.31081679676085516,0.0053173084331087361,0.30479230040977168,0.29835009346861274,-0.0064422069411589344,-0.00070718791797474978,0.13272222222222221
54,0.25,0.80912488425925932,0.31189059010724818,0.26505220162086596,0.24995373193770842,-0.015098469683157534,0.34405024489353186,0.34137008707812799,-0.0026801578154038719,0.078998043272665908,0.13573611111111111
55,0.25,0.75358391203703701,0.2098619124557497,0.32684679670917227,0.34648065533633021,0.019633858627157941,0.32261860633286854,0.29902476817268298,-0.023593838160185565,-0.004228190376303731,0.12194444444444444
56,0.25,0.74603460648148145,0.23374790274139789,0.24347540654563948,0.24208060598176095,-0.0013948005638785288,0.30372678234376149,0.31537045861112201,0.011643676267360514,0.060251375798122009,0.12273611111111112
57,0.25,0.7894155092592593,0.19576918683589373,0.26849186569173178,0.26601047023757152,-0.0024813954541602623,0.28340141227870064,0.28237292891314703,-0.0010284833655536119,0.014909546586968858,0.13333333333333333
58,0.25,0.76751793981481475,0.34836688778468872,0.32386190515581947,0.32917526831314481,0.0053133631573253348,0.35578768285182061,0.34637512820495853,-0.0094125546468620813,0.031925777696001134,0.12823611111111111
59,0.25,0.79602349537037043,0.24559572972791965,0.35559031601498059,0.35258714483740505,-0.0030031711775755365,0.29373829377826444,0.3048803132898692,0.011142019511604762,-0.061852022236716153,0.13552777777777777
60,0.25,0.7854120370370371,0.19753913521328192,0.33209306934619942,0.34392194020208866,0.01182887085588924,0.30796961104405562,0.30028616209628201,-0.007683448947773619,-0.024123458302143796,0.13259722222222223
61,0.25,0.76602083333333326,0.30598812661770269,0.33987434717570764,0.32621157181381943,-0.013662775361888202,0.38881640493205682,0.38912130886199103,0.00030490392993420823,0.048942057756349189,0.12431944444444444
62,0.25,0.78308055555555567,0.39876064150681256,0.44803395296820014,0.44876879177867757,0.00073483881047742283,0.43545626577681507,0.44450309924224229,0.0090468334654272287,-0.012577687191385079,0.13322222222222221
63,0.25,0.77418032407407411,0.21514806823547417,0.24204726212671823,0.23354017692841189,-0.0085070851983063411,0.27847259146970937,0.26727767885956644,-0.011194912610142937,0.036425329342991142,0.13551388888888888
64,0.25,0.7980983796296296,0.20330070268817513,0.25271287459362268,0.24438919553008742,-0.0083236790635352609,0.29303564138173777,0.28536938813857093,-0.0076662532431668318,0.040322766788115083,0.13400000000000001
65,0.25,0.77400972222222231,0.10440539071160382,0.30037984572762177,0.30272570958971778,0.0023458638620960093,0.27721468388218806,0.27158876406095145,-0.0056259198212366135,-0.023165161845433713,0.12727777777777777
66,0.25,0.76422638888888894,0.22320922314872149,0.37733578295929338,0.38302021500401306,0.0056844320447196894,0.3540005567522837,0.34886007423895082,-0.005140482513332878,-0.023335226207009674,0.12822222222222221
67,0.25,0.77387835648148151,0.26581991403947147,0.33121629256380769,0.33798206824875376,0.0067657756849460737,0.33925699220134398,0.34423031173286978,0.0049733195315257994,0.008040699637536286,0.12418055555555556
68,0.25,0.78456145833333346,0.27970706840727644,0.34077453246737466,0.33871738808694984,-0.0020571443804248135,0.3712507294379136,0.37007691062771553,-0.0011738188101980684,0.030476196970538938,0.13181944444444443
69,0.25,0.77799467592592597,0.17864563112922227,0.24311799579083859,0.24025679283526991,-0.0028612029555686869,0.26423107256214484,0.26477712918725715,0.00054605662511231223,0.021113076771306249,0.13058333333333333
70,0.25,0.77423333333333322,0.32433432885947466,0.33685536790049486,0.33298169802849809,-0.0038736698719967766,0.38792596088363751,0.38184916077947095,-0.0060768001041665576,0.051070592983142649,0.13044444444444445
71,0.25,0.78968749999999999,0.27744136141201248,0.3256800537525939,0.32185842964526334,-0.0038216241073305568,0.34189968273285332,0.32712418332665782,-0.014775499406195491,0.016219628980259415,0.13298611111111111
72,0.25,0.76780081018518531,0.12202078120205873,0.16120546422821458,0.18273828683533988,0.021532822607125301,0.23678863068321077,0.23141272858314765,-0.0053759021000631124,0.075583166454996187,0.13059722222222223
73,0.25,0.75889826388888881,0.17374400695031245,0.29503536516114948,0.3004353415030262,0.0053999763418767222,0.33483661003142517,0.32284098699544861,-0.011995623035976566,0.039801244870275698,0.13408333333333333
74,0.25,0.77074513888888896,0.24176711550789165,0.3425640526689675,0.35933937266575433,0.016775319996786831,0.30362705596379602,0.32232469605439773,0.018697640090601708,-0.038936996705171478,0.12940277777777778
75,0.25,0.78617511574074073,0.16726558402609804,0.27881006679652087,0.25054674323008874,-0.02826332356643213,0.26261142259092563,0.27389063777948441,0.011279215188558789,-0.016198644205595247,0.12979166666666667
76,0.25,0.78302627314814821,0.16667838317647765,0.29167743186220518,0.29058354411851539,-0.001093887743689792,0.30843588029118252,0.31522097824798079,0.0067850979567982694,0.016758448428977335,0.12934722222222222
77,0.25,0.77170509259259268,0.063408548013487165,0.12659633009424942,0.1335180030269284,0.0069216729326789794,0.17264240484184756,0.16703282753129556,-0.0056095773105520053,0.046046074747598142,0.12775
78,0.25,0.77874884259259247,0.21949691405100902,0.30193624389928064,0.29765811033251022,-0.0042781335667704257,0.30659560443394274,0.30713970391062662,0.00054409947668387915,0.0046593605346620937,0.13216666666666665
79,0.25,0.76788101851851864,0.42820842536867199,0.32230115972279449,0.33417164948402422,0.01187048976122973,0.37370906613776622,0.3707172159824359,-0.0029918501553303223,0.051407906414971727,0.13322222222222221
80,0.25,0.76308576388888893,0.43712186546441556,0.34155955996776266,0.34024277953734716,-0.0013167804304154984,0.42682734933873012,0.43082017060242439,0.0039928212636942684,0.085267789370967462,0.12845833333333334
81,0.25,0.78260833333333346,0.14872257501398045,0.32098041096532814,0.30566138929852049,-0.015319021666807653,0.32051116342461583,0.32676541868261544,0.006254255257999608,-0.00046924754071231423,0.13618055555555555
82,0.25,0.78279664351851841,0.28440729140419652,0.27513811507756969,0.27054775537997222,-0.0045903596975974681,0.29426003371622522,0.30596672682059345,0.011706693104368227,0.019121918638655533,0.13323611111111111
83,0.25,0.77564340277777788,0.23221780079047627,0.32775826254577034,0.32828723902671297,0.00052897648094263339,0.40004570166644227,0.39543589902054455,-0.0046098026458977204,0.072287439120671926,0.13043055555555555
84,0.25,0.76979930555555554,0.13271436527461256,0.30254034751909087,0.30029691951752691,-0.0022434280015639629,0.28565035713710241,0.29557526176313298,0.0099249046260305729,-0.016889990381988462,0.12791666666666668
85,0.25,0.77786423611111111,0.29136582406100209,0.27888053565394788,0.29520934981057101,0.016328814156623128,0.3280705493799726,0.33666813893583014,0.0085975895558575433,0.049190013726024717,0.12655555555555556
86,0.25,0.77088321759259248,0.38477212763866619,0.40863959811703732,0.40652987592024747,-0.0021097221967898427,0.43561968378970695,0.4376374725278549,0.002017788738147952,0.026980085672669629,0.13258333333333333
87,0.25,0.76661134259259256,0.37197065401023621,0.37579827259055809,0.37751193809227246,0.0017136655017143676,0.41388447003250994,0.42106858911858569,0.0071841190860757465,0.038086197441951852,0.12998611111111111
88,0.25,0.79550034722222218,0.38576475604836213,0.4419381117007577,0.45439584178297299,0.01245773008221529,0.42562808840672828,0.42262130856003699,-0.0030067798466912876,-0.016310023294029419,0.13295833333333335
89,0.25,0.78111631944444448,0.34960786625813678,0.35057235705340539,0.34177219247814683,-0.0088001645752585622,0.36338927277212352,0.36664407334896576,0.0032548005768422428,0.012816915718718125,0.12969444444444445
90,0.25,0.79113599537037038,0.21021833599490303,0.25718539212477221,0.24647050209417765,-0.010714890030594559,0.25839277130588734,0.26010490941695674,0.0017121381110694056,0.0012073791811151313,0.1262361111111111
91,0.25,0.78374525462962963,0.12516412701768276,0.29312504846560639,0.29566274169449103,0.002537693228884641,0.3272104692149691,0.33503747099876036,0.0078270017837912542,0.034085420749362716,0.13130555555555556
92,0.25,0.78591388888888891,0.22653612026585745,0.28233859074308965,0.26792523687142411,-0.014413353871665535,0.31479820906106848,0.30377758036498903,-0.011020628696079449,0.032459618317978833,0.12920833333333334
93,0.25,0.77024108796296298,0.30921685791245757,0.3050168358651848,0.32882409708970373,0.023807261224518927,0.30994821318065247,0.31431840823322887,0.0043701950525764088,0.0049313773154676666,0.13158333333333333
94,0.25,0.76622129629629632,0.23088662617612032,0.33801263086428446,0.33320839584038542,-0.0048042350238990394,0.318026442727943,0.31061684585002802,-0.0074095968779149812,-0.019986188136341454,0.13206944444444443
95,0.25,0.80779317129629646,0.067925983663639888,0.25144336941485423,0.26377358503179527,0.012330215616941032,0.24147123159333217,0.230472252802288,-0.010998978791044167,-0.0099721378215220646,0.1398611111111111
96,0.25,0.77110844907407394,0.2166910038412091,0.27292889825016642,0.26492189219418705,-0.008007006055979371,0.31545905575912259,0.30650644915536063,-0.0089526066037619589,0.042530157508956168,0.13366666666666666
97,0.25,0.80813622685185182,0.26258724084344598,0.35646919578908653,0.36645635639626872,0.0099871606071821883,0.34175623937943944,0.33071121873901832,-0.011045020640421122,-0.014712956409647093,0.14098611111111112
98,0.25,0.76444479166666657,0.30321602374072698,0.25576923437263532,0.28266113189576525,0.026891897523129926,0.36309126468644215,0.36616943126668988,0.003078166580247732,0.10732203031380683,0.12886111111111112
99,0.25,0.78477962962962966,0.26010795502929673,0.32948645392743459,0.33546968880684358,0.005983234879408994,0.37997620671381505,0.37824856550618613,-0.001727641207628916,0.05048975278638046,0.13272222222222221
0,0.29999999999999999,0.82209664351851863,0.32715724204284968,0.33898728446485415,0.33572675526959461,-0.0032605291952595428,0.32556791867199497,0.32743514089543024,0.001867222223435272,-0.013419365792859184,0.15477777777777776
1,0.29999999999999999,0.81677002314814828,0.18860034003783122,0.28909015746683853,0.27571194321162273,-0.013378214255215792,0.29979471825822623,0.29237840975183826,-0.0074163085063879697,0.010704560791387707,0.15166666666666667
2,0.29999999999999999,0.80471759259259257,-0.02239799577031576,0.15409810150545555,0.14854774332392706,-0.0055503581815284919,0.15172874661130376,0.15085765492135972,-0.00087109168994403685,-0.0023693548941517983,0.14220833333333333
3,0.29999999999999999,0.81349583333333342,0.053342620663142215,0.23829816025843276,0.24670308443020361,0.0084049241717708556,0.22933301347111068,0.21494331959748081,-0.014389693873629872,-0.0089651467873220758,0.151
4,0.29999999999999999,0.81964641203703703,0.27553953150759514,0.30985202240041387,0.30687768224345691,-0.0029743401569569672,0.35202775390480967,0.34794916272763787,-0.0040785911771717975,0.042175731504395797,0.14974999999999999
5,0.29999999999999999,0.79743217592592597,0.1290593552784739,0.21098680958536709,0.18724043452152128,-0.023746375063845804,0.23415963921685989,0.22341463696615882,-0.010745002250701075,0.023172829631492808,0.14352777777777778
6,0.29999999999999999,0.81563020833333333,0.2761645294112437,0.22058336290255898,0.23757289082497479,0.016989527922415815,0.29283432589127645,0.30234822922427707,0.0095139033330006173,0.072250962988717471,0.15112500000000001
7,0.29999999999999999,0.80532442129629633,0.17376380437359917,0.35843990331363529,0.35301812701910762,-0.0054217762945276693,0.33367238354694073,0.32464125385543074,-0.009031129691509987,-0.024767519766694557,0.14830555555555555
8,0.29999999999999999,0.80882916666666682,0.23751595244585799,0.28087422305596854,0.28494118029585314,0.0040669572398845943,0.33285888864997315,0.33710219373901129,0.0042433050890381407,0.051984665594004609,0.14268055555555556
9,0.29999999999999999,0.81369699074074076,0.39367856807656498,0.43225711109702802,0.4158034781929868,-0.016453632904041227,0.45406239010631144,0.44281704247875742,-0.011245347627554025,0.021805279009283418,0.14968055555555557
10,0.29999999999999999,0.82722673611111119,0.14557778931488163,0.27638063485144704,0.26299231450129901,-0.013388320350148031,0.30109057210214241,0.2855934127197195,-0.015497159382422909,0.024709937250695369,0.14970833333333333
11,0.29999999999999999,0.82288518518518516,0.20102653419516103,0.16731457638973779,0.16152210199965877,-0.0057924743900790165,0.18858076227528686,0.1863212091824098,-0.0022595530928770646,0.021266185885549072,0.15508333333333332
12,0.29999999999999999,0.8010666666666667,0.15316059297467155,0.26788591721973842,0.26280203997113949,-0.0050838772485989336,0.30732847942801056,0.30316091943035983,-0.0041675599976507272,0.039442562208272136,0.14258333333333334
13,0.29999999999999999,0.81079895833333337,0.27196538146177529,0.27943278359297885,0.26864168395969457,-0.010791099633284285,0.25970574035483385,0.26362053390952578,0.003914793554691931,-0.019727043238145003,0.14593055555555556
14,0.29999999999999999,0.80918310185185183,0.31668139480136437,0.33505686386790745,0.32736338507888385,-0.0076934787890236001,0.31422929157657564,0.31745682001168996,0.003227528435114313,-0.020827572291331808,0.15019444444444444
15,0.29999999999999999,0.80448611111111112,0.27072129911133824,0.40775516412373802,0.42515298036288007,0.01739781623914205,0.45479240596419923,0.44816038477425924,-0.0066320211899399961,0.047037241840461208,0.14634722222222221
16,0.29999999999999999,0.81307418981481483,0.1880843084221272,0.20946265732326552,0.20606140880097723,-0.0034012485222882916,0.27505837762476282,0.27357639827932589,-0.0014819793454369234,0.065595720301497296,0.14433333333333334
17,0.29999999999999999,0.800672337962963,0.29359859001567112,0.28513362207774573,0.28112307909805778,-0.0040105429796879477,0.33756218634724433,0.31516937499275632,-0.022392811354488007,0.052428564269498601,0.14376388888888889
18,0.29999999999999999,0.79654652777777768,0.24360206215557156,0.30790152977143548,0.30395066600173182,-0.0039508637697036608,0.35009290394619264,0.34056007064018601,-0.0095328333060066273,0.042191374174757157,0.14494444444444443
19,0.29999999999999999,0.82395868055555554,0.39368843975263645,0.46629344479634383,0.46413062704582742,-0.0021628177505164103,0.46314988541463364,0.47517400143882738,0.012024116024193732,-0.0031435593817101815,0.15120833333333333
20,0.29999999999999999,0.81575219907407404,0.17062047859559237,0.22190460662275768,0.21145099423151703,-0.010453612391240652,0.28486019681236208,0.27376486833973002,-0.01109532847263206,0.062955590189604393,0.15243055555555557
21,0.29999999999999999,0.81790937500000016,0.19925506277453564,0.32842763001331921,0.3353411484652723,0.0069135184519530934,0.29355551432632665,0.28193834382958616,-0.011617170496740492,-0.034872115686992555,0.14511111111111111
22,0.29999999999999999,0.79869224537037031,0.318784130406641,0.34384089046295063,0.34657940889231909,0.0027385184293684528,0.38119531720022892,0.37894494823827918,-0.0022503689619497447,0.03735442673727829,0.15126388888888889
23,0.29999999999999999,0.78955243055555557,0.302077841020435,0.34523489643382121,0.34879606905133231,0.0035611726175110991,0.3738844197295299,0.37779658890054357,0.0039121691710136686,0.02864952329570869,0.14154166666666668
24,0.29999999999999999,0.79361689814814806,0.17840731629964734,0.25261822243770771,0.23914805270905881,-0.013470169728648895,0.23807656750398798,0.24036347166162497,0.0022869041576369931,-0.014541654933719728,0.14620833333333333
25,0.29999999999999999,0.81190902777777785,0.3024538387488428,0.31240385371438928,0.33068114559046302,0.018277291876073742,0.32197729418346244,0.32466978519517609,0.0026924910117136491,0.0095734404690731578,0.14527777777777778
26,0.29999999999999999,0.81216874999999999,0.41664073638409893,0.39816660590566644,0.40329797422832692,0.0051313683226604789,0.4540795284976713,0.46163681198150708,0.007557283483835775,0.055912922592004866,0.15525
27,0.29999999999999999,0.80753738425925936,0.21352960580412206,0.30377636296519428,0.28658252797589279,-0.017193834989301493,0.36315352543314194,0.35988271661509119,-0.0032708088180507522,0.059377162467947664,0.14311111111111111
28,0.29999999999999999,0.82223171296296294,0.19104680821162423,0.3807828756929631,0.37965107325226488,-0.0011318024406982152,0.36640896961550873,0.35330188173363142,-0.013107087881877311,-0.014373906077454368,0.15391666666666667
29,0.29999999999999999,0.81560081018518515,0.31707937508005335,0.37962276835796283,0.40281338809389378,0.023190619735930951,0.39710184996423237,0.3923649289607638,-0.0047369210034685638,0.017479081606269542,0.13893055555555556
30,0.29999999999999999,0.82695659722222226,0.20433061398925334,0.33154596319082141,0.3288357509558375,-0.0027102122349839108,0.32337562468571823,0.31845667539440314,-0.004918949291315089,-0.0081703385051031807,0.14618055555555556
31,0.29999999999999999,0.81220578703703694,0.1812551241678747,0.16243137976848998,0.15745084460486902,-0.0049805351636209583,0.1768341244314281,0.17228768622988766,-0.004546438201540437,0.014402744662938116,0.14970833333333333
32,0.29999999999999999,0.79227754629629621,0.19223861223019723,0.2806751901220661,0.26635081672303063,-0.014324373399035473,0.29956300334572195,0.277891764765688,-0.021671238580033947,0.018887813223655847,0.14430555555555555
33,0.29999999999999999,0.80923634259259247,0.10656666884193056,0.33404918801498773,0.34285548117283227,0.0088062931578445358,0.32962145877215021,0.33109895479743201,0.0014774960252817992,-0.0044277292428375192,0.1524861111111111
34,0.29999999999999999,0.81956527777777788,0.28251902980973043,0.39496851188902604,0.38979854392149282,-0.0051699679675332177,0.40989008310849673,0.41474076758053624,0.0048506844720395126,0.014921571219470686,0.14849999999999999
35,0.29999999999999999,0.82370023148148153,0.21471685608960267,0.31796791747402142,0.32051768058456886,0.0025497631105474428,0.29765566259917475,0.30383800680068818,0.0061823442015134233,-0.020312254874846669,0.14863888888888888
36,0.29999999999999999,0.81050266203703691,0.37442351162391296,0.39374896143467131,0.39955851569610923,0.0058095542614379214,0.42319124683517551,0.42626252846187762,0.0030712816267021159,0.029442285400504198,0.14591666666666667
37,0.29999999999999999,0.80593680555555558,0.48312586832937832,0.47574897141267414,0.480457020361581,0.0047080489489068622,0.4792255829087656,0.49172530691627159,0.012499724007505986,0.003476611496091464,0.14936111111111111
38,0.29999999999999999,0.82633495370370369,0.32436522535755952,0.36842141192705857,0.37887155169364961,0.010450139766591038,0.39326849121549579,0.3727039824664975,-0.020564508748998289,0.024847079288437213,0.15265277777777778
39,0.29999999999999999,0.8036244212962963,0.20461697362337206,0.22429711229181348,0.21884248253046368,-0.0054546297613498052,0.21204455528240007,0.21846878787785917,0.0064242325954591006,-0.012252557009413412,0.14227777777777778
40,0.29999999999999999,0.80958807870370364,0.30479916895378134,0.39012943956743418,0.38985244759399951,-0.00027699197343467041,0.40475049057456669,0.39635287412060805,-0.0083976164539586451,0.014621051007132513,0.14466666666666667
41,0.29999999999999999,0.81543958333333333,0.33044018170350309,0.36521380820703475,0.35004005368340851,-0.015173754523626237,0.35828950585528474,0.36007173000422266,0.0017822241489379165,-0.0069243023517500113,0.143875
42,0.29999999999999999,0.81375034722222217,0.35378575686785152,0.31422668628778949,0.32192237201591212,0.0076956857281226254,0.3313875922766174,0.32912494486073607,-0.0022626474158813359,0.017160905988827913,0.14987500000000001
43,0.29999999999999999,0.79741979166666654,0.33293018523084139,0.32229305239079664,0.31956227435962181,-0.0027307780311748298,0.3756613406284196,0.37542962308658956,-0.00023171754183004545,0.053368288237622963,0.14649999999999999
44,0.29999999999999999,0.80029027777777773,0.31870035622083026,0.32513384430008652,0.31441578707057105,-0.010718057229515465,0.35930139923135107,0.36063251172961042,0.0013311124982593459,0.034167554931264554,0.14330555555555555
45,0.29999999999999999,0.81313923611111105,0.41672414573922734,0.39567928297555532,0.40483968635298406,0.0091604033774287386,0.40112879401187651,0.40437665637537168,0.0032478623634951687,0.0054495110363211863,0.14647222222222223
46,0.29999999999999999,0.82175115740740745,0.080427653975528313,0.23638436647050809,0.22316269618410745,-0.013221670286400644,0.23732312547321421,0.23342364182491548,-0.0038994836482987294,0.00093875900270612433,0.14844444444444443
47,0.29999999999999999,0.81276041666666676,0.30620485324788294,0.33828972915415834,0.33401000984340168,-0.0042797193107566578,0.34280810847751209,0.33557663906053914,-0.0072314694169729465,0.0045183793233537495,0.15008333333333335
48,0.29999999999999999,0.8228126157407406,0.078866217242187342,0.18247126736641006,0.18210459706324589,-0.00036667030316417382,0.16205250459700771,0.1589178989245682,-0.0031346056724395055,-0.020418762769402354,0.14393055555555556
49,0.29999999999999999,0.80481840277777772,0.31292593641026145,0.33986625201424248,0.33070335897278413,-0.009162893041458342,0.39207676484768905,0.3993968442415633,0.0073200793938742459,0.052210512833446576,0.1466388888888889
50,0.29999999999999999,0.82023680555555556,0.20321663490607667,0.24531755983005088,0.23349177875360616,-0.011825781076444719,0.27298611314475263,0.26618550725948975,-0.0068006058852628781,0.027668553314701749,0.14908333333333335
51,0.29999999999999999,0.81619571759259257,0.37653776468072209,0.36007472912542104,0.36336141969526703,0.0032866905698459847,0.37125171982328709,0.36414805686895702,-0.00710366295433007,0.01117699069786604,0.14609722222222221
52,0.29999999999999999,0.8188909722222224,0.32771606541870579,0.3151220159154775,0.3002837689013228,-0.014838247014154704,0.36920046973847387,0.37077618763340581,0.0015757178949319384,0.054078453822996364,0.14506944444444445
53,0.29999999999999999,0.80507789351851855,0.34184153681041618,0.32436164736659112,0.32893586945450326,0.0045742220879121387,0.32508970344236054,0.3297803832427576,0.0046906798003970573,0.00072805607576942322,0.14165277777777777
54,0.29999999999999999,0.78281122685185178,0.15729249062188821,0.11794895950795414,0.12074425418919621,0.0027952946812420665,0.17891399779422934,0.14879068919620186,-0.030123308598027476,0.060965038286275197,0.13772222222222222
55,0.29999999999999999,0.80131701388888887,0.28745523578417864,0.23555213462621516,0.25496710063026884,0.01941496600405368,0.30399858590494888,0.30889990970974945,0.0049013238048005725,0.068446451278733722,0.14543055555555556
56,0.29999999999999999,0.82935578703703694,0.16702813352020784,0.23157493252909167,0.2405676792153274,0.0089927466862357308,0.285047374536327,0.29611447132378466,0.011067096787457653,0.053472442007235332,0.15045833333333333
57,0.29999999999999999,0.79279826388888885,0.33171669088714129,0.34564427241001683,0.34887773429031821,0.0032334618803013804,0.383065883335859,0.36863888689179325,-0.014426996444065754,0.037421610925842175,0.145875
58,0.29999999999999999,0.79431782407407414,0.3076919945660691,0.38855241336749791,0.38172915204970104,-0.0068232613177968693,0.45360857380287467,0.45852842631583179,0.0049198525129571236,0.065056160435376764,0.14618055555555556
59,0.29999999999999999,0.81478634259259264,0.51826800562899811,0.48943511464716161,0.49265370433205347,0.0032185896848918594,0.50799492095458243,0.50637673137878925,-0.001618189575793183,0.018559806307420823,0.15166666666666667
60,0.29999999999999999,0.78652650462962959,0.33611220022278265,0.34274756276716434,0.34478296470806935,0.0020354019409050128,0.38408766404230354,0.384150919183881,6.3255141577456264e-05,0.041340101275139207,0.13898611111111112
61,0.29999999999999999,0.80425925925925934,0.29896971681183049,0.32327393340597876,0.32960060663408008,0.0063266732281013205,0.36336951120390659,0.36120522602189986,-0.002164285182006731,0.040095577797927828,0.14863888888888888
62,0.29999999999999999,0.80502210648148143,0.31359739851673318,0.343904311797671,0.35658913039078777,0.012684818593116765,0.36961963152307542,0.361034924108108,-0.0085847074149674185,0.025715319725404417,0.14402777777777778
63,0.29999999999999999,0.81237303240740733,0.19701871052828823,0.31310387367806058,0.30299378709003599,-0.010110086588024592,0.3618874281995389,0.34843155366909295,-0.013455874530445944,0.048783554521478312,0.15101388888888889
64,0.29999999999999999,0.8236500000000001,0.31687411612850125,0.40807621470334743,0.41651095281634309,0.0084347381129956656,0.43338612539879495,0.43812685980948063,0.0047407344106856764,0.025309910695447524,0.15443055555555554
65,0.29999999999999999,0.82334745370370366,0.16442040535523661,0.22908374906324369,0.22726603124776745,-0.0018177178154762386,0.2840946044292596,0.29056087632564931,0.0064662718963897081,0.055010855366015909,0.15330555555555556
66,0.29999999999999999,0.79559791666666679,0.34289457809255264,0.32108999925561277,0.31579098629903135,-0.005299012956581417,0.34908032084533203,0.35026362567441116,0.0011833048290791348,0.027990321589719258,0.13995833333333332
67,0.29999999999999999,0.80024155092592597,0.19730854086793459,0.28010296706966575,0.28350173503309883,0.0033987679634330803,0.3258337502700116,0.32985884904359453,0.0040250987735829247,0.045730783200345848,0.14602777777777778
68,0.29999999999999999,0.80163437500000001,0.26799507287093138,0.30296137666422995,0.3054782543153497,0.0025168776511197422,0.35007251915224247,0.3392727950100396,-0.010799724142202871,0.047111142488012514,0.14690277777777777
69,0.29999999999999999,0.83179074074074066,0.2117923433908806,0.27681926964351766,0.28793891880966649,0.011119649166148826,0.30068575279685783,0.29027568897009992,-0.010410063826757909,0.023866483153340168,0.14733333333333334
70,0.29999999999999999,0.79626886574074085,0.35413775191308594,0.2644749130360099,0.24000063035652064,-0.024474282679489257,0.31443137176782709,0.31097242619310983,-0.0034589455747172648,0.049956458731817199,0.13877777777777778
71,0.29999999999999999,0.81812812499999998,0.24265503893850981,0.29642096073977542,0.28686424162984703,-0.009556719109928391,0.33076582187204673,0.31255023082997779,-0.018215591042068935,0.034344861132271309,0.14455555555555555
72,0.29999999999999999,0.78555567129629633,0.18157398308236361,0.35292343776565605,0.35255518144740217,-0.00036825631825387894,0.35444256844760458,0.35547251578109695,0.0010299473334923759,0.0015191306819485328,0.145125
73,0.29999999999999999,0.79772557870370375,0.35022053340546089,0.37287316197406972,0.36951036925461833,-0.0033627927194513907,0.37609446362432819,0.36620316780159068,-0.0098912958227375114,0.0032213016502584679,0.13958333333333334
74,0.29999999999999999,0.81909629629629632,0.26037160646997293,0.31169863728646241,0.30964768870996395,-0.002050948576498457,0.30605061923931187,0.30076352864819078,-0.0052870905911210908,-0.0056480180471505381,0.14809722222222221
75,0.29999999999999999,0.79638576388888893,0.2081011145766728,0.30899936242604442,0.30125607671639754,-0.0077432857096468855,0.29915657092255554,0.28537819719160673,-0.013778373730948812,-0.0098427915034888791,0.14131944444444444
76,0.29999999999999999,0.82852916666666665,0.20061414342409267,0.22582691256685583,0.22828704344003548,0.0024601308731796445,0.26384932941118888,0.28129048398582002,0.017441154574631135,0.038022416844333051,0.14855555555555555
77,0.29999999999999999,0.81023310185185193,0.28846792161723755,0.34230806612771969,0.34217771402383679,-0.00013035210388290253,0.34001004673338076,0.33816402584050353,-0.0018460208928772204,-0.0022980193943389349,0.14976388888888889
78,0.29999999999999999,0.78519606481481485,0.23148023096046899,0.32433979230510568,0.33292670087835985,0.0085869085732541706,0.32118098008939178,0.32061614150999829,-0.00056483857939348958,-0.003158812215713902,0.14104166666666668
79,0.29999999999999999,0.79928437500000005,0.39987647348962407,0.416231925270239,0.41227463275355081,-0.0039572925166881934,0.44751026405990835,0.44428655243473614,-0.0032237116251722098,0.031278338789669347,0.14301388888888888
80,0.29999999999999999,0.83147986111111116,0.14319747260765969,0.22408693804340873,0.23388035828769993,0.0097934202442911955,0.22218338219468048,0.22651178087419954,0.0043283986795190632,-0.0019035558487282556,0.15422222222222223
81,0.29999999999999999,0.80294641203703698,0.14473230608006704,0.29859829576466024,0.3038436018422479,0.0052453060775876637,0.3385342446081181,0.32059900588625811,-0.017935238721859981,0.039935948843457858,0.14859722222222221
82,0.29999999999999999,0.80331215277777768,0.064842668208044962,0.12133823496704932,0.11666840346043761,-0.0046698315066117102,0.14436234138161752,0.14043132744421327,-0.0039310139374042485,0.023024106414568202,0.14224999999999999
83,0.29999999999999999,0.8079495370370372,0.3622756515777007,0.41436484304185417,0.41202054119685039,-0.0023443018450037822,0.4221063192765212,0.43690556679868864,0.014799247522167436,0.0077414762346670329,0.14808333333333334
84,0.29999999999999999,0.81247916666666675,0.18884341593751397,0.17875601014136699,0.18191904464981734,0.0031630345084503464,0.21773996234362925,0.21955719376243144,0.0018172314188021899,0.038983952202262251,0.14093055555555556
85,0.29999999999999999,0.81292337962962957,0.19725674831879192,0.26555109010260314,0.25081565531773542,-0.014735434784867718,0.27948806112710889,0.28312832614300198,0.003640265015893096,0.013936971024505751,0.14645833333333333
86,0.29999999999999999,0.80195740740740729,0.20702771898220307,0.24335126460350154,0.22833608318000376,-0.015015181423497781,0.30486622086098791,0.30034931399541553,-0.0045169068655723787,0.061514956257486375,0.145125
87,0.29999999999999999,0.83258182870370379,0.39163649128719735,0.41770280449809638,0.40562210670008081,-0.012080697798015572,0.50037826459409596,0.47681612127162742,-0.023562143322468532,0.082675460095999576,0.15668055555555555
88,0.29999999999999999,0.81142627314814819,0.34407220316287823,0.39872360667928508,0.39494457483454537,-0.0037790318447397109,0.4251217658068841,0.42347946513372647,-0.0016423006731576262,0.026398159127599019,0.14405555555555555
89,0.29999999999999999,0.79924178240740729,0.40428031713505785,0.41053390975918136,0.3986759253820843,-0.011857984377097064,0.42819096770306209,0.42247328358025449,-0.0057176841228075981,0.017657057943880727,0.14405555555555555
90,0.29999999999999999,0.79437696759259258,0.17905266041003898,0.22225218863354002,0.21327350486986807,-0.0089786837636719463,0.28320718978722381,0.27381971973223818,-0.009387470054985636,0.060955001153683797,0.13669444444444445
91,0.29999999999999999,0.81294027777777789,0.16030912113323648,0.30748956364955071,0.31177558237298364,0.0042860187234329272,0.27545696928042573,0.29112114878178341,0.015664179501357678,-0.032032594369124978,0.14180555555555555
92,0.29999999999999999,0.82615046296296291,0.18681218148210654,0.30449322049963001,0.3023072911755158,-0.0021859293241142108,0.28897512068459541,0.29112957127449701,0.002154450589901602,-0.015518099815034603,0.15368055555555554
93,0.29999999999999999,0.80015520833333331,0.18690613678276391,0.26734050313241864,0.27187102405075425,0.0045305209183356121,0.28180216181412177,0.26719965952899871,-0.014602502285123053,0.014461658681703127,0.14636111111111111
94,0.29999999999999999,0.80557083333333335,0.096816463565725153,0.19799369542340528,0.20236702603982581,0.0043733306164205343,0.22159251864837304,0.23893062121989117,0.017338102571518132,0.023598823224967758,0.14931944444444445
95,0.29999999999999999,0.78492384259259251,0.16667307220171912,0.22127282974560436,0.22374811410629725,0.0024752843606928865,0.25495497742588569,0.25731760169267393,0.002362624266788238,0.033682147680281327,0.141375
96,0.29999999999999999,0.80158449074074067,0.25268835901300413,0.31603893968027053,0.31246143637750534,-0.0035775033027651837,0.36752734710958901,0.3725435393063854,0.0050161921967963874,0.051488407429318483,0.14534722222222221
97,0.29999999999999999,0.82761631944444458,0.14054701320667684,0.29266957714585717,0.28197050486746134,-0.010699072278395838,0.27907614867758501,0.27641406611332109,-0.0026620825642639234,-0.013593428468272162,0.14909722222222221
98,0.29999999999999999,0.81219710648148158,0.23094404511308764,0.27197504105592829,0.27405688381285409,0.0020818427569258002,0.26985144241822601,0.2519960620353574,-0.017855380382868602,-0.0021235986377022842,0.14536111111111111
99,0.29999999999999999,0.81539664351851859,0.42959293253631925,0.45775136526684002,0.4666910558766022,0.0089396906097621853,0.43046006551904603,0.4260560477534433,-0.0044040177656027302,-0.027291299747793984,0.14854166666666666
0,0.34999999999999998,0.84134826388888884,0.24354480028476577,0.22659218782945167,0.20465836589837816,-0.021933821931073516,0.25630271427252538,0.25179452092224297,-0.0045081933502824079,0.029710526443073704,0.1605
1,0.34999999999999998,0.83510405092592599,0.1543858432506573,0.24211088827119853,0.22804271653869324,-0.014068171732505297,0.28086992540931643,0.28800389846037489,0.0071339730510584509,0.038759037138117902,0.16709722222222223
2,0.34999999999999998,0.84498761574074077,0.33127191556614299,0.34879491307946331,0.34104261240244982,-0.0077523006770134906,0.40077679519887921,0.41371849565595631,0.012941700457077099,0.051981882119415901,0.16054166666666667
3,0.34999999999999998,0.85082997685185191,0.38574584675894708,0.3446500414853132,0.3589431289907753,0.014293087505462099,0.42656487149980993,0.42285704131777135,-0.003707830182038574,0.081914830014496731,0.15990277777777778
4,0.34999999999999998,0.83244224537037026,0.1376213094247698,0.19757755959339318,0.19891890596968675,0.0013413463762935729,0.22557792484082451,0.22653140708253638,0.00095348224171187823,0.028000365247431325,0.158
5,0.34999999999999998,0.84239722222222235,0.18060001012730309,0.27223884379599927,0.25324264859274748,-0.018996195203251798,0.30121827485868091,0.30596151209414613,0.0047432372354652141,0.028979431062681638,0.16601388888888888
6,0.34999999999999998,0.83121168981481475,0.22501155363353409,0.26159958271102535,0.27701079067477619,0.015411207963750839,0.25439671198697078,0.27695093501573664,0.022554223028765863,-0.0072028707240545664,0.16430555555555557
7,0.34999999999999998,0.84744999999999993,0.39695890922555321,0.30686386201756133,0.31367812726840771,0.0068142652508463852,0.43669220772460415,0.42350906621966578,-0.013183141504938378,0.12982834570704282,0.17070833333333332
8,0.34999999999999998,0.83309942129629633,0.33006063196366298,0.3551483701900453,0.34985639052161122,-0.0052919796684340881,0.42545457815075216,0.42105445332214209,-0.0044001248286100747,0.070306207960706857,0.16652777777777777
9,0.34999999999999998,0.83075532407407404,0.20195987449377406,0.32854667210902933,0.31795884500947291,-0.010587827099556413,0.28398923069976567,0.26078125211517666,-0.023207978584589006,-0.044557441409263654,0.1582638888888889
10,0.34999999999999998,0.84280763888888899,0.23636450986113433,0.2885527578260384,0.2677517786113589,-0.020800979214679494,0.26972042553585718,0.27533861654348657,0.0056181910076293917,-0.01883233229018122,0.16758333333333333
11,0.34999999999999998,0.85032280092592583,0.27899587205694321,0.24085246462005983,0.24245189033361669,0.0015994257135568679,0.28881885801642937,0.2787833254720351,-0.010035532544394266,0.047966393396369544,0.16898611111111111
12,0.34999999999999998,0.8264903935185185,0.13487730730930647,0.090773501789416788,0.092805459349561636,0.0020319575601448481,0.1829932858860549,0.17243053777440964,-0.010562748111645259,0.092219784096638113,0.15633333333333332
13,0.34999999999999998,0.8411960648148149,0.16824743872557257,0.2032994394775699,0.18993690792992446,-0.01336253154764544,0.27450474652146506,0.26481560013070304,-0.0096891463907620157,0.071205307043895161,0.16044444444444445
14,0.34999999999999998,0.84456967592592591,0.10112882507600096,0.25662857116206816,0.2647220731996569,0.0080935020375887401,0.25107764324305881,0.26533410717503736,0.014256463931978547,-0.0055509279190093519,0.1605138888888889
15,0.34999999999999998,0.83267604166666664,0.17658474964813897,0.24861863520454131,0.24529957579022377,-0.0033190594143175378,0.24474228587267233,0.25949301450321416,0.014750728630541832,-0.0038763493318689779,0.15170833333333333
16,0.34999999999999998,0.83824641203703709,0.13798549602485799,0.2781687412481193,0.29491807451168317,0.01674933326356387,0.27172091074454996,0.27973363464194279,0.0080127238973928261,-0.0064478305035693406,0.1549861111111111
17,0.34999999999999998,0.83434525462962961,0.35209205013162881,0.36453566382382963,0.35421366162769086,-0.010322002196138769,0.44776292754422853,0.4483889757858559,0.00062604824162737494,0.083227263720398903,0.16375000000000001
18,0.34999999999999998,0.84916423611111114,0.25216790081782392,0.30659584667334483,0.29439713430708325,-0.012198712366261577,0.30461046736004316,0.30497017449370922,0.0003597071336660651,-0.0019853793133016717,0.16131944444444443
19,0.34999999999999998,0.83789548611111109,0.23008852941688884,0.26241558715333335,0.2650958232941375,0.0026802361408041486,0.27270815039584173,0.25202345522999581,-0.020684695165845923,0.010292563242508379,0.15938888888888889
20,0.34999999999999998,0.83463217592592598,0.27229708780398298,0.24024159597431916,0.2140106875504969,-0.026230908423822252,0.31071043407902688,0.31358652519100672,0.0028760911119798394,0.070468838104707721,0.16261111111111112
21,0.34999999999999998,0.84413113425925923,0.19519372427910398,0.21088109315593362,0.20164340512730605,-0.0092376880286275664,0.26484377234335443,0.24875394243867566,-0.016089829904678776,0.053962679187420814,0.15937499999999999
22,0.34999999999999998,0.84934074074074084,0.430299501440363,0.36572160336481496,0.37126322837760528,0.0055416250127903188,0.44951146693456201,0.45807135965104184,0.0085598927164798333,0.083789863569747047,0.1701388888888889
23,0.34999999999999998,0.83816030092592586,0.17010651033941027,0.31534848091471057,0.3199858630953647,0.004637382180654126,0.33247644590271308,0.33004544929442803,-0.002430996608285052,0.017127964988002509,0.16809722222222223
24,0.34999999999999998,0.84244050925925917,0.23352789375947547,0.29260267763007131,0.28139141549505486,-0.011211262135016442,0.33702854871048427,0.34034090124459682,0.0033123525341125504,0.04442587108041296,0.168375
25,0.34999999999999998,0.83823113425925921,0.14811010327269225,0.32231905040739073,0.31480843545635406,-0.0075106149510366649,0.31399053183817538,0.30344724200829232,-0.010543289829883062,-0.0083285185692153485,0.16298611111111111
26,0.34999999999999998,0.83440115740740739,0.21108854437158064,0.30929057224147083,0.30745495058367589,-0.0018356216577949391,0.35635843326340133,0.35420580722211636,-0.0021526260412849663,0.047067861021930502,0.16180555555555556
27,0.34999999999999998,0.84902685185185167,0.19957794400762774,0.3709762944472782,0.3746994947285136,0.0037232002812354059,0.33352363242371397,0.34894628884443801,0.015422656420724046,-0.037452662023564232,0.16388888888888889
28,0.34999999999999998,0.81677847222222233,0.23779335754503672,0.18731093530819654,0.19172847529402848,0.004417539985831942,0.24167587123946577,0.2435316837181819,0.0018558124787161345,0.054364935931269232,0.15379166666666666
29,0.34999999999999998,0.86689606481481485,0.35969958754122988,0.37021160937068376,0.3673046419851167,-0.0029069673855670608,0.42359812186864298,0.41662401188404974,-0.0069741099845932464,0.053386512497959226,0.17144444444444445
30,0.34999999999999998,0.84283761574074079,0.24841155916019309,0.36532409624896145,0.37284895723676326,0.0075248609878018069,0.35883608912644693,0.36070936833575462,0.0018732792093076878,-0.0064880071225145164,0.1668611111111111
31,0.34999999999999998,0.84113402777777768,0.17176851688816763,0.22000022236248273,0.21431530863968662,-0.0056849137227961144,0.28254733959065226,0.28323827953115854,0.00069093994050628549,0.062547117228169524,0.16159722222222223
32,0.34999999999999998,0.84153645833333324,0.29500087389296248,0.27459542519023583,0.27701755075076162,0.0024221255605257896,0.33178514741084797,0.32479434547533703,-0.0069908019355109374,0.057189722220612138,0.16676388888888888
33,0.34999999999999998,0.82757696759259269,0.33507855544363985,0.31826187551952312,0.30180147044186767,-0.016460405077655449,0.39228104519353468,0.38308685761998351,-0.0091941875735511713,0.074019169674011565,0.15993055555555555
34,0.34999999999999998,0.85981724537037041,0.26311127842205206,0.27440640262474636,0.26816193582297898,-0.0062444668017673788,0.33476926076011027,0.32533919845659731,-0.0094300623035129538,0.060362858135363906,0.16977777777777778
35,0.34999999999999998,0.84545787037037046,0.038603111830220471,0.24670465759209947,0.23927095229887607,-0.0074337052932234027,0.27019825657867191,0.26221186117977091,-0.0079863953989010028,0.023493598986572439,0.16376388888888888
36,0.34999999999999998,0.84740925925925925,0.36935644128280676,0.35997640278055709,0.37376468180045941,0.013788279019902316,0.39809686016939294,0.39303048629210713,-0.0050663738772858125,0.038120457388835849,0.17083333333333334
37,0.34999999999999998,0.86054050925925918,0.43820471408544814,0.35249094664143577,0.34098436884146099,-0.011506577799974771,0.43235806416621847,0.44128277116301273,0.0089247069967942627,0.079867117524782705,0.17201388888888888
38,0.34999999999999998,0.85281539351851843,0.3617678986240167,0.31672145684973052,0.31731935172133807,0.00059789487160755161,0.36658565053756564,0.37090171922991944,0.0043160686923537916,0.049864193687835123,0.16108333333333333
39,0.34999999999999998,0.83516967592592595,0.23385634581492931,0.3669095375739444,0.35530511083218141,-0.011604426741762985,0.33891287022214889,0.35068709934630837,0.011774229124159485,-0.027996667351795512,0.17202777777777778
40,0.34999999999999998,0.83358391203703697,0.18624253742529473,0.32795356584119639,0.32665513831950344,-0.0012984275216929575,0.34259307024635499,0.32975469037739824,-0.012838379868956751,0.014639504405158599,0.16281944444444443
41,0.34999999999999998,0.85210983796296291,0.0032550454880245772,0.25941269803222289,0.26911581197578327,0.0097031139435603819,0.28638907987111129,0.29471078177869292,0.0083217019075816356,0.026976381838888397,0.17427777777777778
42,0.34999999999999998,0.85200601851851854,0.28291298736671244,0.29022935687930063,0.28614989446231143,-0.0040794624169891991,0.27070315992976179,0.27520074736386846,0.0044975874341066646,-0.019526196949538832,0.16872222222222222
43,0.34999999999999998,0.82774664351851845,0.21554542286131884,0.34542215316003755,0.34715411352246539,0.0017319603624278423,0.36460402384025847,0.36761118476745092,0.0030071609271924427,0.019181870680220925,0.16300000000000001
44,0.34999999999999998,0.85968229166666676,0.23386163502600676,0.32890431187079916,0.30182096929737168,-0.027083342573427482,0.37050845667802068,0.37996490769223612,0.009456451014215439,0.041604144807221521,0.16620833333333335
45,0.34999999999999998,0.85547129629629637,0.2928481740951363,0.29479344123088591,0.29655690717113958,0.0017634659402536723,0.32687386099000926,0.33328456223332836,0.0064107012433191057,0.032080419759123346,0.16781944444444444
46,0.34999999999999998,0.84163437499999993,0.22024099181141432,0.18825562821313102,0.183677930046519,-0.0045776981666120209,0.22677860655525173,0.22128802443658202,-0.0054905821186697068,0.038522978342120706,0.16148611111111111
47,0.34999999999999998,0.85348414351851842,0.16625529009763307,0.21497951245828828,0.21974735393907607,0.0047678414807877934,0.28390840875670154,0.2666823331920678,-0.017226075564633736,0.068928896298413256,0.16506944444444444
48,0.34999999999999998,0.84686643518518523,0.22810688923989908,0.26926039620919573,0.27103784650274987,0.0017774502935541392,0.31031013210750158,0.30883296877545019,-0.0014771633320513899,0.04104973589830585,0.16898611111111111
49,0.34999999999999998,0.84865879629629626,0.2370330279426377,0.25684549012711955,0.25539765729591835,-0.0014478328312012012,0.3177003741440857,0.31014174373453907,-0.0075586304095466295,0.060854884016966149,0.16554166666666667
50,0.34999999999999998,0.84762789351851853,0.29896313329874824,0.29034295582132386,0.28001072669120386,-0.010332229130119996,0.31060016481644748,0.31726433108432106,0.0066641662678735836,0.020257208995123621,0.17431944444444444
51,0.34999999999999998,0.83419641203703698,0.2859612153580422,0.36856085210849909,0.37885524622036593,0.010294394111866834,0.4104007919744036,0.40678742294301184,-0.0036133690313917555,0.041839939865904507,0.16438888888888889
52,0.34999999999999998,0.85098263888888892,0.092510323617802537,0.22400524999286331,0.21647808291760273,-0.0075271670752605768,0.2646150288948198,0.26716248110378849,0.0025474522089686813,0.040609778901956495,0.17043055555555556
53,0.34999999999999998,0.82807314814814814,0.12591748151299731,0.16214904732288127,0.17447930090028763,0.012330253577406358,0.15885706373188435,0.18229221342373447,0.023435149691850121,-0.0032919835909969164,0.16422222222222221
54,0.34999999999999998,0.83993483796296287,0.33549292240209361,0.31582456718965846,0.31054272267805361,-0.0052818445116048496,0.40074152036126998,0.37873105508500116,-0.02201046527626882,0.08491695317161152,0.16322222222222221
55,0.34999999999999998,0.83267141203703721,0.052403055449284586,0.28379417900692705,0.26730065570821104,-0.016493523298716006,0.25322282879043834,0.28529824793231962,0.032075419141881278,-0.030571350216488713,0.16140277777777778
56,0.34999999999999998,0.83684756944444449,0.24022306438795482,0.23461848382846173,0.23033311387731381,-0.0042853699511479215,0.27383483525489327,0.2855695576938887,0.011734722438995426,0.039216351426431539,0.16569444444444445
57,0.34999999999999998,0.84643518518518512,0.048755684330968996,0.14350044270273421,0.1655313418509079,0.022030899148173688,0.19132155811129614,0.18598551523153317,-0.00533604287976297,0.047821115408561932,0.16190277777777778
58,0.34999999999999998,0.84624085648148151,0.29191500385921465,0.31979382695522507,0.32266254000485173,0.0028687130496266589,0.29435046530522657,0.29230430147015762,-0.0020461638350689482,-0.025443361649998497,0.16086111111111112
59,0.34999999999999998,0.84699930555555547,0.2539084096723,0.28989290443809557,0.28057436658557167,-0.0093185378525239004,0.25949253459748378,0.25864623344193405,-0.00084630115554973351,-0.030400369840611785,0.16502777777777777
60,0.34999999999999998,0.83861469907407427,0.2399889846255735,0.30495684646765908,0.29405760156213623,-0.010899244905522854,0.21409384206673776,0.23067139188905927,0.016577549822321513,-0.090863004400921321,0.16398611111111111
61,0.34999999999999998,0.85818773148148153,0.30911174014428344,0.31699125945711015,0.31897937169605939,0.0019881122389492356,0.30980577330463999,0.30461573212550841,-0.005190041179131577,-0.0071854861524701663,0.175625
62,0.34999999999999998,0.8747787037037037,0.095528211948588626,0.17138257022463921,0.15606583500889215,-0.015316735215747057,0.1851230847797799,0.16280091773273553,-0.022322167047044372,0.013740514555140693,0.16541666666666666
63,0.34999999999999998,0.843465625,0.13630662669476235,0.22902494135927742,0.20847447296775234,-0.020550468391525079,0.28009545333634334,0.27897976303249927,-0.0011156903038440635,0.051070511977065913,0.15961111111111112
64,0.34999999999999998,0.8324149305555556,0.24202040700794081,0.31878051071003111,0.30622959876803613,-0.01255091194199498,0.33182667009442579,0.33460252087823938,0.0027758507838135937,0.013046159384394684,0.15813888888888888
65,0.34999999999999998,0.8412432870370371,0.12193270553399582,0.18664452257611597,0.21780208317671634,0.031157560600600376,0.2133326509633221,0.20785154005462492,-0.0054811109086971843,0.026688128387206134,0.17034722222222223
66,0.34999999999999998,0.84610358796296292,0.32652322831150438,0.28216820933022113,0.27233182453101412,-0.0098363847992070097,0.40108937417415169,0.41996303518189027,0.018873661007738574,0.11892116484393056,0.16933333333333334
67,0.34999999999999998,0.83746631944444438,0.14911536499609024,0.24331522336407818,0.25432870254117301,0.011013479177094831,0.2494042461053394,0.25676511551003789,0.007360869404698489,0.0060890227412612186,0.15762499999999999
68,0.34999999999999998,0.82287430555555563,0.15902172687452865,0.22546989245183735,0.22377541873301088,-0.0016944737188264725,0.20979054167582945,0.21821700064019645,0.0084264589643670007,-0.015679350776007905,0.16
69,0.34999999999999998,0.8427954861111111,0.16856370020200306,0.25685180799590257,0.23976809670506938,-0.017083711290833192,0.23873812258242111,0.23133370073960968,-0.0074044218428114261,-0.018113685413481462,0.16236111111111112
70,0.34999999999999998,0.86383506944444444,0.28371074961226783,0.31699293206335477,0.30867048648702544,-0.0083224455763293292,0.2493374511691766,0.24939586570695416,5.8414537777551345e-05,-0.067655480894178166,0.17106944444444444
71,0.34999999999999998,0.84604675925925932,0.14391443744198984,0.25789352044617742,0.26027172370194918,0.0023782032557717603,0.32524783095304177,0.32576880895130833,0.00052097799826655855,0.067354310506864357,0.16658333333333333
72,0.34999999999999998,0.84148333333333325,0.4026518202335998,0.38119938607371562,0.39014039116459676,0.0089410050908811378,0.41251807904673832,0.42064675617409453,0.0081286771273562097,0.031318692973022699,0.16375000000000001
73,0.34999999999999998,0.86064004629629631,0.21289652818834837,0.31302202855366157,0.29847311328811632,-0.014548915265545248,0.33608692885134228,0.32365797409117514,-0.012428954760167144,0.023064900297680713,0.16631944444444444
74,0.34999999999999998,0.83017025462962957,0.17332809629896018,0.27112032744850978,0.26413319783049027,-0.0069871296180195053,0.26992869172144784,0.27440105099308476,0.0044723592716369165,-0.0011916357270619349,0.1595138888888889
75,0.34999999999999998,0.84003900462962955,0.27266462860110185,0.34195898130504665,0.34060085816155738,-0.0013581231434892649,0.39989941505453086,0.39536048679120617,-0.004538928263324693,0.05794043374948421,0.16483333333333333
76,0.34999999999999998,0.85598287037037046,0.21525559211603262,0.31478819702248673,0.32558058038162696,0.010792383359140234,0.30802570018589859,0.30565104662966969,-0.0023746535562289006,-0.0067624968365881388,0.16629166666666667
77,0.34999999999999998,0.85360069444444442,0.21231228440682781,0.25109751265029623,0.2588218498017365,0.0077243371514402748,0.25558589792872821,0.24073189320651411,-0.014854004722214098,0.0044883852784319833,0.17069444444444445
78,0.34999999999999998,0.84773819444444454,0.25422414496097745,0.37365879837981419,0.35307699202740872,-0.020581806352405474,0.35315267462058175,0.3715472223340458,0.018394547713464049,-0.020506123759232442,0.16702777777777778
79,0.34999999999999998,0.83660219907407407,0.18345901653545404,0.29367533064684348,0.26381542367951039,-0.029859906967333094,0.31542461026070978,0.32473985262315064,0.0093152423624408565,0.021749279613866301,0.15604166666666666
80,0.34999999999999998,0.84461747685185184,0.29806214545721288,0.25274398865296288,0.2611413161756152,0.0083973275226523203,0.29521985967578124,0.2997655757577623,0.004545716081981066,0.042475871022818357,0.16931944444444444
81,0.34999999999999998,0.83528715277777776,0.15871937112001411,0.26418718909572159,0.2789190410407415,0.014731851945019914,0.27151827171313592,0.27327573227355806,0.0017574605604221416,0.0073310826174143306,0.16406944444444443
82,0.34999999999999998,0.85186828703703699,0.31362147046318889,0.37815255209542464,0.37094237852881295,-0.0072101735666116884,0.40869333984947798,0.40105408275550403,-0.0076392570939739501,0.030540787754053333,0.16793055555555556
83,0.34999999999999998,0.85122048611111112,0.25189824829589114,0.27595346736932469,0.28306572259544494,0.0071122552261202454,0.32357301452025711,0.32882445724768972,0.0052514427274326092,0.047619547150932418,0.17268055555555556
84,0.34999999999999998,0.84574143518518508,0.42554497896254628,0.44010697464392423,0.43859374171765109,-0.0015132329262731448,0.43634467932162591,0.43719278530933436,0.00084810598770845846,-0.0037622953222983258,0.16369444444444445
85,0.34999999999999998,0.85538854166666667,0.27771279704761453,0.31877993406305971,0.30954763977660693,-0.0092322942864527802,0.34037442354597702,0.34612706445539032,0.005752640909413298,0.021594489482917312,0.168875
86,0.34999999999999998,0.82962939814814829,0.23266084544880794,0.31817480185843272,0.31655358460719774,-0.0016212172512349854,0.33591991350495853,0.33560880406642279,-0.00031110943853573936,0.017745111646525813,0.15713888888888888
87,0.34999999999999998,0.84085763888888876,0.040629172029340133,0.13024311748183048,0.13321682469819529,0.0029737072163648071,0.19707984268895906,0.19362835725099414,-0.0034514854379649185,0.066836725207128578,0.15608333333333332
88,0.34999999999999998,0.84678333333333333,0.39897504474424683,0.43988892571685634,0.44031466106405226,0.00042573534719592132,0.53049014657064997,0.52295983446744809,-0.0075303121032018749,0.090601220853793629,0.15894444444444444
89,0.34999999999999998,0.83162939814814818,0.25546978038852797,0.3454041385815283,0.33031700431728739,-0.015087134264240909,0.36314999888143107,0.36833164662394935,0.0051816477425182805,0.017745860299902771,0.16233333333333333
90,0.34999999999999998,0.84604826388888899,0.3114753569224652,0.28447030604410417,0.28292354779487938,-0.0015467582492247889,0.31725888707265082,0.31767186877961628,0.0004129817069654651,0.032788581028546648,0.15990277777777778
91,0.34999999999999998,0.86447766203703702,0.16060389504403283,0.21705037824884688,0.20201851353588596,-0.015031864712960918,0.24057613915423293,0.22411116328512704,-0.016464975869105891,0.023525760905386051,0.1721111111111111
92,0.34999999999999998,0.8344145833333334,0.36697137186374551,0.32112723011955058,0.33215080196328284,0.011023571843732261,0.41826594772411185,0.40936960683508972,-0.0088963408890221363,0.097138717604561275,0.15412500000000001
93,0.34999999999999998,0.83116851851851858,0.16857630641163235,0.44975830893899771,0.46285048970733766,0.013092180768339956,0.42524539843013764,0.42692598682841265,0.0016805883982750069,-0.024512910508860064,0.14919444444444444
94,0.34999999999999998,0.85824849537037029,0.22364787188126389,0.35605835042458223,0.3491020691931116,-0.006956281231470629,0.38902194648774058,0.3778177273180795,-0.011204219169661078,0.032963596063158351,0.16947222222222222
95,0.34999999999999998,0.82235671296296287,0.18763641351214533,0.25484089446982583,0.24385508996736283,-0.010985804502463004,0.31041170070495283,0.30795495763821479,-0.002456743066738043,0.055570806235127002,0.15719444444444444
96,0.34999999999999998,0.84411736111111113,0.27550618939825322,0.38296950936155605,0.37922228520491197,-0.00374722415664408,0.35357322225685706,0.34665389174081163,-0.0069193305160454299,-0.029396287104698993,0.15925
97,0.34999999999999998,0.84309444444444448,0.34303502300153932,0.29869125059571267,0.31607175862248804,0.017380508026775376,0.36844676739968862,0.3632327946553755,-0.0052139727443131223,0.069755516803975959,0.16012499999999999
98,0.34999999999999998,0.82744780092592585,0.3052594103541012,0.32700919775139792,0.33917672122189402,0.0121675234704961,0.35771521000103768,0.36380850622438765,0.0060932962233499754,0.030706012249639758,0.15722222222222224
99,0.34999999999999998,0.82857928240740752,0.10033709422051806,0.25118853969435251,0.24133092378201293,-0.009857615912339579,0.22855274118980051,0.2320286925881514,0.003475951398350885,-0.022635798504551996,0.15716666666666668
0,0.40000000000000002,0.88424004629629627,0.19281279598623124,0.30386228469694732,0.28687382858420296,-0.016988456112744355,0.30412106047961496,0.31243350741272136,0.0083124469331063988,0.00025877578266764178,0.19443055555555555
1,0.40000000000000002,0.84277824074074081,0.41185003225152628,0.38505167553987751,0.38775059333326023,0.0026989177933827158,0.37219109510236348,0.37894913025884402,0.0067580351564805463,-0.012860580437514035,0.17502777777777778
2,0.40000000000000002,0.86711018518518512,0.31366534083776376,0.33754179861646039,0.33287707596191918,-0.004664722654541209,0.33307355838343822,0.34387578575448396,0.010802227371045747,-0.0044682402330221693,0.17636111111111111
3,0.40000000000000002,0.85947442129629625,0.16456864570630081,0.20677251738250857,0.2031734715649961,-0.0035990458175124695,0.22103579273658835,0.21414179374474807,-0.0068939989918402889,0.014263275354079785,0.17551388888888889
4,0.40000000000000002,0.85336678240740749,0.16680897873587563,0.21773836856480921,0.20775110269154173,-0.0099872658732674813,0.2313134575715694,0.24307347449866257,0.011760016927093164,0.013575089006760188,0.17131944444444444
5,0.40000000000000002,0.88290717592592582,0.23153140333591293,0.39583112466886583,0.38697601147877114,-0.0088551131900946878,0.36750514711583993,0.3717812689490817,0.004276121833241775,-0.028325977553025905,0.1834861111111111
6,0.40000000000000002,0.86876435185185186,0.062754157025641133,0.19623567240592921,0.18082657069894348,-0.015409101706985728,0.21335169830148093,0.21792434337682032,0.0045726450753393877,0.017116025895551723,0.18902777777777777
7,0.40000000000000002,0.85515381944444435,0.30685082710774791,0.3553852775922961,0.34545792657476315,-0.0099273510175329482,0.40804348132416624,0.39141004957614622,-0.016633431748020011,0.052658203731870135,0.17995833333333333
8,0.40000000000000002,0.86198969907407397,0.32259226590506695,0.36119990216602449,0.35935498939723987,-0.0018449127687846234,0.37572331568480388,0.38800838420307293,0.012285068518269049,0.014523413518779393,0.17056944444444444
9,0.40000000000000002,0.88156574074074079,0.20259257921842699,0.31072681260731327,0.29626677700141835,-0.014460035605894928,0.34295757451088182,0.33467900746975321,-0.008278567041128615,0.03223076190356855,0.18468055555555554
10,0.40000000000000002,0.8711113425925926,0.39475442334285349,0.36387450509617592,0.3707370488369901,0.0068625437408141865,0.33556880532414379,0.33730760974855523,0.0017388044244114331,-0.028305699772032122,0.17516666666666666
11,0.40000000000000002,0.84376597222222227,0.32020546144002793,0.30609108434347587,0.30919919955845943,0.0031081152149835534,0.36626326456218761,0.35963405850127605,-0.0066292060609115522,0.060172180218711735,0.17070833333333332
12,0.40000000000000002,0.86372407407407403,0.2003121205945142,0.31213949747164571,0.31156519487763146,-0.00057430259401425321,0.34269846342334231,0.34135479004797686,-0.0013436733753654506,0.030558965951696604,0.17304166666666668
13,0.40000000000000002,0.8783939814814814,0.14674540998536723,0.29009014963620805,0.30784651379410732,0.017756364157899274,0.28850059858785093,0.28485966303092869,-0.0036409355569222424,-0.0015895510483571185,0.18476388888888889
14,0.40000000000000002,0.85471203703703702,0.086321376989443976,0.28206302167661002,0.28596255791984615,0.0038995362432361347,0.34047292846025701,0.3405447569037755,7.182844351849571e-05,0.058409906783646992,0.17904166666666665
15,0.40000000000000002,0.87136817129629629,0.17643046547727226,0.23149177380651809,0.22931903385205099,-0.0021727399544670956,0.26610539826523794,0.26318445464782303,-0.0029209436174149062,0.034613624458719849,0.176375
16,0.40000000000000002,0.88549965277777787,0.30566348834362889,0.25047576615711742,0.25028077142878535,-0.00019499472833206521,0.30082122834021963,0.29689940964804762,-0.0039218186921720077,0.050345462183102208,0.19275
17,0.40000000000000002,0.87901215277777778,0.092898447226000269,0.082084248700404205,0.065603022532873423,-0.016481226167530783,0.10279357664644573,0.10249431589452129,-0.00029926075192443502,0.020709327946041522,0.17958333333333334
18,0.40000000000000002,0.85859571759259257,0.17125858568101571,0.1905457944543516,0.16787902804408084,-0.022666766410270767,0.24444668223368948,0.2347376272008409,-0.0097090550328485792,0.05390088777933788,0.17249999999999999
19,0.40000000000000002,0.85997291666666664,0.15288087983472853,0.28507478671592812,0.29607423044088577,0.010999443724957647,0.28915452602467206,0.29475253398620749,0.0055980079615354228,0.004079739308743946,0.17573611111111112
20,0.40000000000000002,0.86821400462962972,0.30376085255186058,0.25655639656801688,0.25994200771385656,0.0033856111458396843,0.22618237528259488,0.23479442021054253,0.0086120449279476485,-0.030374021285421993,0.17745833333333333
21,0.40000000000000002,0.87766354166666671,0.11896706007422753,0.29895486922324666,0.28950009026004875,-0.0094547789631979073,0.30339627656913759,0.3063587804734762,0.0029625039043386092,0.0044414073458909353,0.18927777777777777
22,0.40000000000000002,0.8531960648148148,0.29422287847719009,0.36260896555261612,0.35089232094628575,-0.011716644606330373,0.43244862192711053,0.42199338811718401,-0.010455233809926523,0.069839656374494408,0.17583333333333334
23,0.40000000000000002,0.85553310185185183,0.21155664198960067,0.25649962883518795,0.27081069216993969,0.014311063334751739,0.33577440377874035,0.34599662993934488,0.010222226160604531,0.079274774943552395,0.17176388888888888
24,0.40000000000000002,0.87048101851851856,0.27062981987007129,0.42231329685353602,0.44316564363260125,0.020852346779065223,0.43719930743400892,0.42837856619032177,-0.0088207412436871468,0.014886010580472897,0.18547222222222223
25,0.40000000000000002,0.86244849537037027,0.35343593352652725,0.283292543068148,0.28078677952542352,-0.0025057635427244707,0.29817999495258274,0.30073665622868195,0.0025566612760992147,0.014887451884434744,0.17948611111111112
26,0.40000000000000002,0.87143611111111108,0.19887835687036914,0.2851840063129053,0.27321378104547667,-0.011970225267428636,0.33927277068808159,0.3210927189850572,-0.018180051703024391,0.05408876437517629,0.18147222222222223
27,0.40000000000000002,0.87361377314814825,0.17085662096272769,0.18460506100043972,0.16964901515670172,-0.014956045843737997,0.26936015560747462,0.25479657083115181,-0.014563584776322802,0.084755094607034898,0.1783888888888889
28,0.40000000000000002,0.86989108796296299,0.17601416809221682,0.37110513895127784,0.35585226911503098,-0.015252869836246852,0.38835152032518205,0.3871621066340345,-0.0011894136911475561,0.017246381373904218,0.18101388888888889
29,0.40000000000000002,0.85714016203703702,0.18625560917834139,0.16243032230843291,0.15325998098553129,-0.0091703413229016206,0.23119294670991097,0.22191023615848537,-0.0092827105514255992,0.068762624401478067,0.18076388888888889
30,0.40000000000000002,0.85453912037037039,0.21456007135167754,0.30118455106413977,0.30304875932547704,0.0018642082613372635,0.29807581254652138,0.30689298281175026,0.0088171702652288797,-0.0031087385176183924,0.174125
31,0.40000000000000002,0.8646910879629629,0.11466162728080065,0.25389141867091936,0.24460232288749961,-0.009289095783419743,0.23941145663304764,0.24488247801457752,0.0054710213815298836,-0.014479962037871719,0.17452777777777778
32,0.40000000000000002,0.85395231481481482,0.3660778486650107,0.38639379158503451,0.37818127838183613,-0.0082125132031983794,0.42159676842352434,0.40983491791957505,-0.011761850503949289,0.03520297683848983,0.17306944444444444
33,0.40000000000000002,0.88428854166666671,0.10121893214004385,0.23896541018052386,0.22965082308472429,-0.0093145870957995758,0.27434771196026175,0.2675617836181281,-0.0067859283421336514,0.03538230177973789,0.20340277777777777
34,0.40000000000000002,0.87806284722222239,0.3881719635125972,0.42839829291539711,0.4343035439027978,0.0059052509874006898,0.48360024304502736,0.4782164044406142,-0.0053838386044131603,0.055201950129630251,0.18011111111111111
35,0.40000000000000002,0.86962812500000009,0.13574752882978702,0.21939676774843098,0.19737233976017599,-0.022024427988254991,0.25689797910805368,0.2492979613699261,-0.0076000177381275735,0.037501211359622699,0.16879166666666667
36,0.40000000000000002,0.83845462962962969,0.282413211659157,0.28856978590858451,0.26385161691632264,-0.024718168992261869,0.32168985281168327,0.30059276376109956,-0.021097089050583717,0.033120066903098766,0.1693611111111111
37,0.40000000000000002,0.88526215277777764,0.34072143296937174,0.24263805159153085,0.25083560037642538,0.0081975487848945372,0.26787430562204495,0.27821853764875726,0.010344232026712308,0.025236254030514105,0.1917638888888889
38,0.40000000000000002,0.88298425925925927,0.17839346238498255,0.29639750942241028,0.29827500088037451,0.001877491457964231,0.29097126606701385,0.28540170199053261,-0.0055695640764812371,-0.0054262433553964318,0.1844861111111111
39,0.40000000000000002,0.87325856481481479,0.014995844916299905,0.27217254701931948,0.26618580109301848,-0.0059867459263009959,0.19708852884828576,0.19311244719749721,-0.0039760816507885544,-0.075084018171033717,0.18630555555555556
40,0.40000000000000002,0.86696956018518534,0.20545048778871422,0.3528781899342448,0.33349490548529248,-0.01938328444895232,0.38026529518915753,0.36903812137544945,-0.01122717381370808,0.027387105254912725,0.18672222222222223
41,0.40000000000000002,0.89366030092592597,0.11116482906208514,0.22394507113035156,0.21289311988613635,-0.011051951244215208,0.23943791738764819,0.23181861118304714,-0.0076193062046010507,0.015492846257296633,0.18702777777777777
42,0.40000000000000002,0.86120729166666665,0.34341190959254142,0.38512019996638847,0.40230448304385391,0.017184283077465445,0.38762972853909494,0.38885215564317943,0.0012224271040844892,0.0025095285727064764,0.17965277777777777
43,0.40000000000000002,0.86899675925925923,0.22314891344605248,0.30754246500101745,0.29321288832629955,-0.014329576674717903,0.3249614056562744,0.32319459034899822,-0.0017668153072761816,0.017418940655256954,0.16834722222222223
44,0.40000000000000002,0.85531226851851849,0.23999952594023488,0.2663603196920612,0.27159207450038403,0.0052317548083228305,0.312697398241503,0.3102035394352356,-0.0024938588062674016,0.046337078549441801,0.17804166666666665
45,0.40000000000000002,0.86983229166666665,0.33028429835636031,0.25151012622538671,0.25756199838995397,0.0060518721645672624,0.31810733948925185,0.30918499828627055,-0.0089223412029812987,0.06659721326386514,0.18331944444444445
46,0.40000000000000002,0.86985891203703714,0.37467253909167064,0.30702060102141038,0.31276430171780756,0.0057437006963971804,0.33642542403205922,0.34163800759309904,0.0052125835610398186,0.02940482301064884,0.18402777777777779
47,0.40000000000000002,0.85952696759259251,0.2128236311583046,0.24852419401129011,0.25823723746262994,0.0097130434513398312,0.24347696071029246,0.24418459300406337,0.00070763229377091008,-0.0050472333009976555,0.18588888888888888
48,0.40000000000000002,0.85414386574074086,0.27105924581732144,0.3097782898128153,0.30409787881737604,-0.0056804109954392557,0.30120796304278974,0.30701919118719978,0.0058112281444100411,-0.0085703267700255603,0.17479166666666668
49,0.40000000000000002,0.86911388888888885,0.16273780574599916,0.28727723427751561,0.29076943407363454,0.0034921997961189222,0.33303900798298525,0.34411076699184096,0.011071759008855708,0.045761773705469633,0.1855
50,0.40000000000000002,0.8679944444444444,0.29036146182715705,0.29056412007490318,0.29362517398243126,0.0030610539075280885,0.34806512194592631,0.34844628695520452,0.00038116500927820596,0.057501001871023139,0.18141666666666667
51,0.40000000000000002,0.86093506944444442,0.30345172801705766,0.34320971867681593,0.34311300534155798,-9.6713335257958555e-05,0.38349607851527812,0.3816001576447704,-0.0018959208705077168,0.040286359838462182,0.17748611111111112
52,0.40000000000000002,0.85541145833333332,0.16566399592067971,0.23095459859259571,0.22760840147955486,-0.0033461971130408497,0.24049144219520358,0.24786838707489678,0.0073769448796932036,0.0095368436026078696,0.17168055555555556
53,0.40000000000000002,0.86826319444444466,0.24990928588867289,0.28255924066465687,0.28548097005495188,0.0029217293902950026,0.33834762249050843,0.34254090202555942,0.0041932795350509977,0.055788381825851552,0.18315277777777778
54,0.40000000000000002,0.87621840277777763,0.23725340921415494,0.20026419614316981,0.21713901389879287,0.016874817755623051,0.28580121344642295,0.29874385950147131,0.012942646055048357,0.085537017303253138,0.18158333333333335
55,0.40000000000000002,0.87070173611111112,0.37039385180292217,0.37373770965546516,0.38145672239484629,0.007719012739381137,0.37433147155987789,0.37875104048653141,0.0044195689266535165,0.00059376190441273735,0.18272222222222223
56,0.40000000000000002,0.88287581018518535,0.20563074546139026,0.26776056318590036,0.26662475324486024,-0.0011358099410401223,0.28627433587343643,0.26651676963304338,-0.019757566240393043,0.018513772687536068,0.20145833333333332
57,0.40000000000000002,0.8635800925925925,0.4091484609868512,0.31311577618679232,0.31042670862189559,-0.0026890675648967299,0.36230265696698971,0.36369115411607544,0.0013884971490857323,0.049186880780197395,0.17404166666666668
58,0.40000000000000002,0.88172233796296284,0.25029729616605112,0.24597323294697393,0.23169332937726927,-0.014279903569704655,0.34115004689873341,0.32757664948694265,-0.013573397411790755,0.095176813951759476,0.18472222222222223
59,0.40000000000000002,0.86247037037037044,0.32984976760681217,0.31261948635964498,0.32156386816834348,0.0089443818086984983,0.36367862089237679,0.36694639955933184,0.0032677786669550457,0.051059134532731809,0.18293055555555557
60,0.40000000000000002,0.88341967592592585,0.091227391264201874,0.25473184431639539,0.26299528374301484,0.0082634394266194455,0.23410005642618326,0.2080568466915983,-0.02604320973458496,-0.020631787890212139,0.18752777777777777
61,0.40000000000000002,0.86326909722222245,0.31274870385778553,0.31843505749667289,0.31085839902495327,-0.0075766584717196217,0.37509421554563116,0.35630804247011305,-0.018786173075518109,0.056659158048958269,0.17279166666666668
62,0.40000000000000002,0.87237037037037035,0.25606067426046408,0.21842942095563445,0.23984313304147109,0.021413712085836645,0.22144672328569037,0.21692379699550512,-0.0045229262901852474,0.0030173023300559265,0.17868055555555556
63,0.40000000000000002,0.87632256944444442,0.30177013056557656,0.34852353624529286,0.3382938797514472,-0.010229656493845662,0.47859266463844907,0.47480509477943966,-0.0037875698590094098,0.13006912839315621,0.17937500000000001
64,0.40000000000000002,0.86893668981481487,0.12058525295339717,0.23787651589822001,0.24097464393924561,0.0030981280410256051,0.23772591672465071,0.2365653942548277,-0.001160522469823011,-0.00015059917356929908,0.18294444444444444
65,0.40000000000000002,0.87872476851851855,0.20421563884688543,0.31208787205101629,0.31468867553334712,0.0026008034823308268,0.342994643104929,0.33602841880021117,-0.0069662243047178274,0.030906771053912707,0.18680555555555556
66,0.40000000000000002,0.86563124999999996,0.33426947940512375,0.3710236752492142,0.36945717893782104,-0.0015664963113931618,0.38347512298727249,0.39051759892744087,0.0070424759401683801,0.012451447738058286,0.18761111111111112
67,0.40000000000000002,0.85630497685185192,0.13250799123466228,0.27862084601098103,0.28278351664437873,0.0041626706333977026,0.31389320529810016,0.29653476429433856,-0.017358441003761604,0.035272359287119137,0.16969444444444445
68,0.40000000000000002,0.87289756944444452,0.23703547155696969,0.270990515588027,0.26841029308838182,-0.0025802224996451795,0.28831591914659738,0.29588038117346793,0.0075644620268705554,0.017325403558570374,0.19293055555555555
69,0.40000000000000002,0.86231111111111114,0.32100171480645845,0.4573119719033486,0.44173622584441496,-0.015575746058933637,0.42508977716547203,0.42115327035972816,-0.0039365068057438668,-0.032222194737876575,0.17295833333333333
70,0.40000000000000002,0.85876469907407404,0.2476067822399266,0.28069753444954559,0.29845150460120151,0.017753970151655918,0.35951965746047054,0.34541360451152958,-0.014106052948940961,0.078822123010924949,0.17654166666666668
71,0.40000000000000002,0.85903715277777781,0.31595758750606506,0.36318808685129678,0.36885942444669739,0.0056713375954006162,0.36981761834620863,0.36384712075196479,-0.0059704975942438399,0.0066295314949118556,0.17858333333333334
72,0.40000000000000002,0.87728877314814824,0.2038339841789133,0.26082804142252725,0.25939854603697932,-0.0014294953855479298,0.32325618453890237,0.3171825236355591,-0.0060736609033432698,0.062428143116375123,0.1869861111111111
73,0.40000000000000002,0.86070474537037034,0.28067984439667726,0.36818802971050002,0.37302944499337187,0.0048414152828718526,0.37851252918455813,0.37947520011911262,0.00096267093455448816,0.010324499474058113,0.17624999999999999
74,0.40000000000000002,0.85396770833333324,0.014842806487354365,0.20075957086398377,0.20100602456850236,0.00024645370451858994,0.22961941077333192,0.23659353694905039,0.0069741261757184647,0.028859839909348151,0.16625000000000001
75,0.40000000000000002,0.85749004629629633,0.23236804680211942,0.28699142679948231,0.27952099905281924,-0.0074704277466630664,0.34479982915353902,0.35171794863830053,0.0069181194847615091,0.057808402354056709,0.17624999999999999
76,0.40000000000000002,0.8575983796296297,0.22297459417490362,0.25096165690734351,0.25564389543887533,0.0046822385315318238,0.29331397819946703,0.28835708941839189,-0.0049568887810751416,0.042352321292123518,0.1678611111111111
77,0.40000000000000002,0.85859305555555565,0.12617921646201657,0.24844584384069035,0.23860245721680828,-0.0098433866238820666,0.3137472461294355,0.3129387786206177,-0.00080846750881780061,0.065301402288745147,0.17622222222222222
78,0.40000000000000002,0.84370833333333339,0.35138488313352922,0.30609975863097616,0.32099909023115447,0.014899331600178312,0.335044103008033,0.31859438447387434,-0.016449718534158664,0.028944344377056841,0.16588888888888889
79,0.40000000000000002,0.87079675925925926,0.15507437909618893,0.21641469226654297,0.19667540904343839,-0.019739283223104587,0.25163325464994168,0.25220466199086844,0.00057140734092675505,0.03521856238339871,0.18140277777777777
80,0.40000000000000002,0.87022824074074068,0.34417922402874213,0.26485511706818776,0.25738275954742829,-0.0074723575207594761,0.30382489038408811,0.32467340016801205,0.020848509783923941,0.038969773315900347,0.18370833333333333
81,0.40000000000000002,0.8768872685185185,0.14051126148085935,0.18858283236271156,0.18973676514969584,0.0011539327869842797,0.28933421462127384,0.29594635783698608,0.0066121432157122406,0.10075138225856228,0.18795833333333334
82,0.40000000000000002,0.86902025462962962,0.28976988530974457,0.23557506957921859,0.2446891312508972,0.0091140616716786083,0.31611159201154782,0.30378815483026467,-0.012323437181283148,0.080536522432329227,0.18558333333333332
83,0.40000000000000002,0.8799644675925925,0.27405087407977946,0.27035652817578737,0.27617175802560989,0.005815229849822523,0.22415985600830024,0.21520019725939032,-0.0089596587489099155,-0.046196672167487129,0.18530555555555556
84,0.40000000000000002,0.86595520833333328,0.37619004641190457,0.31519586200669947,0.32532915965925469,0.010133297652555218,0.37600234128300203,0.37366557711610804,-0.0023367641668939898,0.060806479276302561,0.17622222222222222
85,0.40000000000000002,0.8644969907407406,0.16342192627906882,0.19727542605990322,0.18474800484782372,-0.012527421212079504,0.26313399573035845,0.24654698616065951,-0.016587009569698941,0.065858569670455225,0.17837500000000001
86,0.40000000000000002,0.85050879629629639,0.26225132259449457,0.14811786224102819,0.14720594437192502,-0.00091191786910316264,0.24477159288925421,0.25892857591589269,0.014156983026638481,0.096653730648226022,0.17580555555555555
87,0.40000000000000002,0.86643969907407425,0.29742290715645348,0.30805610921563631,0.2987862073280414,-0.0092699018875949113,0.36339872504476933,0.3544596322976955,-0.0089390927470738291,0.055342615829133024,0.17577777777777778
88,0.40000000000000002,0.87754699074074072,0.21647110660316737,0.16936636668679073,0.15633847699194636,-0.013027889694844363,0.19709787807440249,0.21448282175049316,0.017384943676090669,0.027731511387611762,0.17729166666666665
89,0.40000000000000002,0.86207592592592597,0.25623136266679525,0.26478444413268731,0.25234636764594398,-0.012438076486743332,0.24326959626059175,0.22731914506999296,-0.015950451190598791,-0.021514847872095566,0.18165277777777777
90,0.40000000000000002,0.86904328703703693,0.37331191534451491,0.36574839642362278,0.33611535448874053,-0.029633041934882254,0.37703673296238038,0.39525756997096295,0.018220837008582569,0.011288336538757604,0.17590277777777777
91,0.40000000000000002,0.86715671296296293,0.24706066758513612,0.18311703638481103,0.19192758613300254,0.0088105497481915096,0.27349269924883612,0.28710853189744279,0.013615832648606663,0.090375662864025097,0.17408333333333334
92,0.40000000000000002,0.86974629629629641,0.23527971794354985,0.28633723780157028,0.27863559179903397,-0.0077016460025363109,0.28371279822177842,0.29025019485091264,0.0065373966291342178,-0.0026244395797918596,0.18179166666666666
93,0.40000000000000002,0.88896747685185185,0.37160913972286802,0.25385729096311049,0.26329066446980443,0.0094333735066939317,0.34838712923134219,0.35581340244107129,0.0074262732097291062,0.094529838268231692,0.18980555555555556
94,0.40000000000000002,0.8899797453703705,0.17404176910099078,0.2361132041167886,0.24731080364322222,0.011197599526433621,0.28730169629550217,0.30043367819298628,0.013131981897484102,0.051188492178713574,0.19555555555555557
95,0.40000000000000002,0.87350081018518511,0.24880083424700727,0.34419128687414446,0.3476700235551603,0.0034787366810158371,0.36376424949070585,0.35430640811880398,-0.009457841371901865,0.019572962616561385,0.18320833333333333
96,0.40000000000000002,0.87316736111111115,0.2497794431441922,0.33333559908090293,0.31491894668821296,-0.018416652392689969,0.36806756198970936,0.36525050232192557,-0.0028170596677837834,0.034731962908806424,0.18127777777777779
97,0.40000000000000002,0.86298854166666672,0.12333114936141498,0.21821612047835359,0.2282121269545857,0.009996006476232111,0.22174989831785075,0.20041643846162205,-0.021333459856228698,0.0035337778394971542,0.18036111111111111
98,0.40000000000000002,0.86829675925925931,0.27743637456372539,0.30587568984828273,0.31371530343488074,0.0078396135865980154,0.38884243831845133,0.39432817578491808,0.0054857374664667446,0.082966748470168605,0.17872222222222223
99,0.40000000000000002,0.85363020833333325,0.15725522216531107,0.28544641207175181,0.26848858198018599,-0.016957830091565818,0.27719946466882117,0.27855047999633986,0.0013510153275186898,-0.0082469474029306378,0.17874999999999999
0,0.45000000000000001,0.88889444444444443,0.25187963055062268,0.27485953201669344,0.27658016437147037,0.0017206323547769298,0.31538248703126437,0.31649977320251121,0.0011172861712468452,0.040522955014570927,0.19829166666666667
1,0.45000000000000001,0.89765497685185192,0.34209197984610018,0.25251284306661936,0.22151580699538298,-0.030997036071236383,0.3033077173127795,0.31670439470905221,0.013396677396272705,0.050794874246160138,0.19773611111111111
2,0.45000000000000001,0.87813055555555553,0.2606439688403337,0.3470605823772519,0.35245482388271276,0.0053942415054608617,0.34655359487911253,0.33676964874566662,-0.0097839461334459088,-0.00050698749813937738,0.19173611111111111
3,0.45000000000000001,0.87216076388888897,0.25803606512880883,0.27119690410710895,0.26113852700380547,-0.010058377103303484,0.29678797098258458,0.2933713563690814,-0.0034166146135031772,0.025591066875475632,0.20129166666666667
4,0.45000000000000001,0.88873692129629633,0.16683533760602143,0.35436268110210578,0.34173130891068626,-0.012631372191419521,0.36987460181508924,0.37609261931062132,0.0062180174955320799,0.015511920712983462,0.20097222222222222
5,0.45000000000000001,0.90046805555555565,0.20388392956042611,0.1542961807494192,0.1547173688665352,0.00042118811711600035,0.22645760494532596,0.2318757322266819,0.0054181272813559334,0.072161424195906765,0.19595833333333335
6,0.45000000000000001,0.87728067129629628,0.24718079630323675,0.40313865725754205,0.39378460795045489,-0.0093540493070871644,0.41976706072877046,0.41609005082792139,-0.0036770099008490709,0.016628403471228403,0.19347222222222221
7,0.45000000000000001,0.8819390046296296,0.16307238512507094,0.2883849978556976,0.29041925314387973,0.0020342552881821296,0.29451525201439799,0.29107768817570623,-0.0034375638386917595,0.0061302541587003878,0.19848611111111111
8,0.45000000000000001,0.89673287037037042,0.1492657986789887,0.29115498965607955,0.29421264775008438,0.0030576580940048226,0.30262476386765713,0.30426101249069493,0.0016362486230377948,0.011469774211577577,0.19750000000000001
9,0.45000000000000001,0.89606018518518515,0.33781669315384155,0.31676253322554737,0.30433003342033815,-0.012432499805209218,0.36258944531123727,0.36008012911004206,-0.0025093162011952108,0.045826912085689897,0.18555555555555556
10,0.45000000000000001,0.89413726851851838,0.25967856504072928,0.19803690322693457,0.18416678185733848,-0.013870121369596089,0.33219825436483374,0.31619623487644299,-0.016002019488390751,0.13416135113789918,0.19998611111111111
11,0.45000000000000001,0.89252638888888891,0.17090917637829983,0.15941584101580919,0.1642273764874409,0.0048115354716317116,0.16600551860456558,0.15438301300527635,-0.011622505599289235,0.006589677588756393,0.20815277777777777
12,0.45000000000000001,0.89238136574074067,0.38171680738214453,0.29109053514788763,0.2991554067938158,0.0080648716459281733,0.42807204516961928,0.41164576091378857,-0.016426284255830703,0.13698151002173165,0.19627777777777777
13,0.45000000000000001,0.85393611111111112,0.31165327375496454,0.36369860541930088,0.3720407868825254,0.0083421814632245184,0.36161382112928142,0.36197357993818302,0.00035975880890160017,-0.0020847842900194591,0.18344444444444444
14,0.45000000000000001,0.89535868055555545,0.15067575559563828,0.2180458706003231,0.21203938334848016,-0.0060064872518429402,0.22703964133445165,0.24138044216534238,0.014340800830890732,0.0089937707341285478,0.19856944444444444
15,0.45000000000000001,0.88669189814814808,0.37568335860917468,0.29396650668941127,0.28062450583610155,-0.013342000853309721,0.30591530736432149,0.31044572253888147,0.0045304151745599874,0.01194880067491022,0.20370833333333332
16,0.45000000000000001,0.90101307870370373,0.24661188135072154,0.28740699917190826,0.28812688192724034,0.00071988275533207968,0.33018688695774634,0.33317339185181727,0.0029865048940709293,0.042779887785838078,0.19700000000000001
17,0.45000000000000001,0.90723425925925927,0.20284058722517273,0.32183966132841746,0.32020072583915504,-0.0016389354892624164,0.3830200046212453,0.38814500135817287,0.0051249967369275673,0.061180343292827843,0.20456944444444444
18,0.45000000000000001,0.90585254629629619,0.18126200267247783,0.17794924781854304,0.19065425120659918,0.012705003388056135,0.27902136932786537,0.29994325742033101,0.020921888092465646,0.10107212150932232,0.20774999999999999
19,0.45000000000000001,0.87891030092592592,0.31090022442459986,0.29205252340325061,0.28541201876688127,-0.0066405046363693376,0.2724588295596827,0.26451821972393152,-0.0079406098357511778,-0.019593693843567905,0.19902777777777778
20,0.45000000000000001,0.90687662037037031,0.20625362560719029,0.26009647270808489,0.25255720404502291,-0.0075392686630619821,0.30528558044206333,0.30157527463751721,-0.0037103058045461212,0.04518910773397844,0.21384722222222222
21,0.45000000000000001,0.89000439814814813,0.37452479334644329,0.31768083477822417,0.30471352059555001,-0.012967314182674161,0.3551683617703395,0.35281587710806361,-0.0023524846622758888,0.037487526992115328,0.19448611111111111
22,0.45000000000000001,0.88749780092592589,0.093723234471665084,0.11241847455004095,0.11888224081830578,0.0064637662682648367,0.17272436708173078,0.1669036463994249,-0.0058207206823058799,0.060305892531689831,0.20143055555555556
23,0.45000000000000001,0.88704872685185199,0.247017515687592,0.19332344316383809,0.140039503801478,-0.053283939362360089,0.31686664153138011,0.33170336244724608,0.014836720915865964,0.12354319836754202,0.1887361111111111
24,0.45000000000000001,0.88966203703703695,0.31754978445494131,0.29386326271617536,0.31650834141714146,0.022645078700966104,0.34783460574564673,0.34453024770125362,-0.0033043580443931075,0.053971343029471375,0.20397222222222222
25,0.45000000000000001,0.91723229166666664,0.18895660587211371,0.23225307508838944,0.25114377532900833,0.018890700240618896,0.37875656866112772,0.37321928201125354,-0.0055372866498741846,0.14650349357273829,0.21274999999999999
26,0.45000000000000001,0.90128807870370364,0.15884393947399056,0.16521141373939319,0.1551813905960433,-0.010030023143349887,0.18824752676607059,0.18875497237115679,0.00050744560508619863,0.023036113026677407,0.2021111111111111
27,0.45000000000000001,0.89323125000000003,0.25550471372644368,0.26317228208370635,0.24644846436412648,-0.01672381771957987,0.3145220505005577,0.30581918974446964,-0.00870286075608806,0.051349768416851349,0.19416666666666665
28,0.45000000000000001,0.88370520833333333,0.14430313757560698,0.29504164089670426,0.28887469725330817,-0.0061669436433960945,0.32304774150747029,0.32172262316389788,-0.0013251183435724068,0.028006100610766027,0.19140277777777778
29,0.45000000000000001,0.88849131944444448,0.13505882014482107,0.24303279858735305,0.23629844518757193,-0.0067343533997811234,0.29901668159360739,0.27536344764315956,-0.023653233950447827,0.055983883006254342,0.19901388888888888
30,0.45000000000000001,0.8951979166666667,0.031332647195652097,0.18688151945453291,0.20423295406526842,0.017351434610735517,0.24683765194314011,0.23173805479737219,-0.015099597145767918,0.059956132488607206,0.19933333333333333
31,0.45000000000000001,0.89410613425925922,0.32641555574373493,0.19267333005373199,0.19988163928572267,0.0072083092319906727,0.28241740028787898,0.27712535461967425,-0.0052920456682047368,0.089744070234146989,0.18780555555555556
32,0.45000000000000001,0.88003252314814817,0.30160212405979492,0.34925696842632192,0.3485967396153018,-0.00066022881102012487,0.39847291699528253,0.4097465049712804,0.011273587975997867,0.04921594856896061,0.19473611111111111
33,0.45000000000000001,0.88519097222222209,0.30282939821241561,0.31760383018861449,0.34168965199133472,0.024085821802720231,0.41989819365418479,0.42227530198414576,0.0023771083299609641,0.1022943634655703,0.19427777777777777
34,0.45000000000000001,0.90088113425925931,0.24723736631844595,0.1746243783661382,0.15680479611863773,-0.017819582247500465,0.23036007768761591,0.21441136684627271,-0.015948710841343194,0.055735699321477705,0.199875
35,0.45000000000000001,0.89989641203703707,0.16003571946574369,0.26604428479778297,0.26257086672488561,-0.0034734180728973607,0.30584545693374032,0.31402190251271156,0.0081764455789712365,0.039801172135957352,0.20026388888888888
36,0.45000000000000001,0.90148310185185176,0.2028471329034881,0.23686041554687554,0.21646306139660954,-0.020397354150266001,0.25707892617079053,0.26464629987362598,0.0075673737028354449,0.020218510623914998,0.19077777777777777
37,0.45000000000000001,0.87924687499999987,0.20876066146719852,0.2474400515954418,0.23033508735127994,-0.017104964244161858,0.27533268218012497,0.26151103578025614,-0.013821646399868825,0.027892630584683165,0.18887499999999999
38,0.45000000000000001,0.89152488425925913,0.18727196326167905,0.2323555364572345,0.24421524187386467,0.011859705416630173,0.26260499487753264,0.24448101991245963,-0.018123974965073009,0.030249458420298136,0.20125000000000001
39,0.45000000000000001,0.90255509259259259,0.20781010367780328,0.31092985059751466,0.2726836627386422,-0.03824618785887246,0.33818317129680053,0.33116968482488629,-0.0070134864719142431,0.027253320699285877,0.21105555555555555
40,0.45000000000000001,0.88711157407407404,0.26048761281827526,0.370484406085278,0.36166580063795806,-0.0088186054473199382,0.41245824737200354,0.40902798725055589,-0.003430260121447648,0.041973841286725544,0.19701388888888888
41,0.45000000000000001,0.89227037037037038,0.38327404982220159,0.25446154891462647,0.24151807178567419,-0.012943477128952274,0.33743927036440591,0.3524615781187459,0.015022307754339992,0.08297772144977944,0.19688888888888889
42,0.45000000000000001,0.85992627314814818,0.13050294466845358,0.2721074249423866,0.27964855369617991,0.0075411287537933136,0.28910779215980709,0.28273454055992353,-0.0063732515998835559,0.017000367217420487,0.1867361111111111
43,0.45000000000000001,0.900316550925926,0.32474905775677321,0.36718414480677253,0.35739547142747852,-0.0097886733792940106,0.3473929715141918,0.35843459630093089,0.01104162478673909,-0.019791173292580733,0.19969444444444445
44,0.45000000000000001,0.88010069444444439,0.3789055183957567,0.36433726949059608,0.36488441417614048,0.00054714468554439843,0.38407407588690723,0.36708715837561923,-0.016986917511288002,0.019736806396311146,0.18679166666666666
45,0.45000000000000001,0.89499305555555553,0.31139410077763963,0.38067154530842251,0.34984522962093501,-0.030826315687487504,0.41736290367065643,0.41718461075866375,-0.00017829291199267239,0.036691358362233917,0.2098888888888889
46,0.45000000000000001,0.90232534722222224,0.26774830520519988,0.27464898151797357,0.25064082279819277,-0.024008158719780792,0.3228039816404733,0.30793813324635544,-0.014865848394117864,0.048155000122499736,0.20609722222222221
47,0.45000000000000001,0.89346192129629642,0.41159967856461366,0.35273900572680739,0.37259856049626372,0.019859554769456333,0.40346140860582225,0.40318392341549303,-0.00027748519032921859,0.050722402879014861,0.20227777777777778
48,0.45000000000000001,0.89083055555555557,0.17908272107002188,0.30009746865051645,0.29080062719143629,-0.0092968414590801629,0.32700060567092859,0.32948905012220497,0.0024884444512763837,0.026903137020412138,0.2061388888888889
49,0.45000000000000001,0.8933998842592592,0.23804699390806616,0.26913177236517327,0.28632275137258401,0.017190979007410734,0.29409183881883483,0.30744605861813223,0.013354219799297407,0.024960066453661556,0.202125
50,0.45000000000000001,0.89274791666666664,0.12272700820500426,0.21416760311116789,0.23431847643905357,0.020150873327885677,0.27993699772216962,0.27497996471790964,-0.0049570330042599808,0.06576939461100173,0.19618055555555555
51,0.45000000000000001,0.85444502314814808,0.22941692224692101,0.25007872707759549,0.24898559725902281,-0.0010931298185726801,0.30577331955247011,0.30844206738844793,0.0026687478359778138,0.055694592474874627,0.18055555555555555
52,0.45000000000000001,0.88931956018518521,0.23896447321516656,0.23726643603194697,0.24752640273596105,0.010259966704014079,0.29820072741592274,0.30481872475671368,0.0066179973407909376,0.060934291383975769,0.18943055555555555
53,0.45000000000000001,0.87474039351851862,0.18281752507862636,0.27273242534962361,0.25676749891228778,-0.015964926437335825,0.29230860009859816,0.28537258368746421,-0.0069360164111339495,0.019576174748974551,0.18865277777777778
54,0.45000000000000001,0.89269131944444446,0.30715197663201332,0.28249507883255676,0.29894335638706915,0.016448277554512392,0.26246638802463473,0.26555002507549408,0.0030836370508593447,-0.020028690807922023,0.20554166666666668
55,0.45000000000000001,0.89412187500000007,0.3318828760974053,0.40749871505185431,0.39875394727965996,-0.0087447677721943506,0.42143944939118094,0.43906889804466354,0.017629448653482593,0.013940734339326633,0.19641666666666666
56,0.45000000000000001,0.88773344907407414,0.26094382796971605,0.20428807620151157,0.20280538102744072,-0.0014826951740708472,0.3000143802396501,0.27790325282129158,-0.022111127418358523,0.095726304038138532,0.20629166666666668
57,0.45000000000000001,0.90118148148148158,0.29384273650707593,0.37874743888955953,0.37795558279168473,-0.00079185609787479905,0.35362334018766328,0.35993110204642709,0.0063077618587638051,-0.025124098701896247,0.20818055555555556
58,0.45000000000000001,0.8851596064814814,0.32090820440919754,0.27052093988891368,0.25239268234222956,-0.018128257546684123,0.25535453763201854,0.2463810186959331,-0.008973518936085445,-0.01516640225689514,0.18827777777777777
59,0.45000000000000001,0.90599918981481486,0.25327871673424684,0.36139659427173365,0.35572955323260091,-0.0056670410391327364,0.38127136961361441,0.37709284230320927,-0.0041785273104051335,0.019874775341880757,0.20247222222222222
60,0.45000000000000001,0.88297870370370379,0.32002317498003185,0.39161816550959339,0.39614499332534736,0.0045268278157539754,0.36326758603786402,0.38348751291411964,0.020219926876255623,-0.028350579471729365,0.19473611111111111
61,0.45000000000000001,0.8935405092592591,0.17623956159319443,0.17384461640997151,0.15559028210332382,-0.01825433430664769,0.33303757374206566,0.333650754748677,0.00061318100661134078,0.15919295733209415,0.19002777777777777
62,0.45000000000000001,0.88283738425925928,0.17124135409487051,0.15593370907031723,0.16291284027022468,0.0069791311999074512,0.18768116621289455,0.17607052721465077,-0.011610638998243772,0.031747457142577318,0.18684722222222222
63,0.45000000000000001,0.88618645833333343,0.20214736645975151,0.28257267390860286,0.3020953754799609,0.019522701571358048,0.30374548716012884,0.28891913995516438,-0.014826347204964452,0.021172813251525979,0.19738888888888889
64,0.45000000000000001,0.89512048611111095,0.3213939252955853,0.2556873712323513,0.25554795560296872,-0.00013941562938257768,0.32142750214266214,0.31112847920684272,-0.010299022935819413,0.065740130910310834,0.20191666666666666
65,0.45000000000000001,0.89280266203703695,0.21707732739963026,0.29652043616176682,0.29522142145536034,-0.0012990147064064761,0.35846335988982114,0.34991136889874519,-0.0085519909910759528,0.061942923728054322,0.20208333333333334
66,0.45000000000000001,0.88065196759259257,0.42766003373851902,0.39131183141568471,0.377636939512077,-0.013674891903607711,0.45435472487345219,0.46205926066576397,0.0077045357923117841,0.063042893457767479,0.19673611111111111
67,0.45000000000000001,0.88763148148148152,0.13225461933134974,0.31852694152729344,0.30283676880787813,-0.015690172719415307,0.29277105682427951,0.30152781561545705,0.0087567587911775435,-0.025755884703013932,0.19408333333333333
68,0.45000000000000001,0.87818368055555551,0.28872824186450285,0.37358356066301901,0.37667062436917309,0.0030870637061540807,0.42068248885548354,0.427346893085644,0.0066644042301604589,0.047098928192464529,0.18441666666666667
69,0.45000000000000001,0.89806817129629624,0.26086851277847678,0.30477465047394203,0.31065864769833951,0.0058839972243974747,0.34585258477501213,0.33905403538501855,-0.00679854938999358,0.041077934301070096,0.20423611111111112
70,0.45000000000000001,0.89146840277777784,0.10588958939805426,0.26188756885117781,0.25489180875995265,-0.0069957600912251561,0.2979032038527597,0.296691032967215,-0.0012121708855447055,0.036015635001581892,0.20543055555555556
71,0.45000000000000001,0.86649375000000006,0.11591705772536531,0.19564617411037422,0.16919331236261181,-0.026452861747762402,0.19433093225597031,0.18991908811996416,-0.0044118441360061489,-0.0013152418544039035,0.18763888888888888
72,0.45000000000000001,0.906945949074074,0.27927288759383462,0.23443793505574195,0.23122505453709175,-0.0032128805186502074,0.32629308629266507,0.33737303197204427,0.011079945679379199,0.091855151236923116,0.21320833333333333
73,0.45000000000000001,0.88843078703703704,0.25703905070857958,0.3403330948358877,0.34677669062005956,0.0064435957841718627,0.40592688275291022,0.40634876459236668,0.00042188183945646163,0.065593787917022528,0.20254166666666668
74,0.45000000000000001,0.88660347222222224,0.37213591238623311,0.39159027047437567,0.4028523071702792,0.011262036695903532,0.43268731611603695,0.43137885389965303,-0.001308462216383921,0.041097045641661278,0.20220833333333332
75,0.45000000000000001,0.88514710648148165,0.24380685493870402,0.18480915352010441,0.19286376086208235,0.0080546073419779374,0.38583059334263836,0.3848505599691513,-0.00098003337348706587,0.20102143982253395,0.19319444444444445
76,0.45000000000000001,0.89559467592592601,0.2352927849423353,0.32564881937229284,0.32022822366841308,-0.0054205957038797603,0.29780795478479061,0.30105531047276157,0.0032473556879709653,-0.027840864587502234,0.19495833333333334
77,0.45000000000000001,0.9184961805555556,0.24726537941701987,0.27686565544451103,0.29197430710942762,0.015108651664916595,0.29420169895202575,0.29636892138050619,0.002167222428480442,0.01733604350751472,0.20593055555555556
78,0.45000000000000001,0.90519513888888892,0.33262707506472722,0.37569120976770387,0.38557748653914836,0.009886276771444491,0.37711439742222252,0.37724739792597961,0.00013300050375708583,0.0014231876545186539,0.19945833333333332
79,0.45000000000000001,0.88385486111111122,0.20391369167177353,0.22002838022981264,0.19765289921059848,-0.022375481019214161,0.26031067228431837,0.24137028966947716,-0.018940382614841211,0.040282292054505731,0.19794444444444445
80,0.45000000000000001,0.88162037037037033,0.39063499306288274,0.36912525232301763,0.3609166983131058,-0.0082085540099118282,0.3660444202512364,0.37460552349110876,0.0085611032398723586,-0.0030808320717812254,0.19822222222222222
81,0.45000000000000001,0.88881863425925933,0.35149635305007054,0.44454953352456139,0.42443426714323673,-0.020115266381324659,0.41248413041465526,0.42196819755868786,0.0094840671440326041,-0.032065403109906132,0.2036388888888889
82,0.45000000000000001,0.88026053240740743,0.24304049734379884,0.25232622972976981,0.24136063055318413,-0.010965599176585683,0.3522621466239777,0.35099359690893572,-0.0012685497150419778,0.099935916894207888,0.18958333333333333
83,0.45000000000000001,0.86954976851851862,0.24623583106380154,0.23051023858380593,0.21692321412563365,-0.013587024458172281,0.33357967351499507,0.33014340015883425,-0.0034362733561608128,0.10306943493118914,0.19418055555555555
84,0.45000000000000001,0.87042824074074066,0.25859155440569626,0.31786638931332001,0.32317328111732235,0.0053068918040023449,0.35157453607280198,0.35078882771830866,-0.00078570835449331966,0.033708146759481972,0.18933333333333333
85,0.45000000000000001,0.89583819444444446,0.059262484097375445,0.15928494673236915,0.17385795403404092,0.01457300730167177,0.19535508509123733,0.19335936405302501,-0.001995721038212328,0.036070138358868187,0.20356944444444444
86,0.45000000000000001,0.89940127314814811,0.29878680756532272,0.32929196481245671,0.32825532916827649,-0.0010366356441802171,0.38235821582537211,0.38904106123322613,0.0066828454078540211,0.0530662510129154,0.21026388888888889
87,0.45000000000000001,0.89036666666666664,0.29699097942255437,0.28218322987641575,0.29083462721441289,0.0086513973379971354,0.2749831805126165,0.27146214325939988,-0.003521037253216619,-0.0072000493637992546,0.19963888888888889
88,0.45000000000000001,0.8849111111111112,0.3650652848054381,0.20558103188972621,0.1944956304991361,-0.011085401390590111,0.25485046010045098,0.25927429024680093,0.0044238301463499496,0.049269428210724775,0.19519444444444445
89,0.45000000000000001,0.8912881944444444,0.12655972908725488,0.26004194071693854,0.24729528318128902,-0.012746657535649519,0.30158252505981198,0.29054147809752118,-0.011041046962290801,0.041540584342873443,0.19854166666666667
90,0.45000000000000001,0.89678680555555557,0.10914436677623385,0.29104041435995265,0.31574694704396367,0.024706532684011018,0.36870246035645504,0.37255279846715317,0.003850338110698126,0.077662045996502393,0.21084722222222221
91,0.45000000000000001,0.89730983796296293,0.077592828508761591,0.30756201634781377,0.3110641535363482,0.0035021371885344266,0.27016259360808914,0.28087190905172088,0.010709315443631739,-0.03739942273972463,0.20180555555555554
92,0.45000000000000001,0.88235555555555567,0.24329432433180964,0.28549598382933472,0.26833762360098645,-0.017158360228348268,0.31218972065330264,0.31830338887002407,0.0061136682167214351,0.026693736823967917,0.18862499999999999
93,0.45000000000000001,0.9132431712962964,0.098115068909661929,0.21562198280242362,0.22556224023702376,0.0099402574346001416,0.22473842028395041,0.2325536885392514,0.0078152682553009889,0.0091164374815267957,0.21293055555555557
94,0.45000000000000001,0.87233842592592603,0.077009223826810191,0.16981400588402162,0.18101483997452739,0.011200834090505762,0.1606397885648273,0.16539515962043427,0.0047553710556069717,-0.0091742173191943222,0.175875
95,0.45000000000000001,0.88553136574074065,0.18606860097702993,0.1738315010722572,0.17956493416257713,0.0057334330903199282,0.21681022420855078,0.20370128803241583,-0.013108936176134955,0.042978723136293584,0.18844444444444444
96,0.45000000000000001,0.90210219907407418,0.17561578316584325,0.2143038900128178,0.18376270988038379,-0.030541180132434009,0.30759857287816161,0.31896221366275979,0.011363640784598172,0.093294682865343814,0.20098611111111112
97,0.45000000000000001,0.88096111111111119,0.21955209054649072,0.24252061919610024,0.21967243542580361,-0.022848183770296626,0.36021784273082991,0.3602784592035867,6.0616472756791495e-05,0.11769722353472967,0.19466666666666665
98,0.45000000000000001,0.88584675925925926,0.27395465387115692,0.19829271056893993,0.21432930143125462,0.016036590862314681,0.27200015997195504,0.2661807044979364,-0.0058194554740186311,0.073707449403015102,0.19613888888888889
99,0.45000000000000001,0.88578090277777777,0.28226571403440293,0.29292065783541565,0.26492697587702896,-0.027993681958386696,0.33859393567063223,0.34546876181137864,0.0068748261407464151,0.045673277835216575,0.18775
0,0.5,0.91630474537037043,0.41593972459082784,0.26270972492219913,0.26884464421467702,0.0061349192924778917,0.42408247616433303,0.42009731545579954,-0.0039851607085334972,0.1613727512421339,0.23219444444444445
1,0.5,0.9071041666666666,0.27880018454156519,0.23503501961498163,0.23717437822605336,0.0021393586110717289,0.31714262967593876,0.30642038527686077,-0.010722244399077985,0.082107610060957126,0.21487500000000001
2,0.5,0.91790162037037037,0.37875214361577614,0.3156175025497262,0.29454917847096096,-0.021068324078765244,0.40363469672762953,0.39970540445933178,-0.003929292268297746,0.088017194177903324,0.21338888888888888
3,0.5,0.91140659722222228,0.28074145706440568,0.32379155981424979,0.32253141491293102,-0.0012601449013187604,0.35677568576173724,0.35772137689999484,0.00094569113825759832,0.032984125947487453,0.22398611111111111
4,0.5,0.90728981481481485,0.24958515097829259,0.27253658651211254,0.27503238266597696,0.0024957961538644158,0.33153251770131098,0.33758436269850312,0.0060518449971921351,0.058995931189198436,0.21170833333333333
5,0.5,0.9228887731481481,0.28381611328714607,0.21550232081000342,0.19587380776614993,-0.01962851304385349,0.34744700125078287,0.34605737329143915,-0.00138962795934372,0.13194468044077945,0.21970833333333334
6,0.5,0.89736423611111105,0.26720522408903546,0.32822219633250038,0.34142035217539701,0.013198155842896631,0.37961119599202064,0.38318820410728127,0.003577008115260627,0.051388999659520262,0.20736111111111111
7,0.5,0.90825011574074077,0.14624899607475239,0.23695561428583267,0.22950455504672951,-0.0074510592391031638,0.19406940620703883,0.19541760049842039,0.0013481942913815548,-0.042886208078793842,0.20868055555555556
8,0.5,0.91515231481481496,0.41106881706856835,0.23596942602275739,0.20250820188939989,-0.033461224133357503,0.39248295461635174,0.39686323073364693,0.0043802761172951898,0.15651352859359435,0.21426388888888889
9,0.5,0.91629120370370376,0.17313758797351297,0.16032905375679551,0.15525726054454581,-0.0050717932122497089,0.23428481284802072,0.24104063437381706,0.0067558215257963461,0.073955759091225204,0.22162499999999999
10,0.5,0.89552025462962959,0.14503391997953341,0.28381194500456286,0.29191231554133645,0.0081003705367735934,0.32267479374500618,0.33204092577048527,0.0093661320254790903,0.038862848740443323,0.21226388888888889
11,0.5,0.89148356481481494,0.18036790724881546,0.19610554547795189,0.17716949881888544,-0.018936046659066452,0.21608441002855072,0.21225380632949165,-0.0038306036990590764,0.019978864550598829,0.21045833333333333
12,0.5,0.89399189814814817,0.35234552554065379,0.30185429029153588,0.3129336727185964,0.011079382427060525,0.36562415117954306,0.36737785358966513,0.0017537024101220711,0.063769860888007179,0.20479166666666668
13,0.5,0.92298680555555557,0.16775683734659574,0.16838423043834294,0.15916308125855827,-0.0092211491797846712,0.23161044938336239,0.22717381391206437,-0.0044366354712980227,0.063226218945019452,0.22713888888888889
14,0.5,0.90206620370370372,0.26511824956638685,0.2702052396411958,0.25255871807037733,-0.017646521570818474,0.25804820706728193,0.25996134966720985,0.0019131425999279195,-0.012157032573913873,0.20808333333333334
15,0.5,0.89940300925925942,0.18239371545062022,0.24805533843251271,0.23926402330527485,-0.0087913151272378531,0.29284679078909703,0.2591165237060844,-0.033730267083012633,0.044791452356584327,0.20125000000000001
16,0.5,0.91448263888888892,0.31484129451440024,0.29926841121607572,0.30238783954094139,0.0031194283248656696,0.38711197687075738,0.3781337292249265,-0.0089782476458308835,0.087843565654681655,0.21366666666666667
17,0.5,0.91448807870370363,0.21320194190472253,0.28732973803536588,0.29055513617702267,0.0032253981416567878,0.35433495900578593,0.33708897505370572,-0.017245983952080213,0.067005220970420054,0.21830555555555556
18,0.5,0.91397766203703712,0.20884126328770747,0.31016758289201829,0.30443896050884156,-0.0057286223831767291,0.32687763015820548,0.32008179526159242,-0.0067958348966130622,0.016710047266187189,0.21688888888888888
19,0.5,0.90438645833333331,0.34653098894854195,0.21410296085561109,0.21267478591898192,-0.0014281749366291674,0.35893399762988021,0.35111216658090216,-0.0078218310489780452,0.14483103677426912,0.20845833333333333
20,0.5,0.9073641203703704,0.1538343644782687,0.17693423053852597,0.15788283107509749,-0.019051399463428487,0.29715041801209008,0.28841190966649255,-0.0087385083455975288,0.12021618747356411,0.2187638888888889
21,0.5,0.91557430555555552,0.11439735977103149,0.19244928937768269,0.21432515937365515,0.021875869995972463,0.29658490105006841,0.29624234369104585,-0.00034255735902255502,0.10413561167238572,0.21409722222222222
22,0.5,0.90578229166666657,0.21369994931468239,0.2758983554112221,0.27343551300017754,-0.0024628424110445524,0.34570588163610527,0.33669906248484927,-0.009006819151256007,0.069807526224883176,0.21472222222222223
23,0.5,0.91910462962962969,0.36728087339406823,0.36793734567080771,0.3642897772133834,-0.0036475684574243106,0.4629976683898438,0.44929693328512821,-0.013700735104715589,0.095060322719036083,0.22258333333333333
24,0.5,0.89577858796296306,0.20035181496819632,0.25780025389873851,0.25753759334050519,-0.00026266055823331858,0.29688731104981325,0.28465404999029864,-0.012233261059514611,0.039087057151074744,0.2051388888888889
25,0.5,0.90986793981481473,0.2295190093826377,0.37040045353040796,0.36313906725348954,-0.0072613862769184134,0.33657502113957505,0.3408745565355944,0.0042995353960193494,-0.03382543239083291,0.21327777777777779
26,0.5,0.9210025462962963,0.29314260772301715,0.21696478373390726,0.20676218343899777,-0.010202600294909492,0.3007450222617758,0.29118675772662617,-0.0095582645351496298,0.083780238527868534,0.21241666666666667
27,0.5,0.88337430555555552,0.44106147412946828,0.46113917139834903,0.45611636741895667,-0.0050228039793923651,0.44544463986115035,0.44885574578783294,0.0034111059266825894,-0.015694531537198686,0.20508333333333334
28,0.5,0.91510196759259266,0.194458047457709,0.18348341542374214,0.15999071038941515,-0.023492705034326988,0.24922010959317442,0.25415749888673411,0.0049373892935596908,0.065736694169432286,0.21711111111111112
29,0.5,0.91756354166666665,0.33136852204867129,0.24222594001823128,0.25796404613703849,0.015738106118807216,0.37176032053573316,0.36604171448939093,-0.0057186060463422228,0.12953438051750188,0.20987500000000001
30,0.5,0.92274803240740733,0.2744541815178283,0.21637725400322527,0.21512444014166976,-0.0012528138615555129,0.27388680793620301,0.26258582968421207,-0.011300978251990945,0.057509553932977742,0.21806944444444445
31,0.5,0.91785393518518521,0.16284144517901333,0.30074199860660678,0.2828225854841504,-0.017919413122456374,0.27841235938833342,0.2747837099964201,-0.0036286493919133189,-0.022329639218273356,0.21277777777777779
32,0.5,0.91180694444444443,0.23903360910238991,0.26693139720971659,0.26478154231656981,-0.0021498548931467854,0.27669389528355337,0.26389031793406303,-0.012803577349490336,0.0097624980738367784,0.20855555555555555
33,0.5,0.91166620370370366,0.25949060222905074,0.24859970366346174,0.25017289138131515,0.0015731877178534193,0.33969060551579389,0.3521313834714902,0.012440777955696314,0.091090901852332151,0.21145833333333333
34,0.5,0.91290902777777772,0.17486015714977432,0.20964362972996942,0.20851029827321588,-0.0011333314567535391,0.29834289988487472,0.29047943099718165,-0.0078634688876930703,0.088699270154905308,0.22440277777777778
35,0.5,0.90758703703703703,0.29239076896023197,0.29908747205927655,0.28774202264381044,-0.011345449415466113,0.33944289864188171,0.33003792046159064,-0.0094049781802910681,0.040355426582605158,0.1996111111111111
36,0.5,0.91040636574074074,0.25794630149061903,0.24569756502124052,0.24510772422436378,-0.0005898407968767394,0.33579783415593045,0.34395450669047956,0.0081566725345491031,0.090100269134689936,0.204625
37,0.5,0.90324826388888901,0.15162872470301525,0.25866871765521116,0.25885425459265587,0.00018553693744471911,0.22421056002583761,0.21815665824684471,-0.0060539017789928984,-0.034458157629373543,0.20872222222222223
38,0.5,0.90503993055555565,0.41157599882710361,0.46269555416058405,0.45814836081777144,-0.0045471933428126166,0.45305858572355406,0.44690033856153111,-0.0061582471620229562,-0.0096369684370299913,0.20081944444444444
39,0.5,0.89667696759259252,0.44791774836170495,0.27164204562847016,0.26131277519295826,-0.010329270435511906,0.33541735437277187,0.33851154690523078,0.0030941925324589059,0.063775308744301706,0.22047222222222224
40,0.5,0.9063341435185186,0.36046559957611657,0.25058344329368176,0.25168692638848156,0.0011034830947997953,0.35010597301397495,0.35410855854857604,0.0040025855346010886,0.099522529720293185,0.21830555555555556
41,0.5,0.90573622685185173,0.22380086733804372,0.27486749756479312,0.27648295956404612,0.0016154619992529984,0.33385409122143461,0.34093645564940034,0.0070823644279657261,0.058986593656641495,0.20586111111111111
42,0.5,0.90367638888888902,0.24736657233245085,0.30705793670610093,0.29039853458078457,-0.016659402125316358,0.35483736912454256,0.35524474729163003,0.00040737816708746877,0.047779432418441625,0.21179166666666666
43,0.5,0.90695243055555552,0.22229160039985374,0.33492362821099819,0.33734544186922688,0.0024218136582286887,0.31918805309413201,0.31978617883261662,0.0005981257384846117,-0.015735575116866185,0.21411111111111111
44,0.5,0.89469317129629611,0.15243590957850317,0.28402515270666795,0.27113671013942275,-0.012888442567245195,0.30935363595451859,0.30820849260128003,-0.0011451433532385646,0.025328483247850642,0.20945833333333333
45,0.5,0.89485925925925924,0.26581159844997393,0.28975061556711701,0.27300409511583468,-0.016746520451282332,0.32024356505207929,0.32953382176229118,0.009290256710211886,0.030492949484962284,0.20805555555555555
46,0.5,0.89184421296296301,0.32817644703638293,0.25757662173970819,0.25525774968239323,-0.0023188720573149579,0.36323226993294089,0.36325445427878789,2.2184345846998355e-05,0.1056556481932327,0.206125
47,0.5,0.89270486111111114,0.33563419471512901,0.36888011407269194,0.36618529692185742,-0.0026948171508345276,0.37189474742668105,0.37593045257093349,0.0040357051442524439,0.0030146333539891046,0.20966666666666667
48,0.5,0.90004259259259267,0.28783892282525969,0.28726053188424572,0.31149674682474626,0.024236214940500544,0.34875673422110198,0.33859560048907589,-0.010161133732026095,0.061496202336856265,0.22045833333333334
49,0.5,0.91072731481481484,0.33518949403492859,0.36546383191161025,0.36223114036967252,-0.0032326915419377267,0.40161979936111158,0.40017946156853501,-0.0014403377925765737,0.036155967449501336,0.21331944444444445
50,0.5,0.9082266203703705,0.14752547791555082,0.22613855571897079,0.23111920172182976,0.0049806460028589683,0.22630032440138004,0.22932167905959944,0.0030213546582193995,0.0001617686824092468,0.21252777777777779
51,0.5,0.89775416666666674,0.24900508530386889,0.25012778737900987,0.26202721736866919,0.011899429989659316,0.28828710588991868,0.29155066656039852,0.003263560670479837,0.038159318510908813,0.20365277777777777
52,0.5,0.90768958333333349,0.041771144229782453,0.14887452804985912,0.13637073911870801,-0.012503788931151116,0.26494702873622433,0.27491731877222136,0.0099702900359970315,0.11607250068636521,0.21313888888888888
53,0.5,0.91427395833333336,0.19128457310002833,0.1765346776772897,0.18548527017240579,0.0089505924951160942,0.22936045086262613,0.23151978174129195,0.0021593308786658216,0.052825773185336433,0.21133333333333335
54,0.5,0.91245520833333327,0.19042927148268052,0.31997533549556545,0.32764952660373736,0.0076741911081719127,0.34653794081966871,0.33397395071154234,-0.012563990108126366,0.026562605324103261,0.21230555555555555
55,0.5,0.90764027777777778,0.086165379467329828,0.25755623018304608,0.24176390214326682,-0.015792328039779258,0.26912596721555782,0.26691137038591373,-0.0022145968296440888,0.01156973703251174,0.21270833333333333
56,0.5,0.91419525462962969,0.28032533186424868,0.17056857873710596,0.23654165077576406,0.065973072038658098,0.43309635335882046,0.42409032280844972,-0.0090060305503707472,0.2625277746217145,0.21172222222222223
57,0.5,0.93882395833333332,0.17678908061116239,0.20405723362230688,0.19060438721274053,-0.013452846409566344,0.21415558790938594,0.21673860229666009,0.0025830143872741518,0.010098354287079059,0.23188888888888889
58,0.5,0.90773402777777779,0.21619006800363372,0.22003580902820397,0.22911410357519724,0.0090782945469932708,0.35182183563686109,0.34091972887127975,-0.010902106765581343,0.13178602660865713,0.21211111111111111
59,0.5,0.91233773148148145,0.20229242462859609,0.20548525657148298,0.19633939292660341,-0.0091458636448795705,0.25337537317604564,0.26382792739394079,0.010452554217895149,0.04789011660456266,0.20815277777777777
60,0.5,0.89857430555555551,0.37971068789689655,0.37355962266179266,0.3910188640303135,0.017459241368520839,0.37646430592983293,0.37768683637939471,0.0012225304495617761,0.0029046832680402757,0.19941666666666666
61,0.5,0.91528645833333322,0.17654028682905953,0.33380026329933887,0.31307185840377028,-0.020728404895568597,0.33121815140029554,0.33024713305462716,-0.00097101834566837297,-0.0025821118990433378,0.22644444444444445
62,0.5,0.92382280092592595,0.25227405157856497,0.23143858787218297,0.24886971702744676,0.017431129155263791,0.32235551107729354,0.32400752674676125,0.0016520156694677102,0.090916923205110578,0.22169444444444444
63,0.5,0.92117164351851866,0.21553204929109604,0.33186885054870807,0.30867752498454171,-0.023191325564166365,0.3686052080175507,0.3611049333967965,-0.0075002746207541993,0.036736357468842629,0.22125
64,0.5,0.91362418981481497,0.27972627951503792,0.40287460338593484,0.39447578281976037,-0.0083988205661744697,0.40055694077752335,0.38962518935485535,-0.010931751422668001,-0.002317662608411486,0.21965277777777778
65,0.5,0.90093506944444446,0.25297187336772475,0.14393069576692552,0.13303527428422612,-0.010895421482699397,0.21755976796527843,0.21522239560287293,-0.0023373723624054987,0.073629072198352907,0.21154166666666666
66,0.5,0.89825474537037042,0.33805070328950115,0.44354710495060434,0.44074272413766258,-0.0028043808129417647,0.40082111259227737,0.38935788597561238,-0.01146322661666499,-0.04272599235832697,0.21169444444444444
67,0.5,0.90591805555555549,0.1678807651123152,0.21806376184168852,0.20193687327794452,-0.016126888563744002,0.27118141134978979,0.29478403287420529,0.023602621524415501,0.053117649508101272,0.21969444444444444
68,0.5,0.91590787037037058,0.16214019544741543,0.19666652556978781,0.20653533143005554,0.0098688058602677264,0.28507334266427853,0.28038122433471091,-0.0046921183295676183,0.088406817094490719,0.22077777777777777
69,0.5,0.90310208333333331,0.14623688603673834,0.21293379170499982,0.23122977587317406,0.01829598416817424,0.29197512847372686,0.2799494538415781,-0.012025674632148764,0.079041336768727044,0.22131944444444446
70,0.5,0.92309733796296289,0.2564316935406451,0.23743596366866138,0.24169399470793795,0.0042580310392765774,0.3381838184614101,0.33326136933491013,-0.0049224491264999726,0.10074785479274873,0.21947222222222224
71,0.5,0.91325844907407416,0.27371381978933773,0.20476337591306604,0.18704205790275896,-0.017721318010307074,0.33210659546195342,0.33221245137542132,0.00010585591346790046,0.12734321954888739,0.20998611111111112
72,0.5,0.92489456018518512,0.15426894757729093,0.2596645375738138,0.25624128966448456,-0.0034232479093292412,0.23589491334355905,0.2242763275501819,-0.011618585793377156,-0.023769624230254749,0.21420833333333333
73,0.5,0.90119490740740738,0.29907206451368962,0.23789303110192317,0.22105736960875133,-0.016835661493171838,0.3392541955074424,0.34413497310228691,0.0048807775948445098,0.10136116440551923,0.21601388888888889
74,0.5,0.9163,0.16126957232710104,0.16819453977997512,0.17163829118615348,0.0034437514061783636,0.21210842690736864,0.19827451759235082,-0.013833909315017823,0.043913887127393525,0.21594444444444444
75,0.5,0.91057673611111112,0.20712485554879112,0.21038446107192021,0.21086074053681492,0.00047627946489470219,0.30588023617599402,0.29706948192709504,-0.0088107542488989887,0.09549577510407381,0.22695833333333335
76,0.5,0.90548148148148144,0.20099130275652788,0.38175387970305441,0.37059653268926285,-0.011157347013791563,0.37251776857628016,0.38189239434379207,0.0093746257675119127,-0.0092361111267742491,0.20449999999999999
77,0.5,0.91163090277777792,0.29212336308123221,0.21699811482152964,0.23617856662357051,0.019180451802040865,0.33885985563598509,0.32079345621101218,-0.018066399424972901,0.12186174081445544,0.22279166666666667
78,0.5,0.91167511574074067,0.15663974045122431,0.1708550321867488,0.19374189576490819,0.022886863578159389,0.1853181709422721,0.1710010658906127,-0.014317105051659396,0.014463138755523297,0.21044444444444443
79,0.5,0.91378391203703702,0.15773652588014031,0.24696178485450548,0.25421898561449352,0.0072572007599880362,0.29384054575618013,0.2991964313421458,0.0053558855859656695,0.046878760901674643,0.19943055555555556
80,0.5,0.89912858796296291,0.27605585727119963,0.27849680648517305,0.29326095532932916,0.014764148844156111,0.29966985554172865,0.30771472980497383,0.0080448742632451831,0.021173049056555593,0.21155555555555555
81,0.5,0.90915196759259265,0.13112667713755566,0.23100012730784358,0.18939133076981385,-0.041608796538029735,0.28436034252560038,0.27664412797902893,-0.0077162145465714538,0.053360215217756801,0.2184861111111111
82,0.5,0.89519942129629637,0.33705174483630318,0.29043489704527381,0.2775111173908178,-0.012923779654456014,0.30413400922092038,0.32009398772607867,0.01595997850515829,0.013699112175646566,0.19320833333333334
83,0.5,0.91758043981481485,0.13212910782017617,0.24998342177071053,0.25207454830594755,0.0020911265352370201,0.31167723650387458,0.32354129682817767,0.011864060324303094,0.061693814733164043,0.2165
84,0.5,0.91777199074074078,0.16892909380926202,0.22069394868575698,0.21080942712917594,-0.0098845215565810385,0.27116644815226454,0.27805756863746067,0.0068911204851961338,0.050472499466507559,0.20894444444444443
85,0.5,0.89669537037037028,0.24704410786606268,0.27800841639475571,0.27864128754197848,0.00063287114722276883,0.28996188543958867,0.25323319179305281,-0.036728693646535859,0.011953469044832965,0.19906944444444444
86,0.5,0.90758425925925934,0.19639701430129741,0.27222562943268569,0.27238836963495594,0.00016274020227025066,0.26713122581798232,0.26179679717995874,-0.0053344286380235806,-0.0050944036147033689,0.21709722222222222
87,0.5,0.92737453703703698,0.30403162106870762,0.39463830582109871,0.39891712381702127,0.004278817995922557,0.43739752556578471,0.43761588160145704,0.00021835603567232909,0.042759219744685995,0.22138888888888889
88,0.5,0.91228703703703695,0.24658672193028308,0.24319101641470575,0.23198876219179887,-0.011202254222906882,0.35807727974686054,0.34791707259853355,-0.010160207148326994,0.11488626333215479,0.21897222222222223
89,0.5,0.91093993055555555,0.21230293446561455,0.17566177870684585,0.18001205100730933,0.0043502723004634758,0.22919907099397863,0.22807116080302992,-0.001127910190948711,0.053537292287132776,0.20716666666666667
90,0.5,0.91280868055555564,0.20450301293678119,0.28566516076820492,0.28757333801172102,0.0019081772435161071,0.34677820470504339,0.3411357819782217,-0.0056424227268216942,0.061113043936838474,0.22013888888888888
91,0.5,0.91321319444444438,0.26302499885690145,0.30454904315153575,0.30085893105477191,-0.0036901120967638423,0.31783565855650864,0.30419791587692735,-0.013637742679581288,0.01328661540497289,0.20370833333333332
92,0.5,0.92263310185185177,0.23730986546151012,0.17574911721902087,0.1778521214409422,0.0021030042219213341,0.24882219844117881,0.23508843890003495,-0.013733759541143864,0.073073081222157943,0.21127777777777779
93,0.5,0.88239780092592601,0.27358644627240436,0.22156658129087492,0.19301558443624767,-0.028550996854627253,0.30112727599682898,0.29348825826400182,-0.007639017732827158,0.07956069470595406,0.2016388888888889
94,0.5,0.90449131944444439,0.28584647271433083,0.18502770072334762,0.17556238528582691,-0.009465315437520716,0.37535659324820025,0.37413361267401579,-0.0012229805741844624,0.19032889252485263,0.2073888888888889
95,0.5,0.89281990740740735,0.29974911222170464,0.25624499019957681,0.24572376827479425,-0.010521221924782553,0.30961243295182228,0.32615863849546445,0.016546205543642167,0.053367442752245475,0.20176388888888888
96,0.5,0.90082905092592591,0.24681207807008354,0.30361680618816533,0.31627304754509888,0.012656241356933551,0.24804987301572101,0.25130446575360343,0.0032545927378824224,-0.055566933172444322,0.22016666666666668
97,0.5,0.90147384259259267,0.31507743008881561,0.30568189945849633,0.31020282374489017,0.0045209242863938348,0.37076952432194865,0.3733476044338977,0.0025780801119490437,0.06508762486345232,0.2053888888888889
98,0.5,0.90546412037037027,0.28495643343180654,0.21076121643704449,0.20936167929524141,-0.0013995371418030755,0.25566438144284342,0.25305839303633526,-0.002605988406508164,0.04490316500579894,0.21227777777777779
99,0.5,0.93041701388888887,0.16801490174030986,0.23405092084815737,0.2203362290399693,-0.013714691808188073,0.28801775290331666,0.29727803912194728,0.0092602862186306201,0.053966832055159286,0.23197222222222222
0,0.55000000000000004,0.91472268518518518,0.25873733541024668,0.23643572036859328,0.2419835064985052,0.0055477861299119136,0.32565364125083107,0.32474558902029682,-0.00090805223053425088,0.089217920882237789,0.2177361111111111
1,0.55000000000000004,0.93288495370370372,0.1568493303698677,0.3229618559245111,0.31651740118411298,-0.0064444547403981201,0.26181653818501271,0.27608456503414436,0.014268026849131643,-0.061145317739498384,0.22901388888888888
2,0.55000000000000004,0.92735138888888891,0.10090791169720115,0.13855269738908649,0.14992773299893902,0.011375035609852535,0.21775962146262084,0.214182434002676,-0.0035771874599448417,0.079206924073534357,0.24018055555555556
3,0.55000000000000004,0.92712673611111107,0.21186902427727328,0.26583109176331465,0.27634640898524832,0.010515317221933662,0.32628269669666887,0.32409982242156299,-0.0021828742751058838,0.060451604933354219,0.23240277777777779
4,0.55000000000000004,0.92907245370370362,0.24717209265963291,0.19416479011236421,0.16776353690439649,-0.026401253207967712,0.3249801544698151,0.33458192008356913,0.0096017656137540319,0.13081536435745089,0.22758333333333333
5,0.55000000000000004,0.9222200231481481,0.22166522541483724,0.24749926687131818,0.21670466536733846,-0.030794601503979724,0.28726998636118917,0.28842231879797808,0.0011523324367889165,0.039770719489870987,0.22855555555555557
6,0.55000000000000004,0.92828611111111103,0.17053044473319423,0.32901021935942099,0.31020941395359913,-0.018800805405821852,0.31442614411545089,0.33136581256736719,0.016939668451916301,-0.014584075243970096,0.22180555555555556
7,0.55000000000000004,0.93730185185185189,0.10477999742990984,0.32732948081868052,0.29214884941221808,-0.035180631406462437,0.37151850803667064,0.36168392534111149,-0.0098345826955591464,0.044189027217990118,0.24308333333333335
8,0.55000000000000004,0.92413078703703688,0.21020628907964023,0.24153937692000016,0.2428613710086045,0.0013219940886043391,0.2813383261958754,0.27104283618824543,-0.01029549000762997,0.039798949275875239,0.230375
9,0.55000000000000004,0.94271423611111116,0.10406525679604217,0.10766814526631863,0.10509379310394196,-0.0025743521623766696,0.18082234652718354,0.16445907153508432,-0.016363274992099219,0.073154201260864915,0.25487500000000002
10,0.55000000000000004,0.93457893518518509,0.24584295427395242,0.33230405695377985,0.33906765076040724,0.0067635938066273882,0.39421427674835363,0.40530935073961905,0.011095073991265414,0.061910219794573784,0.23774999999999999
11,0.55000000000000004,0.92482094907407408,0.1794232268643331,0.24293898230304178,0.22590543301646704,-0.017033549286574745,0.31291312337627364,0.29320855379376398,-0.019704569582509657,0.069974141073231855,0.22612499999999999
12,0.55000000000000004,0.93015625000000002,0.26205421510179061,0.15502844193613852,0.15236440320770084,-0.0026640387284376787,0.38644180215864321,0.38731870103709876,0.00087689887845554537,0.23141336022250469,0.22812499999999999
13,0.55000000000000004,0.91339351851851858,0.26421079389060265,0.23218348495876362,0.27560071987211032,0.043417234913346703,0.36228070683080682,0.36161354259342282,-0.00066716423738399921,0.1300972218720432,0.22591666666666665
14,0.55000000000000004,0.93267835648148145,0.32439550084501034,0.34120297083930906,0.33018941833043769,-0.011013552508871371,0.36809680360938368,0.3521750895249941,-0.015921714084389582,0.026893832770074622,0.22731944444444444
15,0.55000000000000004,0.90354664351851854,0.13224398130461401,0.21527084659241924,0.20832207539846548,-0.0069487711939537622,0.26073240059425318,0.25042910203567537,-0.010303298558577811,0.045461554001833937,0.22036111111111112
16,0.55000000000000004,0.92626712962962954,0.4589017955456447,0.35282135567067374,0.35813411717094679,0.0053127615002730444,0.47042735095822619,0.44496435919749566,-0.025462991760730525,0.11760599528755245,0.23556944444444444
17,0.55000000000000004,0.92171134259259258,0.31829818508640983,0.2572788428720989,0.26654836048724662,0.0092695176151477154,0.31183517877151501,0.31440782637425557,0.0025726476027405631,0.054556335899416109,0.22712499999999999
18,0.55000000000000004,0.92878611111111109,0.14835230400528521,0.25436872089531737,0.23430647913196756,-0.020062241763349808,0.29944595905648208,0.2807131431021116,-0.018732815954370485,0.045077238161164712,0.22572222222222221
19,0.55000000000000004,0.93627777777777776,0.26831831403026085,0.19295079936085302,0.19468924357760153,0.0017384442167485137,0.34811030123244169,0.32797023326820585,-0.020140067964235842,0.15515950187158867,0.24345833333333333
20,0.55000000000000004,0.92689421296296304,0.16541920834148283,0.23680068052875114,0.24142564354569818,0.0046249630169470368,0.21357589730483428,0.22355852021600087,0.0099826229111665832,-0.023224783223916856,0.23027777777777778
21,0.55000000000000004,0.91551724537037027,0.29068595463431279,0.23383132695676956,0.22950277166676525,-0.0043285552900043101,0.24529196968345346,0.2474220241961379,0.0021300545126844428,0.011460642726683901,0.21969444444444444
22,0.55000000000000004,0.91943657407407409,0.24903311639612091,0.40094059715576602,0.40897432064793937,0.0080337234921733502,0.40802946728384093,0.40683079778876419,-0.0011986694950767429,0.0070888701280749089,0.22590277777777779
23,0.55000000000000004,0.91238194444444431,0.24711268800834407,0.25080492937850651,0.26716370968451908,0.016358780306012566,0.2874684290976538,0.29042041320741518,0.0029519841097613853,0.036663499719147286,0.22093055555555555
24,0.55000000000000004,0.92413564814814808,0.31744335879366847,0.081530238998952065,0.078953380402025153,-0.002576858596926912,0.37252790916919865,0.38876109774782619,0.016233188578627544,0.29099767017024658,0.22443055555555555
25,0.55000000000000004,0.92712766203703711,0.29181608075609256,0.30650826223054994,0.31167204996430309,0.0051637877337531446,0.35104069652852243,0.34389854544715703,-0.0071421510813653999,0.04453243429797249,0.22127777777777777
26,0.55000000000000004,0.91505532407407408,0.075691076062818441,0.27825069624066245,0.31433376911133748,0.036083072870675026,0.37286845021610138,0.372946557662864,7.8107446762620825e-05,0.094617753975438923,0.21980555555555556
27,0.55000000000000004,0.92721828703703713,0.19242526814934402,0.20671384183787778,0.19675271655958249,-0.0099611252782952908,0.27383977421113237,0.27414941663049874,0.00030964241936637382,0.067125932373254593,0.24218055555555557
28,0.55000000000000004,0.91887361111111099,0.39553185661204526,0.28289749142644083,0.26690817651841769,-0.015989314908023133,0.4866901997071813,0.47506900759838921,-0.011621192108792089,0.20379270828074048,0.22280555555555556
29,0.55000000000000004,0.92646122685185184,0.26179075054174683,0.27789852046243535,0.2941791217932066,0.016280601330771249,0.32972474349913117,0.31035807382238989,-0.019366669676741277,0.051826223036695818,0.21763888888888888
30,0.55000000000000004,0.93070833333333314,0.22861808208336731,0.32408216974950532,0.33804053334134621,0.013958363591840883,0.37304681233284076,0.35173307974568713,-0.021313732587153633,0.048964642583335438,0.23526388888888888
31,0.55000000000000004,0.93225625000000001,0.33371332968855871,0.25886755520176252,0.22959335597551001,-0.029274199226252517,0.34987123349374494,0.36809248977716791,0.018221256283422971,0.091003678291982415,0.23680555555555555
32,0.55000000000000004,0.92673159722222209,0.19649639450040268,0.19289425542573835,0.17700173044477141,-0.015892524980966938,0.24565166862924148,0.2481293908607074,0.0024777222314659175,0.052757413203503134,0.24204166666666665
33,0.55000000000000004,0.92892106481481485,0.089957606226165554,0.056640819320385893,0.056802380350018389,0.00016156102963249541,0.12694382084778844,0.12480897184896578,-0.0021348489988226582,0.070303001527402542,0.24584722222222222
34,0.55000000000000004,0.93412650462962965,0.072195165711510745,0.21248940266034011,0.21032120456860759,-0.0021681980917325205,0.22841788233729587,0.22377906648811341,-0.0046388158491824649,0.015928479676955765,0.23426388888888888
35,0.55000000000000004,0.92622060185185173,0.22384996315734673,0.19167717853633248,0.17392756116442365,-0.017749617371908832,0.31312124502592142,0.30311767737798367,-0.01000356764793775,0.12144406648958894,0.22733333333333333
36,0.55000000000000004,0.93257245370370356,0.26900218741720316,0.23617421810696937,0.25817525945138897,0.022001041344419603,0.33908281622330982,0.3344095841946676,-0.0046732320286422269,0.10290859811634046,0.23916666666666667
37,0.55000000000000004,0.92264189814814823,0.19490382945261719,0.21262122049732812,0.1896784789539685,-0.022942741543359624,0.28081408853278378,0.28647228693240379,0.0056581983996200069,0.068192868035455656,0.23052777777777778
38,0.55000000000000004,0.92413506944444446,0.22799947936893039,0.24871887680270166,0.26406207206221632,0.015343195259514664,0.27978940735274582,0.26891569274264637,-0.01087371461009945,0.031070530550044162,0.22768055555555555
39,0.55000000000000004,0.93171840277777784,0.34286799375243227,0.25202675184432344,0.27429927241204,0.022272520567716558,0.350450754434392,0.35067156325073656,0.00022080881634456428,0.09842400259006856,0.22348611111111111
40,0.55000000000000004,0.90648020833333331,0.13218191060480211,0.22682653520702067,0.23953510821180612,0.012708573004785451,0.32702817209447255,0.34177133138859606,0.014743159294123509,0.10020163688745187,0.21612500000000001
41,0.55000000000000004,0.93009293981481489,0.39886923687360143,0.39919480774942906,0.39200599924999935,-0.0071888084994297108,0.45295990531036256,0.44986650951225604,-0.0030933957981065241,0.053765097560933506,0.23090277777777779
42,0.55000000000000004,0.9297481481481481,0.37400560809444261,0.31090404073200528,0.33165028234401628,0.020746241612010996,0.40570792790590104,0.39761425372411663,-0.008093674181784416,0.094803887173895762,0.24044444444444443
43,0.55000000000000004,0.91879178240740744,0.3123678528786884,0.27541883313624482,0.28301320725819246,0.0075943741219476335,0.29953466156588293,0.29877573523993695,-0.00075892632594598552,0.024115828429638109,0.21501388888888889
44,0.55000000000000004,0.91845682870370371,0.19751197256090924,0.13650154267213765,0.13794280083199773,0.0014412581598600704,0.22173859459913647,0.24014854189504031,0.018409947295903839,0.085237051926998819,0.23240277777777779
45,0.55000000000000004,0.94260694444444448,0.37467010217762919,0.22387481091551298,0.20636111712832339,-0.017513693787189588,0.41168518343544114,0.40664042900881581,-0.0050447544266253308,0.18781037251992816,0.24265277777777777
46,0.55000000000000004,0.90743692129629638,0.23937324010219996,0.23687858122632877,0.23623676137138294,-0.00064181985494582428,0.24271771623735172,0.24342165181717512,0.00070393557982340038,0.0058391350110229556,0.22088888888888888
47,0.55000000000000004,0.92108194444444447,0.17080265420558005,0.22491593447071312,0.2395728734127025,0.014656938941989384,0.26231471511980775,0.24427458936818969,-0.018040125751618064,0.037398780649094632,0.22494444444444445
48,0.55000000000000004,0.93143159722222224,0.14082798937796825,0.20861069762778739,0.20901175097574298,0.00040105334795559333,0.21913577090219116,0.21406368764566863,-0.0050720832565225304,0.010525073274403773,0.2306111111111111
49,0.55000000000000004,0.90882384259259252,0.3695660286461665,0.33958655707602059,0.32721145340856916,-0.012375103667451426,0.50477095282621287,0.48823147090152685,-0.016539481924686017,0.16518439575019228,0.21575
50,0.55000000000000004,0.91425162037037033,0.31118203573946013,0.34748404745980499,0.34955657455554334,0.0020725270957383524,0.40343701986381364,0.3831102162000759,-0.020326803663737736,0.05595297240400865,0.22631944444444443
51,0.55000000000000004,0.93977303240740728,0.43963842124336716,0.28326826982771847,0.32092642774621849,0.037658157918500024,0.43448044905410066,0.43556692924853024,0.0010864801944295843,0.15121217922638219,0.23665277777777777
52,0.55000000000000004,0.94278437500000012,0.26922316941050717,0.36777419554584212,0.35728969763870322,-0.010484497907138901,0.37434954641474938,0.34953679735382115,-0.02481274906092823,0.0065753508689072593,0.24726388888888889
53,0.55000000000000004,0.926905324074074,0.21910001684825642,0.35901123989544692,0.36066292878809558,0.0016516888926486617,0.3904059985621382,0.3937890014551817,0.0033830028930434963,0.03139475866669128,0.23225000000000001
54,0.55000000000000004,0.90914560185185189,0.31019895008588572,0.34435754068840874,0.36296889687791256,0.018611356189503825,0.3367546079260304,0.33742576345800612,0.00067115553197572009,-0.0076029327623783338,0.207625
55,0.55000000000000004,0.93436851851851854,0.35015141723393095,0.32993574505184486,0.32824498648152678,-0.001690758570318085,0.37020771591758994,0.37003732800885925,-0.00017038790873069587,0.040271970865745077,0.23816666666666667
56,0.55000000000000004,0.92866608796296302,0.25827674583967308,0.090664151792542169,0.012977325934238615,-0.077686825858303554,0.33541879967473132,0.31415664876100802,-0.021262150913723299,0.24475464788218915,0.23693055555555556
57,0.55000000000000004,0.89408182870370378,0.43737181244993306,0.34521852073374926,0.32010257558117627,-0.025115945152572983,0.37324634173301863,0.36718340353081302,-0.0060629382022056033,0.028027820999269371,0.21272222222222223
58,0.55000000000000004,0.91423599537037037,0.17382780608406856,0.20826114870182999,0.19294315608063717,-0.015317992621192822,0.26892114012134583,0.28037087196305288,0.011449731841707056,0.060659991419515835,0.23574999999999999
59,0.55000000000000004,0.9237774305555555,-0.017814381520398381,0.17521746962159845,0.18656337270059153,0.01134590307899308,0.20025613619587135,0.20867347256166635,0.0084173363657950029,0.025038666574272894,0.22275
60,0.55000000000000004,0.91712222222222228,0.23205381692306126,0.22841250120307943,0.22572502657669025,-0.0026874746263891858,0.24035950320956156,0.24245183778649981,0.0020923345769382484,0.011947002006482133,0.21890277777777778
61,0.55000000000000004,0.92891516203703706,0.30795529371880592,0.094999632006239176,0.11145218889534103,0.016452556889101855,0.20925017012966585,0.20901581141509162,-0.00023435871457422319,0.11425053812342667,0.24198611111111112
62,0.55000000000000004,0.94119062499999995,0.056896222949230135,0.076858161824899018,0.084333012199162338,0.0074748503742633199,0.15490286095092143,0.1535169347792219,-0.0013859261716995253,0.07804469912602241,0.22847222222222222
63,0.55000000000000004,0.93638113425925928,0.41901041923072768,0.26450397106283763,0.2031823224327185,-0.06132164863011913,0.41454149809133289,0.41385214428623152,-0.00068935380510137811,0.15003752702849527,0.23381944444444444
64,0.55000000000000004,0.92666145833333335,0.41534165056407479,0.30516239123336741,0.28688175775114377,-0.01828063348222364,0.39281956550102304,0.40107237843169063,0.0082528129306675968,0.087657174267655624,0.22641666666666665
65,0.55000000000000004,0.91985138888888873,0.26073540006920815,0.25119363851510268,0.22861103559558316,-0.022582602919519523,0.32937480351874227,0.33009071551843672,0.00071591199969445185,0.078181165003639586,0.23098611111111111
66,0.55000000000000004,0.93294050925925942,0.080860163940571606,0.1869941920614393,0.20211470422473876,0.01512051216329946,0.20343575358184518,0.2004568323043483,-0.0029789212774968821,0.016441561520405878,0.22844444444444445
67,0.55000000000000004,0.91934594907407396,0.23083948477053062,0.14888091071196796,0.15526921845390718,0.0063883077419392142,0.28259399696293885,0.27022952892099217,-0.012364468041946686,0.13371308625097089,0.22848611111111111
68,0.55000000000000004,0.93144236111111101,0.29955543334684276,0.3295591870191148,0.32390322276826522,-0.0056559642508495767,0.38754197187571393,0.38577319699504231,-0.0017687748806716197,0.057982784856599134,0.23315277777777776
69,0.55000000000000004,0.93100370370370367,0.34339191841632188,0.37176784807258878,0.37706990685069564,0.0053020587781068551,0.37109346728225412,0.368209501027432,-0.0028839662548221234,-0.00067438079033466103,0.22115277777777778
70,0.55000000000000004,0.9233268518518517,0.30353178093413069,0.28808175493714805,0.28482424674386486,-0.0032575081932831873,0.34436727845858361,0.33353219405319445,-0.010835084405389162,0.056285523521435565,0.23108333333333334
71,0.55000000000000004,0.93410451388888893,0.33147662082993512,0.29198111448154029,0.29839966966963338,0.0064185551880930891,0.36854193033132276,0.37119896001259789,0.0026570296812751248,0.076560815849782471,0.23404166666666668
72,0.55000000000000004,0.91297280092592592,0.33956397277853279,0.35336848316945402,0.35138297030144527,-0.001985512868008743,0.43120290755541024,0.43308795873991979,0.0018850511845095452,0.077834424385956225,0.23354166666666668
73,0.55000000000000004,0.91984942129629632,0.24504956001661182,0.24595596204993619,0.25219582682310993,0.0062398647731737311,0.22323746433591141,0.22253964939949067,-0.00069781493642073755,-0.022718497714024788,0.23559722222222224
74,0.55000000000000004,0.91486331018518519,0.13546640456915549,0.261050777525206,0.25564083416261763,-0.0054099433625883764,0.31699274740541628,0.30586953233274849,-0.01112321507266778,0.055941969880210274,0.21641666666666667
75,0.55000000000000004,0.93018287037037028,0.35671781637730027,0.2812849505610534,0.2864130193679868,0.0051280688069333946,0.34511040744923371,0.33997721122003288,-0.0051331962292008315,0.06382545688818031,0.23301388888888888
76,0.55000000000000004,0.91705254629629618,0.1988567170442026,0.21537429000481867,0.23185866655864429,0.016484376553825619,0.30678328311775438,0.28712286486060856,-0.019660418257145817,0.09140899311293571,0.2142361111111111
77,0.55000000000000004,0.92570671296296292,0.22711964760879677,0.16387715499679123,0.16098103997536617,-0.0028961150214250608,0.32063093807350551,0.32825237727437417,0.0076214392008686627,0.15675378307671428,0.2291111111111111
78,0.55000000000000004,0.92192314814814835,0.22596991096632413,0.3300856610173748,0.34541524584657113,0.01532958482919633,0.36092584408061024,0.35907032550661999,-0.0018555185739902447,0.030840183063235438,0.23509722222222224
79,0.55000000000000004,0.92838333333333323,0.26007563514346566,0.16873347367021019,0.17712166572673615,0.0083881920565259671,0.21204694255729051,0.22346340423269095,0.011416461675400447,0.04331346888708032,0.24076388888888889
80,0.55000000000000004,0.91957916666666673,0.31357209977115552,0.14027464957874569,0.169024660077564,0.028750010498818312,0.42734202683131295,0.41602352024772116,-0.011318506583591792,0.28706737725256726,0.22708333333333333
81,0.55000000000000004,0.93035787037037043,0.036797620751580551,0.3640951197632879,0.33923624978603528,-0.024858869977252618,0.34483518815821135,0.34780373024643751,0.0029685420882261671,-0.019259931605076552,0.23219444444444445
82,0.55000000000000004,0.92759733796296295,0.27957876392329817,0.32668163516340532,0.31500677208532846,-0.011674863078076858,0.36878874776768089,0.36523017584028628,-0.0035585719273946159,0.042107112604275576,0.23397222222222222
83,0.55000000000000004,0.92722592592592601,0.17953370582791539,0.17518717998136357,0.14152442095966722,-0.033662759021696353,0.2200990590408991,0.21164172794793379,-0.0084573310929653145,0.044911879059535531,0.22995833333333332
84,0.55000000000000004,0.90249097222222208,0.26146929545262565,0.34345067160850584,0.33303662765028486,-0.010414043958220986,0.38134372602957967,0.36832090555587993,-0.013022820473699737,0.037893054421073824,0.22005555555555556
85,0.55000000000000004,0.92758819444444451,0.061075014147154327,0.21438762094557229,0.22167344198186489,0.0072858210362926057,0.22391362806842363,0.20160195056001984,-0.022311677508403793,0.0095260071228513432,0.22688888888888889
86,0.55000000000000004,0.92086851851851848,0.16170662231344535,0.15346768720695947,0.1608276231750545,0.0073599359680950327,0.25979145196582831,0.2451714177057962,-0.014620034260032111,0.10632376475886884,0.22665277777777779
87,0.55000000000000004,0.93959537037037044,0.17371868008825075,0.25712240041852785,0.26356146263400893,0.0064390622154810728,0.33310615472588456,0.32496591688388499,-0.0081402378419995758,0.07598375430735671,0.23797222222222222
88,0.55000000000000004,0.92707106481481472,0.16364626837619245,0.22329247271851538,0.24197206951021821,0.018679596791702835,0.30926295953620908,0.30237845761518578,-0.0068845019210233005,0.085970486817693703,0.22648611111111111
89,0.55000000000000004,0.91031921296296281,0.29873128973003937,0.33671494530480406,0.32619585389916428,-0.01051909140563978,0.34669398905915338,0.34687240116244267,0.0001784121032892827,0.009979043754349326,0.22888888888888889
90,0.55000000000000004,0.93927060185185185,0.26422096715897803,0.26184568680733045,0.26884124292505396,0.0069955561177235115,0.37054844773549112,0.37256610771671828,0.0020176599812271601,0.10870276092816067,0.23756944444444444
91,0.55000000000000004,0.92287731481481483,0.36589278335357356,0.36255511956509057,0.3664445877380752,0.0038894681729846337,0.40615738336851559,0.40201062465173154,-0.0041467587167840492,0.043602263803425023,0.23980555555555555
92,0.55000000000000004,0.92108553240740731,0.30814295377803835,0.28057143458544398,0.29236110007996707,0.011789665494523094,0.42127642652657971,0.41712048349654907,-0.0041559430300306399,0.14070499194113573,0.21629166666666666
93,0.55000000000000004,0.91522118055555535,0.22021509098957259,0.24453272459392572,0.25085778740612574,0.0063250628122000219,0.26280766415381007,0.264209105741817,0.0014014415880069242,0.018274939559884351,0.21712500000000001
94,0.55000000000000004,0.93624236111111114,0.11211346149044654,0.15870615868850846,0.16102306285352708,0.0023169041650186184,0.29913460601806086,0.28323049971090575,-0.015904106307155108,0.1404284473295524,0.25095833333333334
95,0.55000000000000004,0.94219965277777773,0.3473553450788911,0.19410230373236081,0.18230604139855011,-0.011796262333810703,0.35136872590117851,0.35612027048926664,0.0047515445880881302,0.1572664221688177,0.2482361111111111
96,0.55000000000000004,0.92924953703703717,0.25311669031171002,0.22248809346951759,0.20404306361235314,-0.018445029857164452,0.38772975569811996,0.38102834861457657,-0.006701407083543387,0.16524166222860237,0.22641666666666665
97,0.55000000000000004,0.92286493055555552,0.24368253080614954,0.2366955275286603,0.23855508219196486,0.0018595546633045634,0.30213251494479654,0.30918096990805455,0.0070484549632580107,0.065436987416136239,0.23794444444444443
98,0.55000000000000004,0.91886458333333343,0.24721561044079432,0.32106108575379533,0.29873499981119611,-0.022326085942599216,0.39235054722262064,0.40246427290028042,0.010113725677659779,0.07128946146882531,0.22954166666666667
99,0.55000000000000004,0.93507766203703702,0.19980260886888068,0.15864490740438875,0.1842483374463868,0.025603430041998054,0.24438612775980839,0.23475843569482113,-0.0096276920649872588,0.085741220355419645,0.23473611111111112
0,0.59999999999999998,0.92667476851851838,0.076455253026249781,0.15539950128865343,0.13389305875080071,-0.021506442537852721,0.13457532834337205,0.10652489734115056,-0.028050431002221488,-0.020824172945281383,0.2326111111111111
1,0.59999999999999998,0.92824201388888883,0.18050372007158744,0.22761593379666656,0.22494066657365486,-0.0026752672230117014,0.23414200738954194,0.22372868047571715,-0.010413326913824794,0.006526073592875381,0.23076388888888888
2,0.59999999999999998,0.92767187500000003,0.25811482958328291,0.20927246593167759,0.223233395771398,0.013960929839720415,0.26363949711728141,0.2611140276397691,-0.0025254694775123099,0.05436703118560382,0.23566666666666666
3,0.59999999999999998,0.92991122685185168,0.23093506336106884,0.21399842542341529,0.21971767221540839,0.0057192467919930934,0.27074429850760273,0.2771577206987772,0.0064134221911744671,0.056745873084187437,0.2281111111111111
4,0.59999999999999998,0.92994409722222215,0.30485699411757228,0.17376334570860796,0.17833553372785493,0.0045721880192469699,0.23165107094370363,0.23398044402255835,0.002329373078854724,0.057887725235095666,0.23719444444444446
5,0.59999999999999998,0.92184594907407424,0.069856860480013605,0.20989137303344463,0.20479820749538469,-0.0050931655380599405,0.15581141546053701,0.16179051775788733,0.0059791022973503249,-0.054079957572907622,0.22833333333333333
6,0.59999999999999998,0.93405671296296289,0.20470951433510676,0.36733817048218054,0.35304323445074448,-0.014294936031436056,0.37006109080924721,0.37537559233307893,0.0053145015238317272,0.0027229203270666691,0.25044444444444447
7,0.59999999999999998,0.93394953703703709,0.20758018292687752,0.16230830013353259,0.16850406469690216,0.0061957645633695657,0.22969422924536909,0.23547773812759298,0.0057835088822238978,0.067385929111836496,0.23930555555555555
8,0.59999999999999998,0.93479513888888877,0.095712473843189816,0.23201888794945102,0.25568345920424584,0.023664571254794819,0.26798671379429884,0.26990719571525046,0.0019204819209516222,0.035967825844847812,0.23847222222222222
9,0.59999999999999998,0.94480682870370369,0.099861332096658595,0.15370228739279823,0.16088023020610964,0.0071779428133114109,0.22660950597381624,0.21215462285222841,-0.014454883121587825,0.072907218581018007,0.25222222222222224
10,0.59999999999999998,0.93929675925925926,0.29471526129593595,0.16824028120430601,0.1633733269915103,-0.0048669542127957044,0.32526737787287163,0.33037224309833479,0.0051048652254631621,0.15702709666856562,0.25368055555555558
11,0.59999999999999998,0.956615162037037,0.14982276792705596,0.010411614139806735,-0.042024276138679095,-0.052435890278485831,0.19297976151377216,0.2142460209924173,0.021266259478645133,0.18256814737396543,0.26902777777777775
12,0.59999999999999998,0.94493935185185185,0.22902372192360643,0.28789471144753365,0.26846778000944316,-0.019426931438090489,0.36733449353662195,0.35479076854036529,-0.012543724996256667,0.079439782089088307,0.24184722222222221
13,0.59999999999999998,0.95311597222222222,0.26913884356717355,0.27753719382945952,0.26249217733485475,-0.015045016494604768,0.34392047982704155,0.34883513918614784,0.0049146593591062882,0.066383285997582031,0.25593055555555555
14,0.59999999999999998,0.91263611111111109,0.18035879765538609,0.24984469700153988,0.24509230889979283,-0.0047523881017470515,0.26954865106117187,0.28309529643201581,0.013546645370843935,0.01970395405963199,0.22791666666666666
15,0.59999999999999998,0.93828437499999995,0.32602241229000428,0.32823420906147838,0.35657309545281257,0.028338886391334195,0.41816926230641704,0.43645743684226568,0.018288174535848634,0.089935053244938667,0.24251388888888889
16,0.59999999999999998,0.93480451388888885,0.21722993984415406,0.25236650673172223,0.28023537125618025,0.027868864524458026,0.34295914925136783,0.33454738024412622,-0.0084117690072416096,0.090592642519645605,0.24415277777777777
17,0.59999999999999998,0.95212210648148154,0.24106915526018502,0.22195040860900062,0.16940918839546226,-0.052541220213538353,0.30758574918487169,0.30496752167235464,-0.0026182275125170573,0.085635340575871077,0.25040277777777775
18,0.59999999999999998,0.92894641203703709,0.32900290790679931,0.31560122379479305,0.28732399945202536,-0.028277224342767693,0.35549989513000446,0.34322505981589679,-0.012274835314107668,0.039898671335211411,0.24309722222222221
19,0.59999999999999998,0.93542442129629633,0.32799606979893681,0.1909638639601694,0.20814683411073653,0.017182970150567134,0.28665876221025344,0.29363867923543119,0.0069799170251777509,0.095694898250084037,0.25347222222222221
20,0.59999999999999998,0.93468796296296297,0.17617061275266754,0.23180914090450555,0.22455441760350958,-0.0072547233009959688,0.24241354835548068,0.24569415862754895,0.0032806102720682739,0.010604407450975128,0.22625000000000001
21,0.59999999999999998,0.92501469907407408,0.29189009877588001,0.32102416298056546,0.31548356033757119,-0.0055406026429942745,0.35874460387102525,0.35873107426496575,-1.3529606059492494e-05,0.037720440890459783,0.25256944444444446
22,0.59999999999999998,0.94433981481481488,0.083904754340689336,0.28098213394018856,0.27441059070126461,-0.0065715432389239492,0.27534406732288119,0.28178021919697926,0.0064361518740980728,-0.005638066617307369,0.24695833333333334
23,0.59999999999999998,0.93658379629629629,0.21584772546947606,0.17850350873919862,0.15624032076432492,-0.022263187974873699,0.33983333267007165,0.35646095820418555,0.016627625534113899,0.16132982393087303,0.23459722222222223
24,0.59999999999999998,0.94512094907407407,0.19461820451550271,0.31580571323017248,0.32410829593880019,0.0083025827086277149,0.37928644591174754,0.36651571877167188,-0.012770727140075655,0.063480732681575058,0.2497361111111111
25,0.59999999999999998,0.89881793981481495,0.12550412401816335,0.24433765589783329,0.23621968598244125,-0.0081179699153920426,0.2203011222723793,0.22246419796842631,0.0021630756960470121,-0.024036533625453993,0.21365277777777777
26,0.59999999999999998,0.93891782407407398,0.23545264851570824,0.17274765966226846,0.18628896276476203,0.013541303102493574,0.30101894301695009,0.3035856699214845,0.002566726904534411,0.12827128335468163,0.25319444444444444
27,0.59999999999999998,0.93797800925925934,0.38227119800878639,0.24830157510588047,0.24004575130510253,-0.0082558238007779394,0.35888766006787465,0.35044322730029498,-0.0084444327675796682,0.11058608496199418,0.23377777777777778
28,0.59999999999999998,0.95840486111111112,0.21932637158531598,0.32188469276582021,0.32698893321908151,0.0051042404532612995,0.3582710531882306,0.35548860960863304,-0.0027824435795975599,0.036386360422410391,0.26724999999999999
29,0.59999999999999998,0.9465527777777778,0.27645196408895567,0.37334810794163276,0.35133633205508696,-0.022011775886545792,0.44269501709322179,0.4498846149951089,0.0071895979018871126,0.069346909151589031,0.25277777777777777
30,0.59999999999999998,0.95892824074074079,0.10061080359561503,0.33340854882560556,0.33188146624857673,-0.0015270825770288265,0.31231905437373675,0.30400754956216569,-0.0083115048115710577,-0.021089494451868807,0.25584722222222223
31,0.59999999999999998,0.94661041666666668,0.31672416052581243,0.065342691223138294,0.10500960955202354,0.039666918328885248,0.37596685319976986,0.37030562226415731,-0.005661230935612549,0.31062416197663156,0.24370833333333333
32,0.59999999999999998,0.93618807870370369,0.28089678828758569,0.30786544971584417,0.31445813198286232,0.0065926822670181462,0.37418516888140096,0.37660895368487413,0.0024237848034731613,0.06631971916555679,0.22898611111111111
33,0.59999999999999998,0.92498391203703711,0.31359903697945735,0.28892028331739039,0.27573440393369786,-0.013185879383692534,0.38819135092372881,0.39922322959570555,0.011031878671976747,0.099271067606338415,0.22005555555555556
34,0.59999999999999998,0.93600254629629631,0.16614518856808114,0.24151191734314004,0.25550015750866373,0.013988240165523691,0.28266024651499222,0.28384855330891301,0.0011883067939207903,0.041148329171852183,0.24525
35,0.59999999999999998,0.93376249999999994,0.17216843786800606,0.3029297206103575,0.28916805831730119,-0.013761662293056309,0.29651046262106284,0.30279505283648778,0.0062845902154249345,-0.0064192579892946577,0.24993055555555554
36,0.59999999999999998,0.92412268518518514,0.23860006124431365,0.34366907311719186,0.34836875951596546,0.0046996863987736059,0.36383000800949716,0.34542521372519219,-0.018404794284304971,0.020160934892305304,0.23427777777777778
37,0.59999999999999998,0.94476620370370368,0.19163015407522976,0.2904804869952069,0.31517453294277298,0.024694045947566079,0.30309322954159568,0.29269618066406733,-0.010397048877528348,0.012612742546388778,0.24758333333333332
38,0.59999999999999998,0.94065289351851844,0.066574651179659994,0.32475126542293753,0.31846302404803684,-0.0062882413749006938,0.31000855898373569,0.2992817114638805,-0.010726847519855198,-0.014742706439201836,0.23808333333333334
39,0.59999999999999998,0.94549745370370364,0.23169961798769001,0.22882436635070136,0.24123358017271235,0.012409213822010989,0.35259673320510931,0.34458605408963427,-0.008010679115475039,0.12377236685440796,0.23966666666666667
40,0.59999999999999998,0.92693784722222217,0.36300078931638213,0.13455230953530362,0.15942506196684358,0.024872752431539968,0.34634287388028551,0.35660111652324222,0.010258242642956716,0.21179056434498189,0.23602777777777778
41,0.59999999999999998,0.94179837962962953,0.25914722319022498,0.31621132957037823,0.32248598565517905,0.0062746560848008226,0.36662524469276436,0.36349711434620002,-0.0031281303465643395,0.050413915122386133,0.24490277777777777
42,0.59999999999999998,0.93389895833333325,0.36252966715065604,0.28558170193960397,0.31860882755345754,0.03302712561385357,0.38246612270957725,0.37415293950211237,-0.0083131832074648804,0.096884420769973278,0.25105555555555553
43,0.59999999999999998,0.93841435185185185,0.15405750994662637,0.20636061733651545,0.2168926421802907,0.010532024843775245,0.27681071117994838,0.28401750482215915,0.0072067936422107737,0.070450093843432926,0.23886111111111111
44,0.59999999999999998,0.934819212962963,0.19459712232079862,0.29532884060564935,0.26542354957253578,-0.029905291033113568,0.35613717380682042,0.35567212116155622,-0.00046505264526419676,0.060808333201171072,0.23806944444444444
45,0.59999999999999998,0.95568159722222212,0.12483001855857256,0.16799240518719172,0.13018514438433249,-0.037807260802859233,0.26865416642364293,0.27125410830070407,0.0025999418770611404,0.10066176123645121,0.26666666666666666
46,0.59999999999999998,0.94557800925925928,0.24331416027824204,0.21921645473633122,0.23657725660085682,0.017360801864525599,0.3108936104769634,0.30517549022971924,-0.0057181202472441628,0.091677155740632177,0.26951388888888889
47,0.59999999999999998,0.94579537037037043,0.30064482425907169,0.35702242676726592,0.373058044180825,0.016035617413559078,0.37143176006036338,0.3828770979180629,0.011445337857699522,0.014409333293097459,0.25137500000000002
48,0.59999999999999998,0.92626516203703702,0.34205523124329218,0.41414568898423498,0.41246445169691959,-0.0016812372873153958,0.40242121854423496,0.39359138538089133,-0.0088298331633436256,-0.011724470440000023,0.2545
49,0.59999999999999998,0.95127696759259261,0.3101033521808737,0.26149574895010541,0.25795137468925811,-0.003544374260847305,0.36884686085142626,0.37751625602976546,0.0086693951783392009,0.10735111190132085,0.26415277777777779
50,0.59999999999999998,0.95256203703703701,0.27487609073499109,0.29751668288278299,0.30182867801517177,0.0043119951323887795,0.34176793155217777,0.33264641895282943,-0.009121512599348347,0.044251248669394783,0.24781944444444445
51,0.59999999999999998,0.93511041666666672,0.44017990306697208,0.29564746405749498,0.29034414832477173,-0.0053033157327232461,0.42082225699148346,0.41955940483334553,-0.0012628521581379282,0.12517479293398848,0.24044444444444443
52,0.59999999999999998,0.92700000000000005,0.30325348792417506,0.23238431885646993,0.23493770165638928,0.0025533827999193459,0.32744458216885919,0.3232826942867506,-0.0041618878821085836,0.095060263312389259,0.25397222222222221
53,0.59999999999999998,0.92932326388888897,0.31177245266579312,0.35470494532400942,0.34649230819372967,-0.0082126371302797541,0.35916394682170616,0.34624843780722048,-0.012915509014485682,0.0044590014976967352,0.23395833333333332
54,0.59999999999999998,0.95521388888888892,0.32370474936028248,0.21978204945846547,0.21752439974779636,-0.0022576497106691074,0.32304385219353249,0.31960504910723664,-0.0034388030862958496,0.10326180273506702,0.25101388888888887
55,0.59999999999999998,0.93706261574074079,0.37942654247977681,0.11743977829624008,0.0893505040153868,-0.028089274280853282,0.49099207996038519,0.4935997222399382,0.002607642279553013,0.3735523016641451,0.24863888888888888
56,0.59999999999999998,0.92323877314814817,-0.0087196076372606512,0.15386355382946726,0.12497361741963442,-0.028889936409832839,0.18632560110772556,0.19634054262388634,0.01001494151616078,0.032462047278258299,0.22684722222222223
57,0.59999999999999998,0.93677731481481485,0.16681481130761122,0.031639419616030229,0.011505243527353159,-0.020134176088677069,0.33611641742195186,0.35429700314760271,0.018180585725650844,0.30447699780592163,0.24631944444444445
58,0.59999999999999998,0.9268023148148149,0.27634795771585219,0.30408284685025622,0.3171255938413714,0.013042746991115184,0.38673205778293029,0.3773052951964877,-0.0094267625864425941,0.082649210932674078,0.23805555555555555
59,0.59999999999999998,0.9329222222222221,0.35351896625578838,0.18765484406254662,0.1868373066761092,-0.00081753738643741691,0.34422555570144242,0.33565098956644313,-0.0085745661349992952,0.1565707116388958,0.23195833333333332
60,0.59999999999999998,0.92335740740740746,0.22994554654109367,0.14492314752388613,0.087134792529611871,-0.05778835499427426,0.28958945140907044,0.28381680206976523,-0.0057726493393052136,0.14466630388518431,0.2388888888888889
61,0.59999999999999998,0.94270034722222207,0.16115873651774892,0.20747003146445664,0.20306669917283637,-0.0044033322916202655,0.24024516221605385,0.23958297830303654,-0.00066218391301731128,0.032775130751597215,0.24040277777777777
62,0.59999999999999998,0.93072199074074069,0.24777701457894286,0.19527597000483488,0.23934191176833952,0.044065941763504646,0.36258754852623754,0.37512993100324554,0.012542382477008007,0.16731157852140266,0.23880555555555555
63,0.59999999999999998,0.92785405092592599,0.23663755265739017,0.26546667916008293,0.24202118976448506,-0.023445489395597874,0.24814256266687751,0.2481720637551984,2.9501088320893487e-05,-0.017324116493205421,0.23599999999999999
64,0.59999999999999998,0.91585798611111102,0.26040239902773399,0.19996293688947631,0.20981103917304966,0.0098481022835733567,0.25977255848494818,0.25421312238697291,-0.0055594360979752677,0.059809621595471874,0.23172222222222222
65,0.59999999999999998,0.93014456018518532,0.32685357336954279,0.3217116280291481,0.30884061147948094,-0.012871016549667158,0.29507884472756185,0.28412419760752516,-0.010954647120036687,-0.026632783301586249,0.23056944444444444
66,0.59999999999999998,0.93290648148148136,0.23096916661374556,0.35746533345309939,0.33743047258219339,-0.020034860870906002,0.39691870483461678,0.39957858073125374,0.0026598758966369651,0.039453371381517388,0.22690277777777779
67,0.59999999999999998,0.92954490740740736,0.24535401450021843,0.26516246276666045,0.26257753919644089,-0.002584923570219555,0.29971016808543494,0.30805013523502633,0.0083399671495913985,0.034547705318774491,0.24102777777777779
68,0.59999999999999998,0.92408611111111105,0.23451357769754544,0.34288920294853853,0.28224385605567059,-0.060645346892867935,0.2998230969329061,0.3110923035224965,0.011269206589590408,-0.043066106015632433,0.23701388888888889
69,0.59999999999999998,0.95111817129629628,0.14536493403462047,0.11300078481487663,0.089458713349004348,-0.023542071465872283,0.23503623256321982,0.23174096881307982,-0.0032952637501399984,0.12203544774834318,0.24820833333333334
70,0.59999999999999998,0.92992997685185186,0.17485606344466387,0.26468648653785121,0.2415658437799888,-0.023120642757862409,0.28482909581178062,0.2662512397748541,-0.018577856036926521,0.020142609273929413,0.24059722222222221
71,0.59999999999999998,0.9459833333333334,0.34114282235011428,0.20818452504652296,0.17412721771732032,-0.034057307329202646,0.33283703620817173,0.31602673187605779,-0.016810304332113946,0.12465251116164877,0.25630555555555556
72,0.59999999999999998,0.92490937500000003,0.25069160703889359,0.26847866840446555,0.25920392193102504,-0.0092747464734405094,0.257513247255584,0.27195767653787373,0.014444429282289728,-0.010965421148881549,0.24569444444444444
73,0.59999999999999998,0.92595578703703707,0.35921626483483349,0.33591254078647159,0.31545977814838033,-0.02045276263809126,0.40661467602214296,0.4148565817749208,0.0082419057527778339,0.070702135235671371,0.22466666666666665
74,0.59999999999999998,0.93563449074074079,0.20129906743787584,0.16082920273883694,0.16246340559481465,0.0016342028559777066,0.30606944803116964,0.30311731774530104,-0.0029521302858686038,0.1452402452923327,0.25127777777777777
75,0.59999999999999998,0.93971678240740741,0.31429459158431261,0.17791438797060144,0.15890663205655309,-0.019007755914048352,0.42324916662203238,0.43641101451188991,0.013161847889857525,0.24533477865143094,0.25093055555555555
76,0.59999999999999998,0.93076261574074071,0.3751713601962231,0.19085551616414698,0.18747727144706827,-0.0033782447170787044,0.39227169326210976,0.37639133366341582,-0.015880359598693938,0.20141617709796278,0.24680555555555556
77,0.59999999999999998,0.92212118055555548,0.23685156055104195,0.22369091167398836,0.2076413730266522,-0.016049538647336159,0.24956141770729523,0.25335942754782736,0.003798009840532135,0.025870506033306873,0.22648611111111111
78,0.59999999999999998,0.93661701388888885,0.27582545186730667,0.15196690134157087,0.19724110894162472,0.045274207600053851,0.30624189670592572,0.32150762204445027,0.015265725338524549,0.15427499536435485,0.23509722222222224
79,0.59999999999999998,0.9484379629629629,0.090198397527546992,0.24078717606731725,0.23931958492803218,-0.0014675911392850738,0.27389190938908259,0.28147289557537591,0.0075809861862933259,0.033104733321765334,0.25180555555555556
80,0.59999999999999998,0.92351076388888886,0.33897076078886346,0.23760595168266885,0.20524175797870658,-0.032364193703962263,0.41307046538610437,0.42750303205924534,0.014432566673140967,0.17546451370343552,0.23369444444444445
81,0.59999999999999998,0.93702500000000011,0.29431841724988672,0.22410932103816283,0.21272829444261443,-0.011381026595548405,0.33408884767849711,0.33013268660392447,-0.0039561610745726394,0.10997952664033428,0.24458333333333335
82,0.59999999999999998,0.94438819444444444,0.29325611200146251,0.30668301573514678,0.29836443272808777,-0.0083185830070590105,0.33115316881820744,0.32823668553293039,-0.0029164832852770495,0.024470153083060664,0.23458333333333334
83,0.59999999999999998,0.93786018518518521,0.22578266423255633,0.27062406469666211,0.28961008136626309,0.01898601666960098,0.29339553301782295,0.28649806315853787,-0.0068974698592850769,0.022771468321160837,0.25254166666666666
84,0.59999999999999998,0.93579270833333339,0.30358008326071806,0.2924282929006734,0.32327223634619229,0.030843943445518884,0.35516054793066909,0.36731695711730983,0.012156409186640738,0.062732255029995687,0.24397222222222223
85,0.59999999999999998,0.9322949074074075,0.10679595271229858,0.23662067367008333,0.23157373468244158,-0.005046938987641747,0.29511402657796737,0.31618985406630529,0.021075827488337917,0.058493352907884044,0.24083333333333334
86,0.59999999999999998,0.94612847222222207,0.21455876015972553,0.080755347265947575,0.013521747467409972,-0.067233599798537602,0.26232873585627192,0.26864391218358441,0.0063151763273124883,0.18157338859032435,0.25119444444444444
87,0.59999999999999998,0.9367537037037037,0.28120967421409171,0.19487206049041206,0.21983534365305635,0.02496328316264429,0.36954899414379894,0.35775918785665151,-0.011789806287147431,0.17467693365338688,0.25480555555555556
88,0.59999999999999998,0.95638587962962962,0.29842591218580627,0.35955797351497232,0.35973157550977219,0.00017360199479987681,0.36141468003690369,0.37067304111086063,0.0092583610739569444,0.0018567065219313728,0.2638888888888889
89,0.59999999999999998,0.93602210648148143,0.17928557716941351,0.21063493164090574,0.19794249665582841,-0.012692434985077328,0.33111800371103373,0.325906810742706,-0.0052111929683277269,0.12048307207012798,0.23980555555555555
90,0.59999999999999998,0.94155763888888888,0.24189459212494291,0.23405790437976481,0.22197626998904774,-0.012081634390717078,0.242941968801342,0.23818563758284561,-0.0047563312184963902,0.0088840644215771869,0.25631944444444443
91,0.59999999999999998,0.93219189814814818,0.31850906723439221,0.37707928121684586,0.37155493548615948,-0.0055243457306863863,0.41760166671165577,0.40566667559987646,-0.011934991111779314,0.040522385494809909,0.22908333333333333
92,0.59999999999999998,0.93894606481481491,0.29961411726672893,0.34655303705530338,0.33463022261738995,-0.011922814437913432,0.38316384047686392,0.3800974137967047,-0.0030664266801592177,0.036610803421560534,0.24291666666666667
93,0.59999999999999998,0.94231562499999999,0.26295054491563929,-0.005360750516116175,-0.0014574208472530881,0.003903329668863087,0.31196386924727237,0.30421026138907614,-0.007753607858196232,0.31732461976338855,0.24319444444444444
94,0.59999999999999998,0.93612662037037031,0.17008049993489638,0.21317747494475714,0.20566099420743822,-0.0075164807373189202,0.30109525120919511,0.28905494896585526,-0.012040302243339851,0.087917776264437975,0.23951388888888889
95,0.59999999999999998,0.91043252314814815,0.24485674588336237,0.34282581649840038,0.33517270737499016,-0.0076531091234102178,0.31659206670556428,0.31392864074343163,-0.0026634259621326484,-0.026233749792836103,0.22776388888888888
96,0.59999999999999998,0.94638136574074083,0.30571304784709818,0.3328625653748144,0.32289411650476751,-0.0099684488700468865,0.36652385832250645,0.36432618595907296,-0.0021976723634334894,0.033661292947692045,0.24452777777777779
97,0.59999999999999998,0.92868391203703704,0.31517024201200061,0.25538345071392532,0.26932588248792688,0.013942431774001562,0.3198619823021509,0.32710859455353547,0.0072466122513845654,0.064478531588225585,0.23545833333333333
98,0.59999999999999998,0.9422797453703704,0.20305907981829419,0.27344094972714605,0.27063470155137082,-0.0028062481757752389,0.27312908232244337,0.27969930730618364,0.0065702249837402693,-0.00031186740470268148,0.23905555555555555
99,0.59999999999999998,0.93220196759259266,0.27582757559179349,0.16558024926138604,0.15046190534420234,-0.015118343917183696,0.38359728903951296,0.38799764558145089,0.0044003565419379331,0.21801703977812692,0.26359722222222221
0,0.65000000000000002,0.95503159722222219,0.20758673551883777,0.29302337241265042,0.27696711541563879,-0.016056256997011631,0.31408189569244838,0.30816819143058805,-0.0059137042618603308,0.021058523279797958,0.25968055555555558
1,0.65000000000000002,0.95446712962962954,0.10529987389019413,0.2111447767831488,0.21813477384875157,0.006989997065602771,0.28703162456480802,0.26956653601411296,-0.017465088550695063,0.075886847781659217,0.26618055555555553
2,0.65000000000000002,0.93598437499999998,0.385397384066965,0.21540927873886839,0.21353888823338329,-0.0018703905054850978,0.29019609267936042,0.30126080961008228,0.011064716930721863,0.074786813940492025,0.2512638888888889
3,0.65000000000000002,0.94969097222222221,0.3317538884151473,0.13045562500710173,0.14714758040581188,0.016691955398710157,0.28536191813382061,0.29358876087786745,0.0082268427440468361,0.15490629312671889,0.25861111111111112
4,0.65000000000000002,0.96466817129629634,0.23830108927385407,0.29451322501796218,0.2749942684573351,-0.019518956560627077,0.31112233921365406,0.32431208925232924,0.013189750038675174,0.016609114195691888,0.25812499999999999
5,0.65000000000000002,0.94469525462962955,0.075931744547867441,0.15298383812937921,0.15206624471926422,-0.00091759341011499185,0.24207508015871104,0.24174684043792583,-0.00032823972078521724,0.08909124202933183,0.24229166666666666
6,0.65000000000000002,0.96354340277777784,0.22910860636437969,0.15772766523734094,0.14574457287187614,-0.011983092365464798,0.28884597271426682,0.28903878866699129,0.00019281595272446772,0.13111830747692588,0.27194444444444443
7,0.65000000000000002,0.9386374999999999,0.12336375086603824,0.32988984601129467,0.30831091827301937,-0.0215789277382753,0.34226131942889249,0.31879107933426132,-0.023470240094631167,0.012371473417597811,0.26501388888888888
8,0.65000000000000002,0.94531990740740746,0.1164441558924062,0.12654770460626508,0.1304986644767705,0.0039509598705054216,0.17540230203466989,0.16127678527067313,-0.014125516763996759,0.048854597428404811,0.25448611111111114
9,0.65000000000000002,0.96341527777777769,0.39014725988525445,0.28107905387175902,0.2718050212496429,-0.009274032622116124,0.37823894170434469,0.38101933469737304,0.0027803929930283466,0.097159887832585667,0.27358333333333335
10,0.65000000000000002,0.9558991898148147,0.37639118618479617,0.20227366840496475,0.17282131989379501,-0.029452348511169735,0.25575366368698427,0.24027836481017439,-0.015475298876809873,0.053479995282019521,0.25977777777777777
11,0.65000000000000002,0.94040231481481484,0.24136504908906087,0.22915054175482963,0.21997220752561919,-0.0091783342292104386,0.23939932356374893,0.26120062100769048,0.021801297443941547,0.010248781808919305,0.24855555555555556
12,0.65000000000000002,0.95238333333333347,0.15366867972151488,0.26143810243012611,0.21536166806523627,-0.04607643436488984,0.26891892646363291,0.24551185518946539,-0.023407071274167524,0.0074808240335068055,0.27423611111111112
13,0.65000000000000002,0.94376261574074072,0.20058403829616855,0.29162118272653337,0.28734240423736124,-0.0042787784891721303,0.31367395664501452,0.33199548633347808,0.018321529688463567,0.02205277391848115,0.23974999999999999
14,0.65000000000000002,0.93820069444444465,0.15223162013329772,0.1616746789972745,0.19375136245711089,0.032076683459836386,0.31221275013044758,0.31045599457819928,-0.0017567555522483014,0.15053807113317308,0.26543055555555556
15,0.65000000000000002,0.9644611111111111,0.24391518115637634,-0.19846607738494271,-0.13180606774576753,0.066660009639175177,0.33755596082745865,0.32074773804761536,-0.016808222779843285,0.53602203821240135,0.26037500000000002
16,0.65000000000000002,0.95424351851851863,0.33366337388328304,0.19459568127178839,0.24775346346495586,0.053157782193167469,0.38996022388669171,0.38867667674312267,-0.0012835471435690415,0.19536454261490332,0.24720833333333334
17,0.65000000000000002,0.96200115740740733,0.14950371055944167,-0.055358406240013869,0.033722547469506758,0.089080953709520627,0.24525804570893295,0.24642809460876303,0.0011700488998300784,0.30061645194894682,0.2877777777777778
18,0.65000000000000002,0.94272685185185179,0.29764206121883063,0.34552346377003906,0.33700640754579647,-0.0085170562242425918,0.37544056042134955,0.37260796433822951,-0.0028325960831200314,0.029917096651310482,0.25558333333333333
19,0.65000000000000002,0.94405694444444432,0.36445752627953298,0.39237763282930838,0.38639010960327003,-0.0059875232260383493,0.40720013833823887,0.39992589203373674,-0.0072742463045021299,0.014822505508930495,0.24829166666666666
20,0.65000000000000002,0.93722858796296293,0.35419310974633667,0.11397144972313922,0.11388832951866634,-8.3120204472875159e-05,0.28802403079751204,0.29083455182469253,0.0028105210271804903,0.17405258107437283,0.24565277777777778
21,0.65000000000000002,0.95835231481481487,0.29088170953510961,0.11029970085775187,0.15961332227601888,0.049313621418267006,0.39862332039753279,0.40012189177905622,0.0014985713815234281,0.28832361953978092,0.25551388888888887
22,0.65000000000000002,0.95230787037037035,0.24040993443926106,0.37247003481206209,0.36978961892859641,-0.002680415883465681,0.36871021712826213,0.3823241236372954,0.013613906509033269,-0.0037598176837999597,0.26541666666666669
23,0.65000000000000002,0.95676145833333326,0.23929583809490729,0.27653572651068736,0.29359880022473295,0.017063073714045585,0.38134928536407842,0.37569945291727036,-0.0056498324468080563,0.10481355885339105,0.27511111111111108
24,0.65000000000000002,0.95344652777777783,0.093669707587447859,0.24831782769269606,0.1960990574406869,-0.052218770252009161,0.3174863452039054,0.32410591489365703,0.0066195696897516365,0.069168517511209338,0.265125
25,0.65000000000000002,0.9512314814814814,0.31611195754472177,0.29694403489337284,0.30708914262266929,0.010145107729296443,0.38085465756410541,0.37971805071181708,-0.0011366068522883355,0.083910622670732571,0.28180555555555553
26,0.65000000000000002,0.94737245370370393,0.2435667881531669,0.25602849445056741,0.27704889098809959,0.021020396537532182,0.37233225318986052,0.36161003503369205,-0.010722218156168473,0.11630375873929311,0.26897222222222222
27,0.65000000000000002,0.94706030092592586,0.29067159033984735,0.24757544657937158,0.24809797516081,0.00052252858143841951,0.33472682218730065,0.34496198907559616,0.01023516688829551,0.087151375607929071,0.25033333333333335
28,0.65000000000000002,0.96468773148148157,0.25103348361134403,0.24725385135439371,0.22473154213261826,-0.022522309221775449,0.27379626246229638,0.2607834699273599,-0.013012792534936479,0.026542411107902675,0.27006944444444442
29,0.65000000000000002,0.96396851851851861,0.25482997893811676,0.26395244705997656,0.23901272236329019,-0.024939724696686372,0.37938385435784872,0.37581544104769848,-0.0035684133101502313,0.11543140729787216,0.26458333333333334
30,0.65000000000000002,0.96238263888888909,0.28514635431324142,0.26154518223906897,0.27217954305602321,0.010634360816954236,0.29537585320989224,0.27682921013228778,-0.018546643077604452,0.033830670970823262,0.27070833333333333
31,0.65000000000000002,0.96072569444444433,0.22613633037774095,0.2234248790111486,0.23456522969873417,0.011140350687585565,0.29006061474037237,0.28772962356168652,-0.0023309911786858484,0.066635735729223766,0.26516666666666666
32,0.65000000000000002,0.95000798611111092,0.13142228347578178,0.26896919145572673,0.28054491546433868,0.011575724008611954,0.28893279163856478,0.29761550450945851,0.0086827128708937273,0.019963600182838048,0.25293055555555555
33,0.65000000000000002,0.96063067129629642,0.18627259738196122,0.29358715497743582,0.29589635752817811,0.0023092025507422953,0.32127774434215572,0.32200360000558126,0.0007258556634255342,0.027690589364719909,0.27162500000000001
34,0.65000000000000002,0.9276899305555556,0.22889151494405824,0.3177513975991122,0.30695169367274988,-0.010799703926362314,0.33712338998267577,0.32340563002777634,-0.013717759954899433,0.019371992383563574,0.24920833333333334
35,0.65000000000000002,0.95366215277777766,0.10961213804334746,0.22319360937623012,0.23028919996180852,0.0070955905855784041,0.31718323870190135,0.30817466995504894,-0.0090085687468524078,0.093989629325671231,0.25111111111111112
36,0.65000000000000002,0.91614247685185191,0.25334760659331645,0.30087745065071925,0.29090267089251032,-0.0099747797582089293,0.31201112326416736,0.31029659078301564,-0.0017145324811517204,0.011133672613448109,0.24319444444444444
37,0.65000000000000002,0.96199803240740744,0.21951168766830986,0.0047117802681340137,0.0070024613675444547,0.002290681099410441,0.30943502312803284,0.30477421766816437,-0.0046608054598684667,0.30472324285989882,0.2729861111111111
38,0.65000000000000002,0.95532222222222218,0.14835305772641183,0.31798825933103203,0.32117216541318561,0.0031839060821535758,0.32230893957942819,0.31858555907956598,-0.0037233804998622055,0.0043206802483961582,0.24404166666666666
39,0.65000000000000002,0.94799155092592591,0.36807500470495025,0.25978153384978653,0.24073814472743693,-0.019043389122349597,0.38181862153571511,0.38512932053285454,0.0033106989971394274,0.12203708768592858,0.25329166666666669
40,0.65000000000000002,0.92573587962962955,0.19800879133351112,0.22156853765570772,0.24341052809449737,0.021841990438789649,0.24194207476658325,0.25117682096813199,0.009234746201548738,0.020373537110875528,0.23320833333333332
41,0.65000000000000002,0.95603958333333339,0.27813490314927836,-0.21642593007695354,-0.20950996078950213,0.0069159692874514178,0.38995246808781359,0.38335918829327653,-0.0065932797945370547,0.60637839816476713,0.27005555555555555
42,0.65000000000000002,0.9487923611111112,0.1896620661033761,0.15895246455748457,0.13252795924439398,-0.026424505313090596,0.1947366244451173,0.19370233599270914,-0.0010342884524081608,0.035784159887632727,0.24751388888888889
43,0.65000000000000002,0.94842175925925931,0.33993581122549466,0.37351564360466083,0.38408382901160287,0.010568185406942043,0.40676610816937053,0.4146991193667906,0.0079330111974200701,0.033250464564709703,0.25206944444444446
44,0.65000000000000002,0.97030694444444443,0.23832324235840019,-0.24106036394938801,-0.28799896647968848,-0.046938602530300466,0.35211862171608432,0.33702080977459847,-0.01509781194148585,0.59317898566547234,0.29575000000000001
45,0.65000000000000002,0.94187268518518519,0.3233231519790376,0.33669850492692555,0.3161191517174976,-0.020579353209427942,0.37913893238603225,0.35979339792393539,-0.019345534462096858,0.0424404274591067,0.26759722222222221
46,0.65000000000000002,0.95689791666666668,0.20969351038240935,-0.0094838289954737309,0.034277643800216362,0.043761472795690093,0.26467959322643775,0.26584500150502577,0.0011654082785880204,0.27416342222191148,0.26641666666666669
47,0.65000000000000002,0.94124166666666664,0.086701523741057551,0.14810713118674312,0.1663864811556145,0.018279349968871372,0.19608638345720864,0.20337849107265227,0.0072921076154436326,0.047979252270465511,0.26648611111111109
48,0.65000000000000002,0.95192361111111101,0.33721800173653427,-0.072552191443897351,-0.1335012432839997,-0.060949051840102353,0.38674874877497678,0.38617606472902632,-0.00057268404595045563,0.45930094021887413,0.25722222222222224
49,0.65000000000000002,0.95058981481481475,0.32948587525706219,0.29164574989030589,0.29284389208442296,0.0011981421941170689,0.31861995597130688,0.319299060588913,0.00067910461760611884,0.026974206081000984,0.26647222222222222
50,0.65000000000000002,0.93883599537037032,0.34446986480168085,0.34548995150529416,0.33357829464028299,-0.011911656865011166,0.37983148093655172,0.38690783328430944,0.0070763523477577195,0.034341529431257567,0.25104166666666666
51,0.65000000000000002,0.94519803240740741,0.1462882308407466,0.14412109263096473,0.16945148876038463,0.025330396129419896,0.22087963337151439,0.22764441673396552,0.0067647833624511211,0.076758540740549663,0.25586111111111109
52,0.65000000000000002,0.94571979166666686,0.24878307924427112,0.24645066134710336,0.23929947956859454,-0.0071511817785088194,0.31705026399633762,0.31433192131363474,-0.0027183426827028789,0.070599602649234261,0.26127777777777778
53,0.65000000000000002,0.95247754629629622,0.28508109609371401,0.28127236448403359,0.28173054302947342,0.00045817854543983572,0.3335329543071468,0.32546992586363488,-0.0080630284435119215,0.052260589823113213,0.267625
54,0.65000000000000002,0.94397314814814803,0.23546807180575546,0.29762137828505753,0.30587019528613157,0.0082488170010740491,0.3556551964526754,0.35311446644732536,-0.0025407300053500448,0.058033818167617879,0.26774999999999999
55,0.65000000000000002,0.94656122685185184,0.29037727305970296,-0.041036525881705144,-0.099230825011891843,-0.0581942991301867,0.2261064882845657,0.23116058849648136,0.0050541002119156575,0.26714301416627084,0.25840277777777776
56,0.65000000000000002,0.95076666666666665,0.2359671976933172,0.27231493610696322,0.27527233356470482,0.0029573974577415951,0.3342417417440664,0.33492414108964619,0.00068239934557978721,0.061926805637103177,0.26245833333333335
57,0.65000000000000002,0.94601041666666674,0.27885591864467729,0.24347518769554299,0.24167846538904336,-0.0017967223064996318,0.29584730902094691,0.30121049143142709,0.0053631824104801717,0.05237212132540392,0.26644444444444443
58,0.65000000000000002,0.93188969907407415,0.22353592856377735,0.23554150180048827,0.23188181972998678,-0.003659682070501491,0.28005314093217426,0.27861038963711482,-0.0014427512950594412,0.044511639131685987,0.24044444444444443
59,0.65000000000000002,0.9468484953703703,0.34320362340226551,0.25408808965519625,0.2657378325786105,0.011649742923414252,0.31210982617031757,0.33032205107820389,0.018212224907886321,0.058021736515121325,0.27520833333333333
60,0.65000000000000002,0.95007824074074076,0.12738204465013403,0.23401802143216588,0.23746815454599168,0.003450133113825804,0.27241229352909646,0.27627825067529488,0.0038659571461984177,0.038394272096930582,0.26811111111111113
61,0.65000000000000002,0.95242743055555568,0.21912773760012239,0.21163835767352424,0.19685789836000056,-0.014780459313523675,0.29860089151325819,0.3047880021902174,0.0061871106769592066,0.086962533839733958,0.28465277777777775
62,0.65000000000000002,0.9480715277777777,0.24775827263352934,0.071316308908001447,0.080513409360756905,0.0091971004527554578,0.31562890473848471,0.3266594240602515,0.011030519321766796,0.24431259583048326,0.26704166666666668
63,0.65000000000000002,0.9496761574074073,0.20801769558642558,0.19946424185431189,0.19962388686165256,0.00015964500734066966,0.23341749772278675,0.21916488795698263,-0.014252609765804114,0.033953255868474863,0.24538888888888888
64,0.65000000000000002,0.969780324074074,0.15850353869587985,0.13955440878688197,0.15445491887447316,0.01490051008759119,0.23911993666894948,0.23274493189365053,-0.0063750047752989536,0.099565527882067517,0.28766666666666668
65,0.65000000000000002,0.95740694444444452,0.22690815611401516,0.17804099259050354,0.16573486667185322,-0.012306125918650324,0.36440982240827846,0.36955456306899681,0.0051447406607183499,0.18636882981777492,0.25900000000000001
66,0.65000000000000002,0.95757372685185194,0.37622497433024815,0.34699020218642496,0.36073431804265055,0.013744115856225592,0.42987636212462932,0.43038935800018452,0.00051299587555519999,0.082886159938204362,0.27386111111111111
67,0.65000000000000002,0.94828611111111127,0.23395242486538315,0.25743552912888701,0.29220415718874326,0.034768628059856255,0.35387141844749015,0.36226921621292885,0.008397797765438697,0.096435889318603141,0.26183333333333331
68,0.65000000000000002,0.94439953703703694,0.35550876810119159,0.15448071293387633,0.13027699483536292,-0.024203718098513405,0.34349149044152993,0.3507062114472872,0.0072147210057572631,0.1890107775076536,0.28016666666666667
69,0.65000000000000002,0.94886192129629643,0.091867009715179027,0.25743624667415244,0.25564143133055584,-0.0017948153435966008,0.33448058265214886,0.31370121227384684,-0.02077937037830202,0.077044335977996425,0.25804166666666667
70,0.65000000000000002,0.96492337962962971,0.14114732563839549,0.075748462932101246,-0.0056410851780275273,-0.081389548110128773,0.19684663801078439,0.19331048921775207,-0.0035361487930323232,0.12109817507868315,0.28030555555555553
71,0.65000000000000002,0.95851944444444459,0.30107087003916544,0.13420778071509054,0.13963647490169451,0.0054286941866039662,0.20069882902605196,0.21041441801738503,0.0097155889913330684,0.06649104831096142,0.27070833333333333
72,0.65000000000000002,0.92979074074074075,0.17690099690548322,0.31037650521915716,0.32137349862824438,0.010996993409087219,0.31208332883676515,0.32874714914528191,0.016663820308516764,0.0017068236176079887,0.23252777777777778
73,0.65000000000000002,0.94821018518518529,0.21882604491504298,0.34953558122659023,0.35602907797753203,0.0064934967509417962,0.32727675518928023,0.31590292403811648,-0.011373831151163749,-0.022258826037309998,0.26431944444444444
74,0.65000000000000002,0.94739537037037047,0.16721071239589491,-0.16011401886293197,-0.10423919728723896,0.055874821575693012,0.31440997965737838,0.32812110924429516,0.013711129586916782,0.47452399852031035,0.25377777777777777
75,0.65000000000000002,0.96663113425925928,0.17946650185688695,0.37366891187181406,0.35764746068055087,-0.016021451191263192,0.38283597839018835,0.36736803775122173,-0.015467940638966615,0.0091670665183742894,0.27813888888888888
76,0.65000000000000002,0.95129826388888894,0.29305075821034299,0.21474741479495452,0.22872758545483662,0.013980170659882107,0.25603354169852588,0.26698095191273119,0.010947410214205311,0.041286126903571363,0.260125
77,0.65000000000000002,0.95818506944444437,0.20220167741805073,0.2823586848953944,0.26652167585229858,-0.015837009043095818,0.37897644430503141,0.3722818227630641,-0.0066946215419673161,0.096617759409637016,0.26747222222222222
78,0.65000000000000002,0.95793229166666671,0.40905969761518168,0.063264538205086485,0.081849258263950619,0.018584720058864135,0.39622423616117119,0.40152750848437979,0.0053032723232085965,0.33295969795608471,0.29244444444444445
79,0.65000000000000002,0.94258645833333332,0.3458114169548715,0.34264798900700499,0.36266746078006828,0.020019471773063291,0.41574703875618924,0.42815177513417391,0.012404736377984671,0.073099049749184242,0.24463888888888888
80,0.65000000000000002,0.9623990740740741,0.27577898423229774,0.34708246549949551,0.35239837345147373,0.0053159079519782271,0.32264838924319161,0.33089960645097183,0.0082512172077802148,-0.024434076256303894,0.26795833333333335
81,0.65000000000000002,0.95654768518518518,0.26398346573239462,0.23387271322115133,0.22959032805023483,-0.0042823851709165028,0.22476266089525598,0.24682955046393018,0.022066889568674197,-0.0091100523258953459,0.27536111111111111
82,0.65000000000000002,0.9543135416666666,0.29959163012007617,0.32750071955344529,0.33415129853799386,0.0066505789845485719,0.31400594862455322,0.31621826041159673,0.0022123117870435083,-0.013494770928892064,0.25756944444444446
83,0.65000000000000002,0.96279571759259264,0.44107586136510257,0.34128990287589944,0.31673835388420035,-0.02455154899169909,0.37455732569102951,0.3646536404273244,-0.0099036852637051087,0.033267422815130065,0.28569444444444442
84,0.65000000000000002,0.94632928240740732,0.22962189352759255,0.26437238303391697,0.24826863821267053,-0.016103744821246435,0.27132320616730043,0.28403449885589638,0.012711292688595943,0.0069508231333834658,0.25204166666666666
85,0.65000000000000002,0.94320567129629629,0.28173944373715898,0.35322130399601626,0.34571450352208755,-0.0075068004739287097,0.32212135444549295,0.33721180163066033,0.015090447185167388,-0.031099949550523309,0.23868055555555556
86,0.65000000000000002,0.9604600694444444,0.24550962417187139,0.24990423228411307,0.24235811591483014,-0.0075461163692829292,0.29835193221804679,0.30436771665373719,0.0060157844356903967,0.048447699933933719,0.27090277777777777
87,0.65000000000000002,0.95449594907407409,0.19062720846394698,0.040640123308397946,0.057892700377661699,0.017252577069263753,0.29818568933134904,0.29472268884095765,-0.003463000490391388,0.25754556602295109,0.27491666666666664
88,0.65000000000000002,0.93069629629629624,0.078605155404731675,0.22026246919407033,0.21592773729078085,-0.0043347319032894793,0.24582616591225714,0.26879267392753914,0.022966508015281994,0.025563696718186812,0.25111111111111112
89,0.65000000000000002,0.94339594907407409,0.18938833739631911,0.27877163087717949,0.27982061663506441,0.0010489857578849238,0.26278812839863197,0.26817321553357254,0.0053850871349405693,-0.015983502478547518,0.24908333333333332
90,0.65000000000000002,0.95542372685185184,0.26863275840201484,0.25884198698229055,0.24653310003166728,-0.012308886950623266,0.35792273234136729,0.36510374749734209,0.0071810151559748014,0.099080745359076738,0.26793055555555556
91,0.65000000000000002,0.95407453703703704,0.32136612012712751,0.24882554890976216,0.25080783206816748,0.001982283158405318,0.33345684488989735,0.31958531159591941,-0.013871533293977945,0.084631295980135191,0.27044444444444443
92,0.65000000000000002,0.94606493055555552,0.26173639147720196,0.2792588439644742,0.25955385436477507,-0.01970498959969913,0.32297733805235418,0.34100956549747463,0.018032227445120452,0.043718494087879978,0.24479166666666666
93,0.65000000000000002,0.95373483796296288,0.15642516463513534,0.22633920576234934,0.2670424793187568,0.04070327355640746,0.27896707865088333,0.29112920109356655,0.012162122442683221,0.052627872888533989,0.26601388888888888
94,0.65000000000000002,0.95211134259259256,0.15450677550220948,0.28952955854655327,0.25245444383176374,-0.037075114714789525,0.32504734082834463,0.31691489720886168,-0.0081324436194829541,0.035517782281791366,0.25963888888888886
95,0.65000000000000002,0.94049849537037034,0.3533414457191999,0.33666413220987756,0.31701998162335077,-0.019644150586526798,0.40786735979281741,0.40738362398298988,-0.00048373580982752351,0.071203227582939843,0.25924999999999998
96,0.65000000000000002,0.9562129629629631,0.1867352143120663,0.14663822230646417,0.14835094678091043,0.0017127244744462589,0.20188337718749261,0.20489739928311623,0.0030140220956236252,0.055245154881028435,0.26344444444444443
97,0.65000000000000002,0.94455578703703702,0.12195160167899954,0.25278025312868224,0.2665446697747883,0.013764416646106059,0.26881612408012667,0.26987554051258422,0.0010594164324575495,0.016035870951444431,0.26468055555555553
98,0.65000000000000002,0.94114085648148149,0.24736684792866503,0.29675561262885564,0.29150177529082066,-0.0052538373380349723,0.33144555674630805,0.34181385464010783,0.010368297893799783,0.034689944117452409,0.25056944444444446
99,0.65000000000000002,0.9641791666666667,0.23525812261480039,0.14677241378410089,0.13918742488835267,-0.0075849888957482126,0.36594664136423694,0.35826440183091524,-0.0076822395333216997,0.21917422758013605,0.28856944444444443
0,0.69999999999999996,0.96221168981481486,0.28820662152998322,0.23088890091235892,0.20599468316678793,-0.02489421774557099,0.31842440422828966,0.31549728423505052,-0.0029271199932391356,0.087535503315930741,0.26974999999999999
1,0.69999999999999996,0.95572372685185192,0.25857080227191021,0.019654058569708477,0.04467027094678655,0.025016212377078073,0.19606081409020459,0.20534562098999976,0.0092848068997951616,0.17640675552049612,0.27261111111111114
2,0.69999999999999996,0.96771840277777788,0.29200086562276251,0.32093872744441532,0.27202791653019365,-0.04891081091422167,0.37291036058989335,0.35950036364043514,-0.013409996949458214,0.051971633145478036,0.27144444444444443
3,0.69999999999999996,0.9618758101851852,0.38384662794770685,0.33524471209168261,0.34065153514281921,0.0054068230511366,0.43305739975139335,0.41772281019789792,-0.015334589553495426,0.09781268765971074,0.27044444444444443
4,0.69999999999999996,0.96601493055555565,0.22303621605224777,0.008334745371850083,-0.082472839703813472,-0.090807585075663555,0.32984381224448933,0.33258334707272919,0.0027395348282398535,0.32150906687263925,0.29416666666666669
5,0.69999999999999996,0.94400312500000005,0.28760936842114759,0.38601932052851695,0.38193333567583665,-0.0040859848526803022,0.39495195880228218,0.39982683082741388,0.0048748720251317046,0.0089326382737652255,0.26272222222222225
6,0.69999999999999996,0.93618356481481479,0.31885352240673281,0.16406968503525932,0.13570237969709475,-0.028367305338164561,0.3731478576416517,0.36111847763623539,-0.012029380005416312,0.20907817260639239,0.24534722222222222
7,0.69999999999999996,0.97202199074074069,0.16064423096149405,0.15060553623034401,0.17042566567049044,0.019820129440146439,0.28519164442631773,0.26662459852070264,-0.018567045905615087,0.13458610819597372,0.28144444444444444
8,0.69999999999999996,0.96146550925925922,0.054218709772762774,0.21069108994829389,0.21105828244131064,0.00036719249301675472,0.26772374188061066,0.25522514388596484,-0.01249859799464581,0.057032651932316769,0.26623611111111112
9,0.69999999999999996,0.97152615740740744,0.24780340106843002,0.32122397774889,0.30777813500891815,-0.013445842739971847,0.38063183529415501,0.38732721478966736,0.0066953794955123547,0.059407857545265008,0.28329166666666666
10,0.69999999999999996,0.96342442129629635,0.26354791757240592,0.28587646082291018,0.24586956034866869,-0.040006900474241491,0.46089605918362331,0.45808218542451007,-0.002813873759113239,0.17501959836071312,0.2766527777777778
11,0.69999999999999996,0.97130439814814817,0.29501105092666791,0.3326129124055005,0.3132925785244608,-0.019320333881039709,0.37086452574550499,0.37227996253786266,0.0014154367923576716,0.038251613340004487,0.28872222222222221
12,0.69999999999999996,0.9670484953703703,0.40762805091637133,0.32471316241530779,0.31107051194856861,-0.013642650466739181,0.37262380194304323,0.36577804407420667,-0.0068457578688365661,0.047910639527735444,0.27091666666666664
13,0.69999999999999996,0.96324027777777788,0.20767749263666557,0.22517622188919462,0.20666466260331418,-0.018511559285880441,0.2390555834950332,0.23580519697303737,-0.0032503865219958294,0.01387936160583858,0.28016666666666667
14,0.69999999999999996,0.96697199074074069,0.43513777059406011,0.31198625182883888,0.34151106838994771,0.029524816561108835,0.43692307884292669,0.44240820557966831,0.005485126736741619,0.12493682701408781,0.29734722222222221
15,0.69999999999999996,0.95870381944444449,0.19695429127077047,0.2880491135502834,0.27854169654666727,-0.0095074170036161254,0.3074765782761264,0.28818224143243676,-0.019294336843689641,0.019427464725843002,0.25940277777777776
16,0.69999999999999996,0.9651640046296297,0.1184462826973407,0.19428363257382886,0.17556979683418783,-0.018713835739641027,0.27114367364405367,0.27583098762370606,0.0046873139796523855,0.076860041070224816,0.29201388888888891
17,0.69999999999999996,0.96655694444444429,0.26473305783143597,0.046292605205219828,-0.037168964546657746,-0.083461569751877573,0.26731874475504802,0.26985189214941718,0.0025331473943691618,0.22102613954982819,0.27983333333333332
18,0.69999999999999996,0.97212361111111123,0.068209010550758231,0.22216100469806677,0.24374707546960661,0.021586070771539845,0.2408127459400291,0.24986167028219475,0.0090489243421656429,0.018651741241962339,0.29656944444444444
19,0.69999999999999996,0.9269387731481481,0.1933939741734213,0.28444872924477449,0.29707442291424058,0.012625693669466087,0.31115053222522371,0.30015312968491503,-0.010997402540308676,0.026701802980449219,0.24080555555555555
20,0.69999999999999996,0.97332488425925934,0.23964612666539564,-0.25320301901437459,-0.19510479805684211,0.058098220957532476,0.31660690136423508,0.32728724099781348,0.010680339633578395,0.56980992037860967,0.29886111111111113
21,0.69999999999999996,0.9687820601851852,0.24553852363894735,-0.320937582453801,-0.32354518186305992,-0.0026075994092589205,0.38740843639605049,0.38476605523392393,-0.0026423811621265614,0.70834601884985149,0.28413888888888889
22,0.69999999999999996,0.96243067129629634,0.4221773235260452,0.22812735470606016,0.25308939067079506,0.024962035964734897,0.4698148594667575,0.46905586374108965,-0.00075899572566784368,0.24168750476069734,0.28275
23,0.69999999999999996,0.95723541666666667,0.31827148487192136,-0.14992507023559631,-0.20917202072761065,-0.059246950492014339,0.38874021003942072,0.38976840573008675,0.0010281956906660339,0.53866528027501703,0.26204166666666667
24,0.69999999999999996,0.9721291666666666,0.17456730712742663,-0.65020866568327063,-0.65087861112239076,-0.00066994543912013427,0.35118808059155204,0.33806954910203646,-0.013118531489515584,1.0013967462748226,0.29493055555555553
25,0.69999999999999996,0.96842337962962954,0.32787832123950089,0.03300875970093009,0.065560941062026368,0.032552181361096277,0.41129351884385268,0.4036502800021341,-0.0076432388417185804,0.37828475914292259,0.27481944444444445
26,0.69999999999999996,0.96117511574074077,0.32102018709884195,0.36772576905847676,0.36500338208173533,-0.002722386976741431,0.40447391668989563,0.39922020205085929,-0.0052537146390363443,0.03674814763141887,0.27834722222222225
27,0.69999999999999996,0.96585844907407414,0.07533952478378747,0.069933943082339911,0.05913931624971358,-0.010794626832626331,0.098740809148006869,0.12054136545761018,0.021800556309603314,0.028806866065666958,0.261125
28,0.69999999999999996,0.95349687500000002,0.16670506291454157,0.20671073255463268,0.20614036313585349,-0.000570369418779193,0.27687788581342254,0.28525430790629625,0.0083764220928737032,0.070167153258789861,0.27800000000000002
29,0.69999999999999996,0.96679351851851847,0.26801877661120732,0.17224888675960426,0.18523925933930951,0.012990372579705256,0.25614317192205371,0.2446511243649705,-0.011492047557083218,0.083894285162449456,0.2868472222222222
30,0.69999999999999996,0.9489178240740741,0.09600854995173147,0.31255114203914802,0.32338937233602705,0.010838230296879026,0.30278436599762704,0.30884901992632829,0.006064653928701258,-0.0097667760415209859,0.25227777777777777
31,0.69999999999999996,0.96915613425925917,0.27047344716656996,0.14239962772984516,0.17511638609372926,0.032716758363884102,0.25751498518385141,0.27973940294687971,0.022224417763028304,0.11511535745400625,0.29316666666666669
32,0.69999999999999996,0.97079768518518517,0.2432047831480858,0.028282390351157982,0.042032318713245864,0.013749928362087882,0.31346565237541191,0.31132483290661384,-0.0021408194687980719,0.28518326202425393,0.29072222222222222
33,0.69999999999999996,0.96328506944444448,0.32024393551364705,0.29718616878010462,0.3233684337318663,0.02618226495176168,0.48007562850222651,0.48463749025951097,0.0045618617572844578,0.18288945972212189,0.26787499999999997
34,0.69999999999999996,0.96304421296296294,0.22457549592623205,0.14920484244271393,0.15558990103441728,0.006385058591703352,0.19347466832422455,0.21239758055005087,0.018922912225826316,0.044269825881510627,0.26095833333333335
35,0.69999999999999996,0.94046342592592591,0.2124529605143729,0.20734326644011081,0.2057074595904882,-0.0016358068496226119,0.28515208156491145,0.28969787140103265,0.0045457898361211946,0.077808815124800645,0.2776527777777778
36,0.69999999999999996,0.96524594907407402,0.24202928974979665,0.294290147107238,0.28649706456233737,-0.0077930825449006313,0.36249591012320792,0.36322556558493868,0.00072965546173076046,0.068205763015969922,0.27618055555555554
37,0.69999999999999996,0.97356597222222219,0.21838379193893465,0.17838771673912268,0.16622833871831544,-0.012159378020807243,0.26311329070161271,0.26733935683247589,0.0042260661308631819,0.084725573962490031,0.3079722222222222
38,0.69999999999999996,0.96410914351851851,0.21841028065353807,0.28442286746970791,0.31516574119890406,0.030742873729196152,0.30136564560883705,0.29412374931401786,-0.0072418962948191945,0.016942778139129144,0.28161111111111109
39,0.69999999999999996,0.96305231481481479,0.22992437159263235,0.22570808679152909,0.22889475868581366,0.0031866718942845651,0.32374333903520613,0.31535389929527335,-0.0083894397399327802,0.09803525224367704,0.28709722222222223
40,0.69999999999999996,0.95777083333333335,0.30482144702809777,0.35375020346638519,0.32419326814580995,-0.029556935320575239,0.40527922640037706,0.39898161589993186,-0.0062976105004451943,0.051529022933991864,0.27934722222222225
41,0.69999999999999996,0.97113888888888888,0.29636436195877613,0.19843798737020479,0.21794405799221173,0.019506070622006932,0.39510635848254572,0.39467508574090771,-0.00043127274163801133,0.19666837111234092,0.29212500000000002
42,0.69999999999999996,0.9627010416666667,-0.072137667674781136,0.075205031084130902,0.040216651478536924,-0.034988379605593978,0.11732578808951366,0.13277494027942505,0.015449152189911386,0.042120757005382758,0.28308333333333335
43,0.69999999999999996,0.96700949074074061,0.34156260296412388,0.30989655370858993,0.25872778514406047,-0.051168768564529454,0.40148235522825826,0.40865315612920505,0.0071708009009467943,0.091585801519668331,0.2946111111111111
44,0.69999999999999996,0.96969675925925924,0.23652260569017858,0.3316774816370216,0.32440686708369548,-0.0072706145533261157,0.38170698847699103,0.38680799808657662,0.0051010096095855939,0.050029506839969429,0.28337499999999999
45,0.69999999999999996,0.96882638888888872,0.29457279033362105,0.14738781096462306,0.13086102403257927,-0.016526786932043791,0.4229502385077426,0.42970541695131803,0.006755178443575427,0.27556242754311955,0.28836111111111112
46,0.69999999999999996,0.96556817129629635,0.26403445486081167,0.34313491240978289,0.32164202674075482,-0.021492885669028072,0.37991497514178663,0.37616809817849528,-0.0037468769632913457,0.036780062732003738,0.27555555555555555
47,0.69999999999999996,0.95692013888888894,0.24306237548945386,0.15893996203783456,0.14260501190616104,-0.01633495013167352,0.30341645634237968,0.31022677871585191,0.0068103223734722329,0.14447649430454512,0.27800000000000002
48,0.69999999999999996,0.96075555555555558,0.33148644823870888,0.20635643741349874,0.18743965889894876,-0.018916778514549981,0.35034676111579321,0.33625342015344051,-0.014093340962352707,0.14399032370229448,0.27508333333333335
49,0.69999999999999996,0.9608306712962964,0.17835764600414983,0.19668464066319802,0.17813101180354995,-0.018553628859648064,0.16857604406421922,0.17881294089169808,0.010236896827478859,-0.028108596598978797,0.26927777777777778
50,0.69999999999999996,0.96116273148148146,0.34842421793241962,0.19188646347921079,0.16405583018904513,-0.027830633290165663,0.30959610635875945,0.33395487461169959,0.024358768252940144,0.11770964287954866,0.27183333333333332
51,0.69999999999999996,0.95536967592592603,0.31514099558667996,0.29720368519135953,0.28549618577036928,-0.011707499420990253,0.30880765655737508,0.31320990136972282,0.0044022448123477442,0.011603971366015542,0.2555277777777778
52,0.69999999999999996,0.95787858796296288,0.18251086667186756,0.25566621041282278,0.21312156470166121,-0.042544645711161566,0.35819231740086432,0.34524993354062894,-0.012942383860235385,0.10252610698804154,0.28633333333333333
53,0.69999999999999996,0.94204282407407414,0.29660238941643913,0.31705073526897098,0.30694692979952032,-0.010103805469450666,0.37040367082017733,0.36083416038246174,-0.0095695104377155893,0.053352935551206349,0.24959722222222222
54,0.69999999999999996,0.97374259259259255,0.16574770034936848,0.13116423794630305,0.11554023395867152,-0.01562400398763153,0.14456047190799215,0.15991391386491305,0.015353441956920899,0.013396233961689097,0.27840277777777778
55,0.69999999999999996,0.95284837962962976,0.097882695080532711,-0.14212090233592178,-0.1851356098093806,-0.043014707473458813,0.28652885415370621,0.27810176294493805,-0.0084270912087681671,0.428649756489628,0.26890277777777777
56,0.69999999999999996,0.94679629629629625,0.20488555866043645,0.27630751475830484,0.2681419050423608,-0.0081656097159440444,0.37784845761404684,0.38046922982353093,0.0026207722094840902,0.101540942855742,0.26615277777777779
57,0.69999999999999996,0.95457974537037027,0.012410391442150059,0.15829645520332147,0.16747699458849286,0.0091805393851713823,0.26137608296454473,0.23805443827014894,-0.023321644694395793,0.10307962776122326,0.26950000000000002
58,0.69999999999999996,0.94064768518518527,0.14205724567195321,0.17511378003305211,0.12346702954809041,-0.051646750484961701,0.33156586049887793,0.32630408170585901,-0.005261778793018923,0.15645208046582582,0.26191666666666669
59,0.69999999999999996,0.93879872685185184,0.30010089038486953,0.19077766632969151,0.20243433665808663,0.011656670328395125,0.41877582895980037,0.3944070821552963,-0.024368746804504071,0.22799816263010886,0.25915277777777779
60,0.69999999999999996,0.96140995370370386,0.14938953345682615,0.24042241440186973,0.25614775917372745,0.015725344771857719,0.29683643394523818,0.2964887047754039,-0.0003477291698342766,0.056414019543368443,0.26238888888888889
61,0.69999999999999996,0.96257407407407403,0.19620315130475507,0.00088199398667976325,-0.02640816189145534,-0.027290155878135103,0.31130134216072403,0.30017642084255891,-0.011124921318165115,0.31041934817404426,0.27625
62,0.69999999999999996,0.96644282407407411,0.1275312761439058,0.16781792125481254,0.15362653760627631,-0.014191383648536227,0.33833481530875753,0.33184163986207182,-0.0064931754466857061,0.17051689405394499,0.2893472222222222
63,0.69999999999999996,0.96320833333333356,0.23495633029724872,0.18992476188373753,0.15058979130280703,-0.039334970580930495,0.27553454879487793,0.27338296325569678,-0.0021515855391811556,0.085609786911140406,0.27854166666666669
64,0.69999999999999996,0.96143576388888885,0.21506124623964196,0.22859845521801558,0.23509293734593428,0.0064944821279186993,0.2301464031684064,0.22634082739026806,-0.003805575778138337,0.0015479479503908156,0.27491666666666664
65,0.69999999999999996,0.96237141203703702,0.14279498424749193,0.13952497305055689,0.1127731652252747,-0.026751807825282192,0.23290100050850993,0.23055610747089361,-0.0023448930376163135,0.093376027457953037,0.26891666666666669
66,0.69999999999999996,0.95430983796296287,0.17267346697009778,0.2239499397678123,0.23332103081629196,0.0093710910484796628,0.25890447578057119,0.24499687408149728,-0.013907601699073902,0.034954536012758886,0.28506944444444443
67,0.69999999999999996,0.96491932870370378,0.19403859557507386,0.11757657388573173,0.19979178014160526,0.08221520625587353,0.3190954860622961,0.32285570884560877,0.0037602227833126722,0.20151891217656437,0.291375
68,0.69999999999999996,0.96015138888888885,0.2620655731592334,0.10433536830258539,0.10511054606750969,0.00077517776492430635,0.2931839660033807,0.29646269995966257,0.0032787339562818651,0.18884859770079532,0.29058333333333336
69,0.69999999999999996,0.95146620370370361,0.21869308171195034,0.24737003606950581,0.24427712574855187,-0.0030929103209539344,0.30819935162453449,0.3025153595933916,-0.0056839920311428926,0.060829315555028685,0.27148611111111109
70,0.69999999999999996,0.96190219907407404,0.013239681676868953,0.1652478052886962,0.12098790581441965,-0.044259899474276554,0.20210294622640512,0.20302888066071423,0.00092593443430910582,0.036855140937708919,0.27330555555555558
71,0.69999999999999996,0.95046331018518515,0.32116069382696455,0.26838349291624319,0.26388812108454085,-0.0044953718317023439,0.37142566850213565,0.36557629825387072,-0.005849370248264929,0.10304217558589246,0.2495138888888889
72,0.69999999999999996,0.9662708333333333,0.24126390054369962,0.17103049416152294,0.17995078747280369,0.008920293311280747,0.28215048005461929,0.26845378514395291,-0.013696694910666385,0.11111998589309635,0.27600000000000002
73,0.69999999999999996,0.9633900462962961,0.28324061653865795,-0.04273283153245,0.039339529350161606,0.082072360882611606,0.43141434316850358,0.43748911121726131,0.0060747680487577282,0.47414717470095358,0.29147222222222224
74,0.69999999999999996,0.94749722222222221,0.25786911627024434,0.13118675907044697,0.086652066218277923,-0.044534692852169044,0.38788902017198867,0.37566231582542542,-0.012226704346563255,0.25670226110154171,0.2530972222222222
75,0.69999999999999996,0.95426979166666659,0.13063256080070185,0.30307558845364801,0.3137181769565579,0.010642588502909889,0.30540648979203022,0.3031296921539669,-0.0022767976380633215,0.0023309013383822075,0.26301388888888888
76,0.69999999999999996,0.96630960648148145,0.32336312601042572,0.2880575844299319,0.29164567506373273,0.0035880906338008334,0.37705042683970447,0.38879179112753826,0.011741364287833789,0.088992842409772566,0.28552777777777777
77,0.69999999999999996,0.96480659722222228,0.22688679140697254,0.15666725082575694,0.17854565418371537,0.021878403357958431,0.26879680247001736,0.2608613717614956,-0.0079354307085217624,0.11212955164426042,0.28288888888888891
78,0.69999999999999996,0.9730840277777778,0.26305834143691198,0.30696849342454846,0.318413691869183,0.011445198444634541,0.34403004132473691,0.33857784776512101,-0.0054521935596159032,0.037061547900188452,0.28525
79,0.69999999999999996,0.96254108796296289,0.13733600761833131,0.23713358711304389,0.24195136430931674,0.0048177771962728544,0.28776462126980684,0.27494030970275041,-0.012824311567056434,0.050631034156762955,0.26979166666666665
80,0.69999999999999996,0.97471979166666667,0.12463396872123855,-0.16037462396335589,-0.17901278094037543,-0.018638156977019538,0.32511296158347136,0.30222718245820201,-0.022885779125269345,0.48548758554682725,0.28502777777777777
81,0.69999999999999996,0.95324861111111103,0.20543845660812921,0.15699233895239328,0.19034332458522685,0.033350985632833563,0.26380575899762104,0.25429265285697056,-0.0095131061406504847,0.10681342004522776,0.28076388888888887
82,0.69999999999999996,0.96072500000000005,0.31540211643590932,0.18605353200022667,0.16632699727949007,-0.019726534720736599,0.31032035355054033,0.29722434984411172,-0.013096003706428605,0.12426682155031366,0.27558333333333335
83,0.69999999999999996,0.95271041666666667,0.16344937581087726,0.18190526052052891,0.18031673099627865,-0.0015885295242502595,0.26609979744238443,0.2522297314696399,-0.013870065972744539,0.084194536921855523,0.27266666666666667
84,0.69999999999999996,0.97086851851851863,0.16064842248570022,0.18896313808800191,0.20962594535857115,0.020662807270569239,0.22509607522319486,0.20620579467179234,-0.018890280551402516,0.036132937135192944,0.28381944444444446
85,0.69999999999999996,0.96216365740740739,0.38741057492818221,0.0098034494858925125,0.046941012513060931,0.037137563027168419,0.3796413945977406,0.36923475538915351,-0.010406639208587087,0.36983794511184809,0.27243055555555556
86,0.69999999999999996,0.95022754629629613,0.19134003394837651,0.16564753317864611,0.13814827567480581,-0.027499257503840302,0.3042674889771505,0.29724204709145119,-0.0070254418856993128,0.13861995579850439,0.28045833333333331
87,0.69999999999999996,0.96348819444444445,0.28332884954776771,0.34741828009438191,0.34894871539675421,0.0015304353023722905,0.32967112298922641,0.31413839087754181,-0.0155327321116846,-0.017747157105155509,0.27491666666666664
88,0.69999999999999996,0.95470162037037032,0.2220847489922213,0.2967034074164423,0.28935996993883628,-0.0073434374776060185,0.30964319958477959,0.31687402667767139,0.0072308270928918006,0.012939792168337294,0.27909722222222222
89,0.69999999999999996,0.94799872685185183,0.3800214668081614,0.34866981586416168,0.34370709684969403,-0.0049627190144676536,0.40939546304390095,0.39495973845470067,-0.014435724589200283,0.060725647179739273,0.2628611111111111
90,0.69999999999999996,0.95263483796296289,0.083397889100877087,-0.30209304338827669,-0.39759984498167134,-0.095506801593394641,0.27449676678074242,0.30644883755683594,0.031952070776093522,0.57658981016901911,0.27004166666666668
91,0.69999999999999996,0.96103553240740747,0.21795374987465632,0.2981687408501752,0.26856065398219009,-0.029608086867985106,0.32728596731246928,0.33470114224621739,0.0074151749337481032,0.029117226462294088,0.27251388888888889
92,0.69999999999999996,0.95906805555555563,0.21441767506630127,0.070658108164370126,0.046255518334846646,-0.02440258982952348,0.2576969870366721,0.25022964431506467,-0.0074673427216074284,0.18703887887230197,0.27268055555555554
93,0.69999999999999996,0.9461253472222223,0.25480523799620713,0.29070236516017023,0.29937851154943751,0.0086761463892672808,0.28286586228853827,0.28766355385901865,0.004797691570480378,-0.0078365028716319562,0.25923611111111111
94,0.69999999999999996,0.94483148148148144,0.33830619857253519,0.29274501330207781,0.29220226899178736,-0.0005427443102904439,0.33874762409904491,0.34656063261789571,0.0078130085188508058,0.046002610796967103,0.25733333333333336
95,0.69999999999999996,0.95558553240740751,0.12497487394293438,-0.045957568799342097,-0.029520249240102991,0.016437319559239105,0.33966514013023097,0.33121651632083815,-0.008448623809392819,0.38562270892957307,0.28888888888888886
96,0.69999999999999996,0.96373055555555565,0.2455887423382217,0.1906447627225808,0.20416471602497088,0.013519953302390086,0.28211151392503819,0.27883112741536342,-0.0032803865096747709,0.091466751202457397,0.27847222222222223
97,0.69999999999999996,0.9568061342592592,0.23390065657742798,0.22135527146779499,0.22253932364485096,0.001184052177055972,0.2200219938421466,0.22835042407158879,0.0083284302294421853,-0.001333277625648388,0.26687499999999997
98,0.69999999999999996,0.95967118055555556,0.10678026336512847,0.17972272292088942,0.11533212291270911,-0.06439060000818031,0.3262506199724311,0.32915456392926679,0.0029039439568356862,0.14652789705154168,0.28349999999999997
99,0.69999999999999996,0.96733692129629623,0.24933928672373906,0.21046045721695616,0.21332119337940159,0.0028607361624454208,0.36972121058242891,0.35632553374891274,-0.013395676833516168,0.15926075336547274,0.2860138888888889
0,0.75,0.97327858796296296,0.13224013347325525,0.11362537738199963,0.13501416749256723,0.021388790110567601,0.13188633133984451,0.15297221315046761,0.021085881810623097,0.018260953957844883,0.28747222222222224
1,0.75,0.96666423611111119,0.34297239506303001,-1.7499784777675456,-1.8310813532949526,-0.081102875527407026,0.39837502060863117,0.37273720245692188,-0.025637818151709291,2.148353498376177,0.2890138888888889
2,0.75,0.97853495370370369,0.2033776594050748,0.22997169127665873,0.2159667578571276,-0.014004933419531129,0.28288248594422816,0.27019710067866998,-0.01268538526555818,0.052910794667569427,0.31512499999999999
3,0.75,0.96584351851851846,0.30364496253625306,-1.3125088630323321,-1.1502866415335089,0.16222222149882315,0.4247718245222587,0.41780961332504096,-0.0069622111972177381,1.7372806875545908,0.27738888888888891
4,0.75,0.97726111111111125,0.16008868379188634,-0.050874502397813881,-0.11617595529565894,-0.065301452897845058,0.27901096356986577,0.29188872144475586,0.012877757874890094,0.32988546596767965,0.29849999999999999
5,0.75,0.96815277777777775,0.19625722224642772,0.22908117913758108,0.2538497596450382,0.024768580507457116,0.24706552084266675,0.26960430934542157,0.022538788502754814,0.017984341705085671,0.27641666666666664
6,0.75,0.97676736111111107,0.31642026685823921,0.19577870924262053,0.056860008396450334,-0.1389187008461702,0.37558046449375415,0.37459167324100906,-0.0009887912527450915,0.17980175525113362,0.31436111111111109
7,0.75,0.97614953703703711,0.42080318357912294,-0.4128933502410006,-0.4713336387567939,-0.058440288515793304,0.45539561194804246,0.44771535191929035,-0.0076802600287521061,0.86828896218904306,0.31130555555555556
8,0.75,0.97686157407407415,0.18895921106555236,-0.79386480688039329,-1.025288111479421,-0.23142330459902771,0.30802428472256527,0.31009226233909637,0.0020679776165311026,1.1018890916029584,0.28144444444444444
9,0.75,0.9525210648148148,0.31823343568433193,0.21763372198079056,0.21292855683270218,-0.004705165148088386,0.36477090752213825,0.35246061879369728,-0.012310288728440977,0.14713718554134769,0.25788888888888889
10,0.75,0.96608796296296306,0.22079835089424582,0.20509399018119578,0.1856034798779117,-0.019490510303284081,0.28573321975254284,0.28487138246252486,-0.00086183729001798604,0.08063922957134706,0.28994444444444445
11,0.75,0.97602731481481486,0.33923758312362651,0.22400200098992695,0.18811269877593895,-0.035889302213988006,0.3981081387278419,0.41152243784308418,0.013414299115242279,0.17410613773791495,0.32024999999999998
12,0.75,0.98050127314814806,0.1397998912361067,0.22018825032085876,0.20636821728308674,-0.013820033037772017,0.31917945342333798,0.3200669222003425,0.00088746877700451865,0.098991203102479219,0.28575
13,0.75,0.96783229166666673,0.27515480958932015,0.2639943850296772,0.31270316911808149,0.048708784088404289,0.37000478968029238,0.38391950976465516,0.013914720084362786,0.10601040465061518,0.29063888888888889
14,0.75,0.9776184027777779,0.24393535094198537,-1.4736260733155495,-1.3866404832172594,0.0869855900982901,0.42635661080045151,0.4204471723059332,-0.0059094384945183043,1.899982684116001,0.28920833333333335
15,0.75,0.9700023148148148,0.34883989200183574,0.36609614971675486,0.39291890784124683,0.026822758124491974,0.4052365543803168,0.40308151976477535,-0.0021550346155414513,0.039140404663561945,0.29968055555555556
16,0.75,0.96619629629629611,0.37805825794718317,0.23316514447882941,0.27549292837124151,0.042327783892412096,0.39465403927784715,0.41061764820524149,0.015963608927394346,0.16148889479901773,0.29648611111111112
17,0.75,0.96861747685185184,0.28260402179843114,0.22896622874073969,0.22567648678032981,-0.0032897419604098754,0.38324639314056164,0.37534464738174766,-0.0079017457588139717,0.15428016439982195,0.2746527777777778
18,0.75,0.97250243055555552,0.059221086366314846,0.023558706360773618,-0.019856662209651432,-0.04341536857042505,0.22018324003662126,0.20702845605123688,-0.013154783985384388,0.19662453367584765,0.2907777777777778
19,0.75,0.97511099537037038,0.3825231684962439,0.25041312798394455,0.22476251121194479,-0.025650616771999757,0.35489141886682507,0.34313020590215593,-0.011761212964669143,0.10447829088288052,0.29388888888888887
20,0.75,0.97361817129629635,0.21286647942237447,0.31551638667091053,0.33300203994567357,0.017485653274763036,0.35239620386589909,0.37179764498182755,0.019401441115928453,0.036879817194988562,0.29168055555555555
21,0.75,0.96874016203703694,0.19574879569959169,0.29119085524681654,0.28666209274999344,-0.0045287624968231022,0.31787739774924217,0.32072339846912212,0.0028460007198799486,0.026686542502425636,0.28802777777777777
22,0.75,0.9714011574074074,0.41207041907323239,-0.1709121862709253,-0.30365295782920421,-0.1327407715582789,0.38216188137028384,0.38068501472048077,-0.0014768666498030658,0.55307406764120914,0.29401388888888891
23,0.75,0.96653182870370369,0.27787018613169845,0.34595659114225163,0.33201457481694274,-0.013942016325308892,0.35671155520902609,0.35673368909231407,2.2133883287978051e-05,0.010754964066774453,0.28315277777777775
24,0.75,0.97060567129629627,0.3518581534753209,0.35481628474135074,0.36050684250001996,0.0056905577586692235,0.40505127470911029,0.41828871132064072,0.013237436611530429,0.050234989967759547,0.26980555555555558
25,0.75,0.97621631944444454,0.23407431872340634,0.14587390479202178,0.12065626763590354,-0.025217637156118244,0.32364681498724179,0.30605849645905736,-0.017588318528184432,0.17777291019522001,0.30543055555555554
26,0.75,0.97567581018518534,0.10307301404020308,0.04993584119003891,0.055693501576716709,0.0057576603866777987,0.23628730031268019,0.22043203735821038,-0.015855262954469818,0.18635145912264128,0.31019444444444444
27,0.75,0.97583877314814815,0.39315591694773933,0.35122526456697445,0.34818997312965572,-0.0030352914373187323,0.40856230838458385,0.40559374594496411,-0.0029685624396197374,0.057337043817609401,0.29356944444444444
28,0.75,0.96724340277777776,0.38316427750620552,-0.83695865226910282,-0.75527127709727759,0.081687375171825227,0.43151745779584405,0.44446044209376612,0.012942984297922067,1.2684761100649469,0.30276388888888889
29,0.75,0.96090625000000018,0.30579224868460775,0.32964981624304324,0.31218207780157403,-0.017467738441469205,0.37295645397326216,0.36613256978309427,-0.0068238841901678837,0.043306637730218922,0.2779861111111111
30,0.75,0.97887893518518521,0.2867767311772188,0.27873178008152499,0.31227967913585808,0.033547899054333086,0.38066293633879933,0.38720567146761065,0.0065427351288113167,0.10193115625727434,0.298375
31,0.75,0.97359768518518519,0.13448511864838675,0.21178314081990823,0.21916136140728704,0.0073782205873788032,0.24542230316547731,0.23329426215030602,-0.012128041015171287,0.033639162345569074,0.29288888888888887
32,0.75,0.96841226851851847,0.22201642920177223,0.38192602721881475,0.36296585268875192,-0.018960174530062823,0.41996026094768191,0.4232136978212665,0.003253436873584592,0.038034233728867162,0.29118055555555555
33,0.75,0.97453541666666654,0.24257275754312047,0.28323810960121809,0.28916341993930739,0.0059253103380892957,0.28334460073935663,0.28429924085950331,0.00095464012014667698,0.0001064911381385425,0.30352777777777779
34,0.75,0.96004444444444437,0.2668872978947856,0.15546322597162121,0.15624639219999537,0.00078316622837415473,0.20959773756485867,0.21569031982237796,0.0060925822575192967,0.054134511593237455,0.26887499999999998
35,0.75,0.97590358796296295,0.073154450897703005,-0.042064411447690908,-0.10390000265459443,-0.061835591206903517,0.24938711227018973,0.23931788276394639,-0.010069229506243338,0.29145152371788063,0.29552777777777778
36,0.75,0.97392604166666663,0.094217208159259824,0.17811570678428135,0.15513398531665146,-0.02298172146762989,0.31261864582992205,0.31241618983461961,-0.00020245599530244185,0.1345029390456407,0.30694444444444446
37,0.75,0.96429930555555554,0.32269269937819212,0.27976417266458065,0.25849458844060968,-0.021269584223970961,0.3161677751408315,0.32072879261605058,0.0045610174752190868,0.036403602476250851,0.29330555555555554
38,0.75,0.95940416666666684,0.21839907294158223,0.27912724513273512,0.28107596486854691,0.001948719735811788,0.35714745563725236,0.36385775287950206,0.0067102972422496965,0.07802021050451724,0.27379166666666666
39,0.75,0.95980995370370381,0.29643847835320747,0.27193537264558965,0.24804438009701335,-0.023890992548576295,0.34230646454037461,0.34463132949946584,0.0023248649590912329,0.070371091894784965,0.28187499999999999
40,0.75,0.97450937500000012,0.15116465351786934,0.27092001964150447,0.27871087279156681,0.0077908531500623379,0.31629327947085006,0.3268115448967075,0.010518265425857432,0.045373259829345591,0.28395833333333331
41,0.75,0.97512800925925924,0.28998630910808498,0.008147474439712088,-0.055094382265825192,-0.06324185670553728,0.32568351624920333,0.30934585635419865,-0.016337659895004686,0.31753604180949124,0.31037500000000001
42,0.75,0.96806076388888895,0.25745931212585871,0.2909500446212504,0.2775718518857454,-0.013378192735505001,0.32219406479370283,0.31736196453636911,-0.0048321002573337157,0.031244020172452425,0.28762500000000002
43,0.75,0.97229108796296293,0.18268626050983094,0.23354017595796184,0.23581746312437923,0.0022772871664173966,0.2539453950313515,0.2510966190138032,-0.0028487760175482935,0.020405219073389658,0.27959722222222222
44,0.75,0.97313773148148142,0.1139717901324544,-0.26406661797422193,-0.21043984264912163,0.053626775325100295,0.31142850549045642,0.31462766723518654,0.0031991617447301168,0.57549512346467835,0.30168055555555556
45,0.75,0.97340555555555552,0.28137216173873325,0.28155451812503762,0.23937111612961781,-0.042183401995419811,0.38738117352330959,0.38408109362535425,-0.0033000798979553325,0.10582665539827196,0.29793055555555553
46,0.75,0.97162129629629623,0.11358835626568919,0.25821852289194835,0.25582192164879958,-0.0023966012431487771,0.28294727788754959,0.26874775509320015,-0.01419952279434944,0.024728754995601232,0.27961111111111109
47,0.75,0.93659560185185187,0.070559596947080361,0.11048892795839416,0.10115680824653639,-0.009332119711857767,0.16595317593148184,0.16525114082099779,-0.00070203511048405609,0.055464247973087688,0.25612499999999999
48,0.75,0.97045219907407398,0.1562541877000817,0.29003155589460095,0.29034243975915364,0.00031088386455269124,0.34482515635544009,0.33924032607466859,-0.0055848302807715022,0.054793600460839142,0.28744444444444445
49,0.75,0.96532812499999998,0.22047753958561112,-0.043950213045968356,0.032000300065452292,0.075950513111420648,0.27435846220199234,0.27444269567504009,8.4233473047756746e-05,0.31830867524796069,0.29229166666666667
50,0.75,0.97261331018518515,0.19266138313561953,0.088328963419925799,0.11023847926712194,0.021909515847196137,0.239812290264518,0.26116225739342092,0.021349967128902914,0.1514833268445922,0.28881944444444446
51,0.75,0.96841157407407408,0.33507465598254915,0.25737769782286568,0.21961993200839114,-0.037757765814474542,0.32060800198992134,0.32088820875843638,0.00028020676851503445,0.063230304167055662,0.30208333333333331
52,0.75,0.9639037037037036,0.32289447865178467,0.3190304995366936,0.30251116090699126,-0.01651933862970234,0.378505708091879,0.37413375685342087,-0.0043719512384581272,0.059475208555185399,0.28930555555555554
53,0.75,0.97264664351851848,0.18265895303389956,0.20869507973898638,0.2358130881434346,0.027118008404448224,0.3225337277018131,0.32936348019549633,0.0068297524936832277,0.11383864796282672,0.29552777777777778
54,0.75,0.97908738425925934,0.18756317626902808,0.20067854291745135,0.18434797512586798,-0.016330567791583372,0.31508016594029864,0.30986410734120662,-0.0052160585990920216,0.11440162302284729,0.28713888888888889
55,0.75,0.96459849537037046,0.18559155637674207,-1.7310503089256875,-2.0868104431080448,-0.3557601341823573,0.32581625566632955,0.35030265136986816,0.02448639570353861,2.056866564592017,0.29379166666666667
56,0.75,0.97075393518518516,0.19556080548069399,-0.48859214517103755,-0.55318171519355674,-0.064589570022519194,0.29092353182819697,0.28458961235655833,-0.0063339194716386382,0.77951567699923452,0.27901388888888889
57,0.75,0.95440925925925935,0.28485916117127119,0.37744392109711344,0.36115597042853775,-0.01628795066857569,0.34134422543777532,0.34329382329646208,0.0019495978586867579,-0.036099695659338127,0.26829166666666665
58,0.75,0.97530648148148147,-0.051927899058193949,0.10829290787035928,0.139477687207061,0.031184779336701718,0.12412489873617916,0.12596895810517672,0.0018440593689975637,0.015831990865819878,0.29827777777777775
59,0.75,0.97350752314814804,0.18542201015593329,0.23757615059346826,0.23869286971249759,0.0011167191190293302,0.23825961089660952,0.25033144450830436,0.012071833611694838,0.00068346030314125894,0.28486111111111112
60,0.75,0.97023275462962966,0.28501910923880314,-0.053461909890828663,-0.023022635058196794,0.030439274832631869,0.33669527424199019,0.32740421611963333,-0.0092910581223568656,0.39015718413281886,0.29270833333333335
61,0.75,0.97379097222222233,0.24739915101728671,0.30849867242474582,0.32737523408736668,0.018876561662620861,0.33752782625181499,0.33703936714038152,-0.00048845911143347021,0.029029153827069165,0.29306944444444444
62,0.75,0.97613217592592594,0.29156963920624435,-0.034001153095918557,-0.041084784260628338,-0.0070836311647097805,0.32947855916322299,0.32414239111989274,-0.0053361680433302583,0.36347971225914155,0.28945833333333332
63,0.75,0.97483842592592584,0.13888563118596697,0.25312228459576924,0.27833803887335518,0.025215754277585933,0.25785312842765151,0.25994202784751741,0.0020888994198658972,0.0047308438318822699,0.30713888888888891
64,0.75,0.96012418981481462,0.24769980173347417,0.31050993153506679,0.28054198927353313,-0.029967942261533653,0.37894720238645085,0.3795750342269536,0.0006278318405027461,0.068437270851384069,0.27608333333333335
65,0.75,0.97495416666666657,0.13636683536954097,-0.096623302301995562,-0.057618151403417528,0.039005150898578034,0.31478799008263803,0.30723245415763456,-0.0075555359250034648,0.41141129238463359,0.29627777777777775
66,0.75,0.97783773148148156,0.16807622017824198,0.34225002393533199,0.31452183038003834,-0.027728193555293656,0.34599004091026342,0.37061359488922385,0.024623553978960433,0.003740016974931426,0.3057361111111111
67,0.75,0.9762150462962963,0.23251232652509124,0.052834411503785539,0.04957742748573557,-0.0032569840180499687,0.33002446124461449,0.34345058179491694,0.013426120550302456,0.27719004974082895,0.30522222222222223
68,0.75,0.979617013888889,0.21884387755798473,-3.0207972785792769,-2.7556532220338772,0.26514405654539974,0.37122694987774474,0.36759181981599798,-0.0036351300617467608,3.3920242284570215,0.31216666666666665
69,0.75,0.96432962962962987,0.29218035595367275,-0.54338031850188484,-0.39387092943741497,0.14950938906446987,0.4520258672791384,0.44582716486642793,-0.0061987024127104773,0.99540618578102324,0.27979166666666666
70,0.75,0.97385833333333327,0.29055788492096279,-0.23944040730221205,-0.29406027457800232,-0.054619867275790268,0.27241894891078033,0.25830250144825573,-0.014116447462524606,0.51185935621299239,0.29645833333333332
71,0.75,0.95778402777777771,0.40270431797890194,-0.47191422521117943,-0.45111859546492328,0.02079562974625615,0.33069639646169957,0.31992611021721351,-0.01077028624448606,0.802610621672879,0.27083333333333331
72,0.75,0.96787372685185191,0.13601755136164984,0.12588600096567515,0.07805197897550864,-0.047834021990166509,0.29396799686976094,0.29086330082104106,-0.0031046960487198794,0.16808199590408579,0.28402777777777777
73,0.75,0.97127939814814823,0.14966469257663917,0.12674811577683598,0.072425113214972692,-0.054323002561863287,0.33481032616249307,0.33708656398253245,0.002276237820039384,0.20806221038565709,0.29440277777777779
74,0.75,0.96988472222222211,0.37173171690737217,0.34943438027272034,0.2730722466909038,-0.076362133581816538,0.37190212791296051,0.37328555220391368,0.0013834242909531724,0.022467747640240177,0.28147222222222223
75,0.75,0.97585509259259273,0.27366017773984685,0.062750168714257204,0.098625292290277833,0.035875123576020629,0.29153181973974562,0.29736671856262542,0.0058348988228797971,0.22878165102548842,0.301875
76,0.75,0.97612361111111101,0.15271589842151034,0.1122309323798264,0.080866845861024328,-0.03136408651880207,0.15981513536817205,0.15260680631887036,-0.0072083290493016872,0.047584202988345647,0.30794444444444447
77,0.75,0.98079259259259255,0.41283202588263379,-0.60956418110183819,-0.5629787716998631,0.046585409401975086,0.38971639461128238,0.38817178161570975,-0.0015446129955726251,0.99928057571312057,0.30437500000000001
78,0.75,0.96451527777777779,0.066638939577428835,0.094427226853502577,0.042827434218482896,-0.051599792635019681,0.230118596923093,0.22926333270279697,-0.00085526422029602589,0.13569137006959042,0.2936111111111111
79,0.75,0.96558749999999993,0.21791491444475286,0.23808609281722504,0.20240938507694006,-0.035676707740284974,0.32398540809162557,0.32282108049998004,-0.0011643275916455309,0.085899315274400534,0.27663888888888888
80,0.75,0.96891932870370379,0.17708644034831433,0.24760126371208291,0.24940647746832556,0.0018052137562426518,0.22231471712534068,0.21791667646889401,-0.0043980406564466668,-0.025286546586742231,0.29031944444444446
81,0.75,0.96981250000000008,0.43050105264386584,0.18700872314881012,0.24069591227232456,0.053687189123514445,0.41308229840412503,0.40665368547784808,-0.0064286129262769443,0.22607357525531491,0.30561111111111111
82,0.75,0.94924085648148149,0.16880257441025637,0.15147730356255951,0.15225498961911887,0.00077768605655936796,0.2496520382184958,0.24468019202929348,-0.0049718461892023225,0.098174734655936291,0.27273611111111112
83,0.75,0.95810844907407411,0.31801981019857062,0.3444208139249495,0.35293617870623228,0.008515364781282786,0.39725850880826474,0.39355127653818633,-0.0037072322700784088,0.052837694883315245,0.270625
84,0.75,0.97099004629629626,0.17403320473009243,0.23104673810468357,0.22863577382333944,-0.0024109642813441301,0.2756618358373697,0.2654610484994101,-0.010200787337959594,0.044615097732686126,0.30643055555555554
85,0.75,0.97172708333333324,0.2584710760908836,0.16653811815937736,0.16247385512820323,-0.0040642630311741312,0.31778327969420561,0.32142902343269086,0.003645743738485252,0.15124516153482825,0.29568055555555556
86,0.75,0.97591111111111106,0.22547638589679353,0.21273555767446073,0.17007663385279492,-0.042658923821665806,0.34199971972352494,0.33173510304867548,-0.010264616674849458,0.12926416204906421,0.29681944444444447
87,0.75,0.9645280092592593,0.40995248906735904,0.22271233128452306,0.23833628339292878,0.015623952108405725,0.30518024015183709,0.31243723632665887,0.0072569961748217837,0.082467908867314033,0.28820833333333334
88,0.75,0.96106446759259267,0.32633380798568434,-0.38572040334501212,-0.38899547516720934,-0.0032750718221972175,0.33959066051718156,0.35873986372113387,0.019149203203952303,0.72531106386219368,0.27458333333333335
89,0.75,0.97731863425925936,0.22001340256436752,-1.2871543404263761,-1.1873420326507613,0.099812307775614784,0.42161074632517415,0.42798172540269286,0.0063709790775187125,1.7087650867515503,0.28494444444444444
90,0.75,0.9761443287037036,0.12102517108634159,-0.6887677123492173,-0.64915789444934235,0.039609817899874944,0.29373583900668143,0.28486266309265995,-0.0088731759140214805,0.98250355135589873,0.30783333333333335
91,0.75,0.96972777777777763,0.14956073553518667,-0.14374390295406836,-0.12306964983281721,0.020674253121251152,0.32727565139169157,0.33511200429373389,0.0078363529020423206,0.47101955434575993,0.30166666666666669
92,0.75,0.97165983796296296,0.19092381506320211,0.2290934598871448,0.2180028003394715,-0.011090659547673298,0.27642201763920393,0.27655890220636936,0.00013688456716542952,0.047328557752059131,0.30616666666666664
93,0.75,0.9665107638888889,0.36380955500008472,0.24698141196951373,0.21606506212910537,-0.030916349840408364,0.34308665682453776,0.35653165202233306,0.013444995197795295,0.09610524485502403,0.27573611111111113
94,0.75,0.9713825231481481,0.15884546434311553,0.21190511152285574,0.20017608907931173,-0.011729022443544013,0.24099918976290657,0.25201654000081375,0.011017350237907175,0.029094078240050836,0.29756944444444444
95,0.75,0.97363449074074071,0.23267991364163865,-0.081292947483641687,-0.10155329045632278,-0.020260342972681089,0.32413752320069134,0.31338124889810404,-0.010756274302587299,0.40543047068433302,0.30295833333333333
96,0.75,0.96711307870370378,0.096640374608041091,0.13246305486658838,0.11384038020346654,-0.018622674663121841,0.3228752616887679,0.33652135312796561,0.013646091439197705,0.19041220682217952,0.27883333333333332
97,0.75,0.96326284722222211,0.15931606946353805,0.33823879083476394,0.31103585572780712,-0.027202935106956816,0.37697582965959175,0.38586769925611397,0.0088918695965222172,0.038737038824827819,0.28598611111111111
98,0.75,0.92996215277777772,0.31746874290344251,0.27026561251639203,0.25849797543503017,-0.011767637081361859,0.29122419730484062,0.2914766696977682,0.00025247239292758294,0.020958584788448587,0.25618055555555558
99,0.75,0.97513611111111109,0.28067852129720849,-0.076661459963008216,-0.10731662001606734,-0.030655160053059127,0.33623408703348179,0.32592085160733542,-0.010313235426146372,0.41289554699649,0.30318055555555556
0,0.80000000000000004,0.97861469907407406,0.26335405389610722,0.26737269305204425,0.2888000413989118,0.021427348346867547,0.4002011093461092,0.37808779928658098,-0.022113310059528213,0.13282841629406494,0.30576388888888889
1,0.80000000000000004,0.98113368055555561,0.34082843372395355,-0.32364866344618015,-0.2478820258799399,0.075766637566240247,0.34756667940065911,0.33815057586205732,-0.0094161035386017833,0.67121534284683926,0.32206944444444446
2,0.80000000000000004,0.98686701388888887,0.19408108537843427,0.20743320401941279,0.22815338517011152,0.020720181150698735,0.26224361013199116,0.25780888261049517,-0.0044347275214959847,0.054810406112578369,0.3356527777777778
3,0.80000000000000004,0.98047951388888899,0.14225865300406348,-1.7343759027572117,-1.5076378554946421,0.22673804726256952,0.33633606054911447,0.31950218816576448,-0.01683387238334999,2.070711963306326,0.32333333333333331
4,0.80000000000000004,0.98430844907407422,0.32361505873674923,-0.3760172368907877,-0.49816754305635147,-0.12215030616556377,0.30067254227739559,0.29571851678943084,-0.0049540254879647527,0.67668977916818329,0.33266666666666667
5,0.80000000000000004,0.97108333333333341,0.18272900099739575,0.12275972914503541,0.16553584565276447,0.042776116507729056,0.24772182014864563,0.25164198345836553,0.0039201633097198929,0.12496209100361022,0.29702777777777778
6,0.80000000000000004,0.97689409722222231,0.36217382379420648,0.20524137252797436,0.20703103631895114,0.001789663790976781,0.35402229765965854,0.36420829215792194,0.010185994498263407,0.14878092513168417,0.30327777777777776
7,0.80000000000000004,0.98761064814814825,0.16677197514562414,0.17304880635891151,0.16560648054404659,-0.0074423258148649252,0.27225029969118741,0.26714577425037267,-0.0051045254408147445,0.099201493332275903,0.32395833333333335
8,0.80000000000000004,0.97029027777777765,0.18491298189652994,0.26817530354469754,0.29529376315706823,0.027118459612370693,0.34587715719198209,0.34334599201302785,-0.0025311651789542422,0.077701853647284547,0.2878472222222222
9,0.80000000000000004,0.98120856481481467,0.14988417103566387,-0.033396987847413184,-0.057715338222967372,-0.024318350375554187,0.18325603687435332,0.17541930354184943,-0.0078367333325038979,0.21665302472176651,0.33573611111111112
10,0.80000000000000004,0.97647962962962964,0.30580255683049939,0.003920875990235051,-0.0010063971453413423,-0.0049272731355763932,0.24596730404166967,0.25925060722112325,0.013283303179453587,0.24204642805143461,0.29880555555555555
11,0.80000000000000004,0.97273981481481497,0.1249572053721445,0.22582131637281788,0.23769313135731074,0.011871814984492857,0.20841528525112385,0.21033644963809062,0.0019211643869667672,-0.017406031121694032,0.29623611111111109
12,0.80000000000000004,0.95667835648148147,0.44568570903856664,0.36296069654807783,0.35686016659212438,-0.0061005299559534487,0.42190141323322616,0.42076549410024244,-0.0011359191329837204,0.058940716685148331,0.30170833333333336
13,0.80000000000000004,0.9762033564814816,0.35647428558704486,-0.72320935272295395,-0.52954518454606059,0.19366416817689336,0.41570422590052225,0.42423321647192203,0.0085289905713997749,1.1389135786234763,0.29141666666666666
14,0.80000000000000004,0.97730682870370378,0.21737353852449037,-1.13950115040869,-1.1310630703929672,0.0084380800157228819,0.35876117855810896,0.34954410818202952,-0.0092170703760794392,1.4982623289667991,0.30536111111111114
15,0.80000000000000004,0.97240787037037046,0.17844701972053867,0.12590133497665001,0.10053993953782725,-0.025361395438822765,0.21392379181198418,0.22836052564106946,0.01443673382908528,0.088022456835334162,0.29856944444444444
16,0.80000000000000004,0.98199768518518515,0.21280464667309684,0.31528024191988224,0.29470944211079697,-0.020570799809085272,0.35758934152575073,0.3615349843711726,0.0039456428454218706,0.042309099605868483,0.31034722222222222
17,0.80000000000000004,0.98225879629629631,0.29241593784194853,0.26152828080250579,0.27821406242593394,0.016685781623428153,0.41683445104322181,0.41944230352313916,0.0026078524799173497,0.15530617024071602,0.32429166666666664
18,0.80000000000000004,0.97875648148148142,0.27781962740245025,-2.4423127203718455,-2.4644358757589258,-0.022123155387080207,0.35676276064054335,0.35360961619406328,-0.0031531444464800717,2.7990754810123888,0.3075
19,0.80000000000000004,0.98784849537037023,0.22333472253674924,0.20487799570041476,0.19662244236665793,-0.0082555533337568265,0.27268656884779352,0.25810961746463312,-0.014576951383160397,0.067808573147378759,0.32920833333333333
20,0.80000000000000004,0.98652060185185186,0.27853144193302071,0.24931514181498615,0.24538004949291581,-0.0039350923220703438,0.34729710467506125,0.34113052294211521,-0.0061665817329460415,0.0979819628600751,0.32274999999999998
21,0.80000000000000004,0.97345462962962959,0.25064848805338991,0.17224716987774658,0.18112738780191751,0.00888021792417093,0.25899414205167792,0.26280418244546222,0.0038100403937842975,0.086746972173931347,0.300375
22,0.80000000000000004,0.97729131944444447,0.21884000744863419,0.28897727784450644,0.25024226260076454,-0.038735015243741899,0.31031928120406926,0.29407615357824057,-0.016243127625828691,0.021342003359562822,0.30468055555555557
23,0.80000000000000004,0.97469930555555562,0.22905770747333287,-0.28234847011631214,-0.43335094301767874,-0.15100247290136659,0.34387598355561777,0.34889630890575274,0.0050203253501349687,0.62622445367192991,0.31836111111111109
24,0.80000000000000004,0.98716435185185192,0.20133478810903616,0.18243801295462203,0.18181579740557674,-0.00062221554904529075,0.27433855959041531,0.27887649095957667,0.0045379313691613632,0.091900546635793279,0.3444861111111111
25,0.80000000000000004,0.97454837962962959,0.381211684886961,0.30692207716713227,0.30802819572118112,0.0011061185540488516,0.4138283051655598,0.41046120255798779,-0.0033671026075720034,0.10690622799842753,0.31513888888888891
26,0.80000000000000004,0.98321979166666684,0.37418942602566707,-1.0132749117222648,-1.0313171922783222,-0.018042280556057388,0.48528734637515258,0.47790034187196651,-0.0073870045031860787,1.4985622580974174,0.31523611111111111
27,0.80000000000000004,0.98100636574074074,0.40236054341190874,0.11581384041951903,0.1449554154820476,0.029141575062528569,0.38845981908614025,0.39063357521001929,0.0021737561238790448,0.27264597866662121,0.3155972222222222
28,0.80000000000000004,0.96407731481481473,0.29204617774976993,0.1912216397930423,0.20207555293708457,0.010853913144042271,0.35928942300934097,0.37111800160118213,0.011828578591841166,0.16806778321629867,0.2781527777777778
29,0.80000000000000004,0.96783194444444443,0.30080716123289475,0.018745467341039324,0.0089452120193550533,-0.0098002553216842703,0.31729849182982306,0.31380057525922411,-0.0034979165705989468,0.29855302448878374,0.30081944444444442
30,0.80000000000000004,0.98099050925925935,0.23812789707687976,-0.058230336327664389,-0.012691466076679259,0.045538870250985131,0.27228045941351064,0.26484922904865549,-0.007431230364855157,0.33051079574117503,0.30487500000000001
31,0.80000000000000004,0.98193055555555553,0.25638704810256463,-0.29093480344312406,-0.42338697639601253,-0.13245217295288847,0.26902868338336283,0.28189408149149875,0.012865398108135917,0.55996348682648689,0.32384722222222223
32,0.80000000000000004,0.9721005787037037,0.3814771977114656,0.18760037434512178,0.1877484562679288,0.00014808192280701959,0.36591498498703778,0.35504196942798327,-0.010873015559054511,0.178314610641916,0.29190277777777779
33,0.80000000000000004,0.97517650462962957,0.12061089914843104,0.19220111871934464,0.16479678148949883,-0.02740433722984581,0.22587855450274474,0.22780897545901413,0.0019304209562693853,0.0336774357834001,0.29915277777777777
34,0.80000000000000004,0.96445983796296286,0.21638935194546394,0.1833950774075418,0.17166029686575579,-0.011734780541786005,0.28132725911134548,0.29740146163727732,0.016074202525931836,0.097932181703803689,0.300875
35,0.80000000000000004,0.97728263888888878,0.30195300529304692,0.20772872947455823,0.20841844465626702,0.00068971518170879431,0.34483469752966434,0.34101420982177388,-0.003820487707890452,0.13710596805510611,0.30033333333333334
36,0.80000000000000004,0.98089525462962968,0.28592685483978675,0.26453997778030058,0.26198789096887354,-0.0025520868114270456,0.36176599772614615,0.35773325214345719,-0.0040327455826889569,0.097226019945845565,0.31740277777777776
37,0.80000000000000004,0.97522800925925923,0.2428558572115681,0.098411996576243443,0.01405797181826629,-0.084354024757977153,0.36470947994731762,0.34732912192577725,-0.017380358021540365,0.26629748337107417,0.29480555555555554
38,0.80000000000000004,0.97902951388888881,0.27313424243142015,-0.236393138717508,-0.27517038850880082,-0.038777249791292823,0.35099045447314348,0.35814521404602373,0.0071547595728802538,0.58738359319065148,0.31947222222222221
39,0.80000000000000004,0.97627245370370375,0.23915491168435088,-0.0024785486316409866,0.0063779829681436251,0.0088565315997846117,0.39351749175438566,0.39171486240332143,-0.0018026293510642333,0.39599604038602665,0.30554166666666666
40,0.80000000000000004,0.98452222222222219,0.3367049238229296,0.21862726371713714,0.21081437927292046,-0.0078128844442166834,0.32166814145665934,0.32724870567853304,0.0055805642218736962,0.1030408777395222,0.31188888888888888
41,0.80000000000000004,0.98562361111111108,0.45027947742374719,-0.19691750589835633,-0.2933365845556426,-0.096419078657286272,0.43202908660719963,0.4337735409539677,0.0017444543467680651,0.62894659250555596,0.34425
42,0.80000000000000004,0.97767268518518513,0.29141112768010091,0.23578543977960342,0.22424218858088318,-0.011543251198720239,0.34864369333615808,0.34633653250465912,-0.0023071608314989556,0.11285825355655466,0.31622222222222224
43,0.80000000000000004,0.97391620370370369,0.20733761435628217,0.00086638227307889171,0.0092668112076046416,0.0084004289345257499,0.25756849870534049,0.2583374825482172,0.00076898384287671373,0.2567021164322616,0.30359722222222224
44,0.80000000000000004,0.97642835648148141,0.17456043046516534,0.21305185533685045,0.22262063157981427,0.0095687762429638168,0.32417892366745815,0.30370310157189917,-0.020475822095558982,0.1111270683306077,0.31112499999999998
45,0.80000000000000004,0.96922106481481485,0.27041843823763212,-0.25718789736347047,-0.19655808106318728,0.06062981630028319,0.3322469119009851,0.32949569457742733,-0.0027512173235577642,0.58943480926445557,0.31102777777777779
46,0.80000000000000004,0.97723055555555549,0.18329792199462569,0.23513284893673136,0.23105917501969109,-0.0040736739170402769,0.23904664441594936,0.21919702832822874,-0.019849616087720623,0.0039137954792179963,0.30536111111111114
47,0.80000000000000004,0.98053414351851842,0.19293012198358461,0.096360670177702779,0.10868643188281468,0.012325761705111904,0.30647880810830042,0.29598236727698779,-0.010496440831312626,0.21011813793059764,0.32551388888888888
48,0.80000000000000004,0.98203287037037035,0.27963796864500112,-0.13509475608406807,-0.15798409334679242,-0.022889337262724352,0.3042553818373015,0.33009290767814092,0.025837525840839426,0.43935013792136957,0.32130555555555557
49,0.80000000000000004,0.9822105324074073,0.3429221220783053,-0.50988924739141228,-0.4145926485472331,0.095296598844179181,0.34297788672362584,0.35093544535538201,0.0079575586317561786,0.85286713411503812,0.3357222222222222
50,0.80000000000000004,0.98400185185185185,0.21238280277873045,0.24010461264155458,0.25606336923905071,0.015958756597496127,0.27550568170235734,0.27960835624147684,0.0041026745391194996,0.035401069060802759,0.29749999999999999
51,0.80000000000000004,0.98622789351851858,0.15553074672236666,0.17149027003532369,0.17133223934693975,-0.00015803068838393663,0.1904129498824999,0.18769518159392828,-0.0027177682885716203,0.018922679847176216,0.32384722222222223
52,0.80000000000000004,0.97891296296296293,0.16986160898518821,0.24854596395167905,0.25274713468193921,0.004201170730260162,0.31454115342476374,0.31667013166603875,0.0021289782412750036,0.065995189473084692,0.30434722222222221
53,0.80000000000000004,0.97593923611111111,0.29326839382211556,0.027911069753926432,0.034838278791442412,0.0069272090375159801,0.29645540818130167,0.31123460750642973,0.014779199325128056,0.26854433842737524,0.30155555555555558
54,0.80000000000000004,0.98392233796296302,0.19233539988536641,-1.0619522743032763,-1.033438865754511,0.028513408548765273,0.36379657454046066,0.33920112789969548,-0.024595446640765184,1.4257488488437371,0.30905555555555553
55,0.80000000000000004,0.98107106481481487,0.2605317898650108,0.20120036934015828,0.1403362486510692,-0.060864120689089085,0.31966514955112124,0.32304580711877295,0.0033806575676517125,0.11846478021096296,0.30480555555555555
56,0.80000000000000004,0.97894606481481483,0.13668845401222418,0.22462209180589487,0.21227122113270847,-0.012350870673186409,0.257150214053536,0.26973199217163757,0.012581778118101572,0.032528122247641122,0.32579166666666665
57,0.80000000000000004,0.98528865740740734,0.24972841287186687,-0.59750608058574284,-0.53102774452997648,0.066478336055766363,0.31221490056192736,0.31601572465861894,0.0038008240966915796,0.90972098114767019,0.31433333333333335
58,0.80000000000000004,0.98726666666666674,0.21314039461286793,0.19165882928690192,0.1869822762139457,-0.0046765530729562244,0.23487368889172222,0.232166875526856,-0.0027068133648662229,0.043214859604820299,0.31111111111111112
59,0.80000000000000004,0.97668101851851852,0.34096883405743228,0.32071937809030826,0.32957274883212984,0.0088533707418215757,0.38842726437792252,0.39086886721539038,0.00244160283746786,0.067707886287614261,0.30272222222222223
60,0.80000000000000004,0.98511643518518521,0.3111834568781906,0.1313574304358337,0.10625702645435575,-0.025100403981477948,0.26427182067171573,0.25753595938459772,-0.0067358612871180057,0.13291439023588203,0.34481944444444446
61,0.80000000000000004,0.96427152777777769,0.32689704253951735,-0.15381680391355212,-0.081167771294775592,0.072649032618776532,0.39780614658146485,0.40190837022318826,0.0041022236417234126,0.55162295049501697,0.27344444444444443
62,0.80000000000000004,0.98438738425925931,0.22496168030280639,0.18399858298397931,0.15290154168257053,-0.031097041301408779,0.29925689369368591,0.28901624814064009,-0.010240645553045824,0.1152583107097066,0.31440277777777775
63,0.80000000000000004,0.97959571759259256,0.25155124255165251,0.074638672050417743,0.068780576079312872,-0.0058580959711048708,0.27447686712239616,0.28146051962049523,0.0069836524980990689,0.19983819507197842,0.31036111111111109
64,0.80000000000000004,0.98237800925925933,0.29892185401977678,0.222639010635866,0.22053265944508926,-0.0021063511907767341,0.29572016290253889,0.31739770064125761,0.021677537738718722,0.073081152266672889,0.3094027777777778
65,0.80000000000000004,0.97643171296296283,0.39644674168762639,0.29584420402021261,0.29816820274810352,0.002323998727890908,0.39496574736068013,0.3958398242979666,0.00087407693728647207,0.099121543340467522,0.30634722222222222
66,0.80000000000000004,0.97681215277777778,0.22329078774783329,0.22666415597604428,0.22480431600451989,-0.0018598399715243907,0.29585810904714716,0.29090738666117077,-0.0049507223859763805,0.069193953071102876,0.31636111111111109
67,0.80000000000000004,0.98076388888888888,0.14625442691280244,0.27951149530036146,0.26283814083118229,-0.016673354469179169,0.29514498518953569,0.30121801946143156,0.0060730342718958719,0.015633489889174235,0.3094027777777778
68,0.80000000000000004,0.973470138888889,0.34556330393028378,-2.9121718253208742,-2.9679822455471196,-0.055810420226245494,0.379555831576323,0.39267481415743388,0.013118982581110883,3.2917276568971969,0.30020833333333335
69,0.80000000000000004,0.96904814814814821,0.27410572014214274,-1.5399796001671722,-1.9686386676892722,-0.42865906752210003,0.41920287940504586,0.41825553480325617,-0.00094734460178969027,1.9591824795722181,0.30223611111111109
70,0.80000000000000004,0.98319016203703702,0.12944655229950064,-1.4815653149470593,-1.5181876175462019,-0.036622302599142564,0.22107126319242298,0.24034832547245832,0.01927706228003534,1.7026365781394823,0.3160972222222222
71,0.80000000000000004,0.97328680555555547,0.33632586173966084,0.22724372778604507,0.26681928361761775,0.039575555831572684,0.3020185647993322,0.29521070453085907,-0.0068078602684731315,0.074774837013287132,0.28238888888888891
72,0.80000000000000004,0.98222824074074067,0.11846674492154752,-0.21550245197298357,-0.13586678860171708,0.079635663371266485,0.23307384190021285,0.23472230705236852,0.0016484651521556648,0.44857629387319642,0.30531944444444442
73,0.80000000000000004,0.97146145833333331,0.35736107065048661,0.33211549570451171,0.33989898246295736,0.0077834867584456457,0.34347674976146869,0.34177822941969627,-0.0016985203417724248,0.011361254056956982,0.29530555555555554
74,0.80000000000000004,0.98605868055555546,0.281268717802866,0.25064936559317608,0.26060845407276378,0.0099590884795877077,0.25723857679776374,0.26571880534061121,0.0084802285428474677,0.0065892112045876639,0.32952777777777775
75,0.80000000000000004,0.97942754629629636,0.15553205092979205,0.055699551041316631,-0.0087981646035628636,-0.064497715644879494,0.34346126118937381,0.33346147152609862,-0.0099997896632751937,0.28776171014805718,0.31119444444444444
76,0.80000000000000004,0.97686863425925929,0.2981903040530326,0.31455641229078179,0.29882318960594167,-0.01573322268484012,0.33590644765670441,0.34478882681372625,0.0088823791570218358,0.021350035365922615,0.3213611111111111
77,0.80000000000000004,0.97524594907407414,0.23569537459575951,0.23336497436900761,0.26176173856190899,0.02839676419290138,0.36287516244369755,0.36806848888971699,0.0051933264460194417,0.12951018807468995,0.32205555555555554
78,0.80000000000000004,0.97133576388888887,0.13236285570560857,-0.012075374519647575,-0.017904291884560664,-0.0058289173649130888,0.23797783329048161,0.24090074790775595,0.0029229146172743414,0.25005320781012919,0.30049999999999999
79,0.80000000000000004,0.98406840277777785,0.1466961912703707,-0.05179235250118519,-0.054702846852448195,-0.0029104943512630044,0.19315456866392988,0.21088513694997435,0.017730568286044468,0.24494692116511507,0.33077777777777778
80,0.80000000000000004,0.9796924768518519,0.27822722125034616,-0.48927286608619114,-0.34043812947315266,0.14883473661303848,0.36802555959883854,0.37062262277476932,0.0025970631759307805,0.85729842568502967,0.30719444444444444
81,0.80000000000000004,0.97388865740740727,0.17889620553996166,0.23901101354820853,0.24162815725038245,0.0026171437021739186,0.36468028504898564,0.36879049071994652,0.0041102056709608759,0.12566927150077711,0.29901388888888891
82,0.80000000000000004,0.98730497685185181,0.11369532067830745,0.13759681166585935,0.14754802062885053,0.009951208962991176,0.22214027142772108,0.20015894256808342,-0.021981328859637661,0.084543459761861728,0.32773611111111112
83,0.80000000000000004,0.97442858796296294,0.16433680055212219,0.071014612710306846,0.14733641426580957,0.076321801555502722,0.32576385369142213,0.33141216587691491,0.0056483121854927765,0.25474924098111529,0.31404166666666666
84,0.80000000000000004,0.97484733796296297,0.26004982266805665,-0.8666553126380403,-0.89134810712791834,-0.024692794489878045,0.36844140516354518,0.37207698877107731,0.0036355836075321335,1.2350967178015855,0.28662500000000002
85,0.80000000000000004,0.9768182870370371,0.17058331369413471,0.17867586274616876,0.19774729712935246,0.019071434383183705,0.2295683771675473,0.22150495194474729,-0.0080634252228000136,0.050892514421378543,0.29338888888888887
86,0.80000000000000004,0.97898136574074079,0.28414848853944041,-0.21107216729335043,-0.30776312450623866,-0.096690957212888229,0.35249857719940314,0.34434341741121555,-0.0081551597881875937,0.56357074449275357,0.28526388888888887
87,0.80000000000000004,0.96928379629629635,0.24462252467558521,-0.88456846460777916,-0.78694284638652823,0.097625618221250932,0.43572799766371162,0.44698694947366491,0.011258951809953288,1.3202964622714908,0.31573611111111111
88,0.80000000000000004,0.9809872685185187,0.26000148587604555,-1.1944264297782126,-1.3554899673405467,-0.16106353756233416,0.37073765713200635,0.3784668124176076,0.0077291552856012524,1.5651640869102188,0.29883333333333334
89,0.80000000000000004,0.9748496527777778,0.23318776143716224,-3.01771680129721,-2.6098481051523748,0.40786869614483523,0.3766773204030387,0.3859741192780497,0.0092967988750110031,3.3943941217002487,0.30648611111111113
90,0.80000000000000004,0.98447233796296307,0.10763742995952574,0.011322500932835933,-0.07181694137968142,-0.083139442312517353,0.35376989937168679,0.37244799550204444,0.018678096130357646,0.34244739843885086,0.32284722222222223
91,0.80000000000000004,0.97636064814814816,0.29550837982141576,-0.12921370576748137,0.00040936431545479657,0.12962307008293616,0.31167002453646386,0.30444982359792616,-0.007220200938537702,0.44088373030394523,0.29643055555555553
92,0.80000000000000004,0.98276018518518526,0.15979953695577842,-0.45319776230641673,-0.60758094910579041,-0.15438318679937368,0.21594879076187545,0.23110756134984822,0.01515877058797277,0.66914655306829218,0.32806944444444447
93,0.80000000000000004,0.9779817129629631,0.27637937833357484,0.11249386384680049,0.11437950200809699,0.001885638161296499,0.33378613526602308,0.34372667467383067,0.0099405394078075915,0.22129227141922259,0.3165
94,0.80000000000000004,0.98350902777777771,0.11884444553812312,0.23168552666737485,0.21809205245777719,-0.013593474209597667,0.29106272844205294,0.27715412073137502,-0.013908607710677923,0.05937720177467809,0.31369444444444444
95,0.80000000000000004,0.97548009259259272,0.23902398991038254,0.10923790216437668,0.13666456022871565,0.027426658064338971,0.40730805649617108,0.39973840312467701,-0.0075696533714940673,0.2980701543317944,0.29477777777777781
96,0.80000000000000004,0.97756539351851846,0.17390916495767406,0.25896603806030827,0.28083738947092773,0.021871351410619466,0.28831697607806583,0.29115472920374508,0.0028377531256792432,0.029350938017757566,0.29515277777777776
97,0.80000000000000004,0.97148437499999984,0.18304351364013227,0.19269169895838345,0.20370129877372423,0.011009599815340776,0.16361982142939846,0.16527821831818079,0.0016583968887823319,-0.029071877528984991,0.30093055555555553
98,0.80000000000000004,0.96639386574074082,0.15425840281592151,0.30010365145098339,0.30901292554529114,0.0089092740943077509,0.32137550847801455,0.31974944082598311,-0.0016260676520314377,0.02127185702703116,0.30030555555555555
99,0.80000000000000004,0.97311111111111115,0.19627620817879721,-0.32347058826496911,-0.32208494553636435,0.0013856427286047523,0.35584729778713076,0.35233570485224452,-0.0035115929348862318,0.67931788605209986,0.31961111111111112
0,0.84999999999999998,0.98135312500000005,0.31441809830853062,0.11859847972425308,-0.043565279970681381,-0.16216375969493446,0.36218015366899936,0.35576899509071447,-0.0064111585782848923,0.24358167394474628,0.32297222222222222
1,0.84999999999999998,0.97948587962962952,0.20115164666308638,0.11010144269381261,0.12229445351780011,0.012193010823987493,0.25183445885067335,0.25610307516916964,0.0042686163184962878,0.14173301615686074,0.31177777777777776
2,0.84999999999999998,0.97801481481481478,0.1920887505222526,-2.036710623774586,-2.036110178786068,0.00060044498851796746,0.34687264304224141,0.34480836297383632,-0.0020642800684050888,2.3835832668168275,0.3218611111111111
3,0.84999999999999998,0.99322326388888893,0.36905378376014863,-1.8886545323478994,-1.4121992612607341,0.47645527108716523,0.48405863453136588,0.49154042442284718,0.0074817898914812941,2.3727131668792651,0.35959722222222223
4,0.84999999999999998,0.98303298611111112,0.39746198401977439,-1.420407392038201,-1.1132341786242237,0.3071732134139773,0.38390615007687723,0.38134900102125302,-0.0025571490556242082,1.8043135421150782,0.33202777777777776
5,0.84999999999999998,0.97521527777777772,0.33260810803074958,0.16465064463203694,0.17687145782365699,0.01222081319162005,0.30059398696428119,0.29197684897297682,-0.0086171379913043689,0.13594334233224425,0.32072222222222224
6,0.84999999999999998,0.98464837962962959,0.18335852985529877,-2.1176885066751416,-1.8419209563065713,0.27576755036857037,0.36168711665240361,0.34668744781630245,-0.014999668836101154,2.4793756233275452,0.3322222222222222
7,0.84999999999999998,0.98714212962962966,0.33402567357466506,0.12649466774951112,0.1613584366465437,0.034863768897032577,0.3488813305524765,0.35514046182740533,0.0062591312749288308,0.22238666280296537,0.34069444444444447
8,0.84999999999999998,0.98665543981481474,0.34656939334587655,-0.22154871054383429,-0.40200770904838379,-0.18045899850454949,0.35221129662483552,0.34706100309477306,-0.0051502935300624664,0.57376000716866982,0.32734722222222223
9,0.84999999999999998,0.98505486111111107,0.2561747845061747,0.204377025990502,0.21050432467985003,0.0061272986893480264,0.28752898340756416,0.28690246502323236,-0.00062651838433180895,0.083151957417062161,0.33561111111111114
10,0.84999999999999998,0.98628981481481459,0.24157255750772133,-0.1476014227565543,-0.23472456074650316,-0.087123137989948862,0.31296526137551417,0.31729289242921632,0.0043276310537021523,0.46056668413206847,0.34575
11,0.84999999999999998,0.9807996527777777,0.15470475592127331,-0.69893049833438092,-0.50585461805034382,0.1930758802840371,0.36099359205376547,0.36703948067522707,0.0060458886214616037,1.0599240903881464,0.3225972222222222
12,0.84999999999999998,0.98450798611111112,0.18640175114635882,0.033046681200790018,-0.041344515579727625,-0.074391196780517643,0.15741329523713954,0.17377414211011399,0.016360846872974455,0.12436661403634952,0.33047222222222222
13,0.84999999999999998,0.98698449074074068,0.3760735304942775,-4.6066564111421275,-4.8683600254361687,-0.26170361429404121,0.44176337603339466,0.45703046311322593,0.015267087079831265,5.0484197871755221,0.34604166666666669
14,0.84999999999999998,0.98935289351851852,0.24014442068578523,-1.0264929810334791,-1.1914097902719893,-0.16491680923851026,0.40612590287361705,0.39985802624625477,-0.0062678766273622788,1.4326188839070961,0.35080555555555554
15,0.84999999999999998,0.98687962962962972,0.23093963362805747,0.098688300693827835,0.10718937282538477,0.0085010721315569304,0.17543190727976288,0.16986983996751437,-0.0055620673122485087,0.076743606585935042,0.32848611111111109
16,0.84999999999999998,0.98806817129629632,0.28270693456103246,-4.5292214007960121,-3.2613964205789046,1.2678249802171075,0.32154779155881208,0.31379379142596298,-0.0077540001328491037,4.8507691923548242,0.34836111111111112
17,0.84999999999999998,0.98959641203703708,0.28692862355347148,0.14012401985477185,0.17952889025856356,0.039404870403791703,0.32773612602360924,0.31251408802381908,-0.015222037999790161,0.18761210616883739,0.36029166666666668
18,0.84999999999999998,0.98048935185185193,0.37403392892940546,-8.7562034261818447,-8.849421979460347,-0.09321855327850237,0.52728654246967033,0.52967982991032714,0.0023932874406568105,9.2834899686515158,0.32426388888888891
19,0.84999999999999998,0.98136516203703705,0.15847574635338613,-1.9889746952821081,-1.9206355089880698,0.068339186294038345,0.23892973083809599,0.26242238975072829,0.023492658912632303,2.2279044261202041,0.3235277777777778
20,0.84999999999999998,0.98215868055555555,0.31890090675543115,-12.180015123331305,-12.726024120225903,-0.54600899689459759,0.39232915874651142,0.40530002852748859,0.012970869780977168,12.572344282077816,0.33141666666666669
21,0.84999999999999998,0.98148043981481481,0.24635013683967488,-0.062250038661346929,-0.07241996425126529,-0.01016992558991836,0.3117455308201954,0.30214127543918623,-0.0096042553810091746,0.37399556948154233,0.32524999999999998
22,0.84999999999999998,0.9794649305555555,0.39448775036316475,0.22166278232180581,0.22814703270473424,0.0064842503829284359,0.35251775231216376,0.37353146854811636,0.021013716235952606,0.13085496999035795,0.32115277777777779
23,0.84999999999999998,0.98625289351851853,0.22759016423173672,-1.9753911954003045,-2.0839213389653697,-0.10853014356506518,0.318566260289739,0.32406757451013724,0.0055013142203982346,2.2939574556900437,0.31644444444444442
24,0.84999999999999998,0.984491550925926,0.1463981276465175,-3.1776346140596683,-3.5894895062494507,-0.41185489218978244,0.31923914047585833,0.3011666877174467,-0.018072452758411628,3.4968737545355264,0.32244444444444442
25,0.84999999999999998,0.97279953703703692,0.34127646369804709,0.18927149430743451,0.199683831330288,0.010412337022853491,0.33062062431497941,0.35497693374272643,0.024356309427747025,0.1413491300075449,0.33504166666666668
26,0.84999999999999998,0.9839048611111112,0.2908768130922964,0.22087726971789468,0.17281035509212606,-0.04806691462576862,0.32973659633599728,0.32966510425711892,-7.1492078878354626e-05,0.1088593266181026,0.33881944444444445
27,0.84999999999999998,0.97629027777777777,0.16566294459852082,0.177423928699871,0.17298321114004511,-0.0044407175598258908,0.22748339459719991,0.23953228396171788,0.012048889364517978,0.050059465897328903,0.31766666666666665
28,0.84999999999999998,0.98886886574074084,0.27041131747191083,0.029483015606645679,0.062644729360284312,0.033161713753638633,0.28364849001885839,0.28786627350547844,0.0042177834866200525,0.25416547441221271,0.32952777777777775
29,0.84999999999999998,0.98713194444444452,0.23914838845768516,0.027793951683867446,0.12142234983480371,0.093628398150936265,0.37675882269979888,0.3612546531746339,-0.015504169525164979,0.34896487101593143,0.33287499999999998
30,0.84999999999999998,0.97853229166666666,0.22856710524241297,0.033493342254330982,0.077554355859989266,0.044061013605658284,0.20395625606210654,0.19922960092410613,-0.0047266551380004129,0.17046291380777556,0.31858333333333333
31,0.84999999999999998,0.98091122685185184,0.32368052078597298,0.37753775305317572,0.39453061924266042,0.016992866189484701,0.44389860845681439,0.45171201750170487,0.0078134090448904736,0.066360855403638674,0.31998611111111114
32,0.84999999999999998,0.98367905092592578,0.23568872977195243,-1.5936999156514458,-1.8783205025651548,-0.28462058691370906,0.33255981670599777,0.35293105990854245,0.020371243202544687,1.9262597323574435,0.31891666666666668
33,0.84999999999999998,0.98387523148148148,0.063517944283110417,-0.096407178380054637,-0.20174323373443714,-0.10533605535438251,0.24800206330412433,0.22696926538893603,-0.021032797915188306,0.34440924168417897,0.34284722222222225
34,0.84999999999999998,0.98645277777777773,0.30618237519313307,0.26292641991781984,0.27477414755632257,0.011847727638502725,0.36808628697458579,0.37895232645604449,0.0108660394814587,0.10515986705676594,0.31494444444444447
35,0.84999999999999998,0.98832650462962957,0.31009579752698135,0.070771106669992978,0.018815103433348579,-0.051956003236644399,0.38536812415367871,0.39379916254501335,0.0084310383913346332,0.31459701748368574,0.34275
36,0.84999999999999998,0.9880895833333333,0.4877333682621795,-2.0412911470649688,-1.7504117396797536,0.29087940738521523,0.48239640314794741,0.48084169440431845,-0.001554708743628952,2.5236875502129164,0.33393055555555556
37,0.84999999999999998,0.98013796296296307,0.34277197371198054,0.0049464551768054754,-0.024014322033830249,-0.028960777210635724,0.50027563714238266,0.50435309966540309,0.0040774625230204364,0.49532918196557718,0.31112499999999998
38,0.84999999999999998,0.98407905092592607,0.2612312812579628,0.15580992384358372,0.15448860875998949,-0.0013213150835942322,0.31529129454885318,0.31905554711623219,0.0037642525673790006,0.15948137070526947,0.31631944444444443
39,0.84999999999999998,0.97639467592592588,0.261865383755987,0.26083639542700132,0.2373367348187595,-0.023499660608241824,0.37904824731890163,0.37272800695358399,-0.006320240365317642,0.11821185189190031,0.30551388888888886
40,0.84999999999999998,0.98057650462962964,0.35891573248820374,0.33235802252766755,0.33995782738309333,0.0075998048554257736,0.44551210553276321,0.43590130723453191,-0.0096107982982313045,0.11315408300509566,0.30925000000000002
41,0.84999999999999998,0.98665578703703705,0.24697453269810132,-0.45368236438126841,-0.50632614997416736,-0.052643785592898951,0.25199738665541604,0.25284435784291837,0.00084697118750232114,0.70567975103668446,0.32908333333333334
42,0.84999999999999998,0.9828562500000001,0.2098496823224526,-0.70658797785409222,-0.71189815188310912,-0.0053101740290169008,0.31688574393685232,0.31435399863600355,-0.0025317453008487645,1.0234737217909444,0.32118055555555558
43,0.84999999999999998,0.98021180555555565,0.098773718814997524,0.13900761572923059,0.13342098205601161,-0.0055866336732189881,0.23834873206145968,0.23616766027076252,-0.0021810717906971533,0.099341116332229085,0.32640277777777776
44,0.84999999999999998,0.9796255787037037,0.023244659446439164,0.0058512741016403247,0.0054274117263303223,-0.00042386237531000237,0.24526127905290229,0.24799817461755458,0.0027368955646522863,0.23941000495126197,0.31798611111111114
45,0.84999999999999998,0.98912685185185178,0.24184874958802405,-5.3598152014754499,-4.5850034171997862,0.77481178427566366,0.394425591835317,0.42653363812726619,0.032108046291949188,5.7542407933107667,0.32902777777777775
46,0.84999999999999998,0.98537627314814813,0.38802544709863529,-1.1517241358734553,-0.8141038800196061,0.33762025585384925,0.46117491589798376,0.46607850396063211,0.0049035880626483452,1.6128990517714392,0.34761111111111109
47,0.84999999999999998,0.98674293981481487,0.25271049298395454,-3.7717298070808685,-4.0463541105133967,-0.27462430343252819,0.30085573310267222,0.29354625596826489,-0.0073094771344073273,4.0725855401835407,0.31334722222222222
48,0.84999999999999998,0.97893935185185177,0.34418913480998725,0.30496737773676119,0.28984473488418772,-0.015122642852573476,0.40054003351316758,0.39141786553567781,-0.0091221679774897702,0.09557265577640639,0.32461111111111113
49,0.84999999999999998,0.98039259259259259,0.31846944563681212,0.23105639639788189,0.26533319539970412,0.034276799001822233,0.31694367037307913,0.31328651208935399,-0.0036571582837251482,0.085887273975197242,0.32140277777777776
50,0.84999999999999998,0.98575254629629627,0.27359146229624154,0.27958939072827349,0.26928983722434408,-0.010299553503929415,0.34111932607234852,0.33580748445140374,-0.0053118416209447794,0.061529935344075026,0.33552777777777776
51,0.84999999999999998,0.98860983796296287,0.15483279258162497,0.22391238058186136,0.24459276217776671,0.020680381595905351,0.25342011084394045,0.25973831572718242,0.0063182048832419735,0.02950773026207909,0.32670833333333332
52,0.84999999999999998,0.98653553240740732,0.14930752507639289,-0.11226129797923612,-0.050848145630010277,0.061413152349225841,0.25992891141164109,0.25047264531062141,-0.0094562661010196836,0.37219020939087721,0.3263888888888889
53,0.84999999999999998,0.9913333333333334,0.046821143509339636,0.13366428072260561,0.1859418394223652,0.052277558699759585,0.26779232545838327,0.26533610921414064,-0.0024562162442426372,0.13412804473577766,0.33470833333333333
54,0.84999999999999998,0.98649224537037039,0.18284138375645986,0.16532963076737961,0.13901546277622201,-0.0263141679911576,0.27294727096214444,0.26259428386441208,-0.010352987097732358,0.10761764019476483,0.32190277777777776
55,0.84999999999999998,0.97525428240740741,0.11622712444915151,0.21286831215875868,0.21462441248538555,0.0017561003266268749,0.2778622783158744,0.28608989104340843,0.0082276127275340283,0.064993966157115723,0.30411111111111111
56,0.84999999999999998,0.98460960648148144,0.4202152362110454,0.0480790413675658,0.13903827296137572,0.090959231593809919,0.44696516943463049,0.45299797447617562,0.0060328050415451306,0.39888612806706469,0.31338888888888888
57,0.84999999999999998,0.99115520833333326,0.17095229503923315,0.091039623304192685,0.033637492119003021,-0.057402131185189664,0.2394250033546883,0.23432903432622443,-0.0050959690284638759,0.14838538005049562,0.33879166666666666
58,0.84999999999999998,0.98793657407407398,0.30819536518860935,-0.33103810291073166,-0.31144275510354125,0.019595347807190411,0.28887413937433959,0.27285287931462709,-0.016021260059712494,0.61991224228507125,0.34472222222222221
59,0.84999999999999998,0.9789620370370371,0.38916999293391341,0.097599880884718049,0.17521585704366749,0.07761597615894944,0.42972919598856762,0.43296519248123655,0.0032359964926689244,0.33212931510384958,0.32498611111111109
60,0.84999999999999998,0.94839606481481475,0.20510867688074508,0.38990612959377924,0.37967977111907414,-0.0102263584747051,0.3915368061692418,0.3894159604336358,-0.0021208457356060029,0.0016306765754625641,0.28715277777777776
61,0.84999999999999998,0.98813078703703694,0.20096744431630986,0.18635735829301392,0.17799908675216325,-0.0083582715408506703,0.2293779973696326,0.2254480893519728,-0.0039299080176598,0.043020639076618683,0.33779166666666666
62,0.84999999999999998,0.97943206018518525,0.30725049169514096,0.018105773157401472,-0.028725422632084108,-0.04683119578948558,0.36485179805891266,0.3765253041023956,0.01167350604348294,0.34674602490151119,0.31580555555555556
63,0.84999999999999998,0.97431493055555551,0.29318895643343168,-1.2823268779574515,-1.4499325036133537,-0.1676056256559022,0.44545007405046366,0.44869052544739707,0.0032404513969334081,1.7277769520079151,0.30505555555555558
64,0.84999999999999998,0.9865814814814815,0.1960949081985921,-1.6218929051023756,-1.6098108148922736,0.012082090210101981,0.31141166548980292,0.31059058685415397,-0.000821078635648953,1.9333045705921785,0.34011111111111109
65,0.84999999999999998,0.99064502314814806,0.2204597043573866,0.22196508115204672,0.2176285746801061,-0.0043365064719406154,0.32574498796654061,0.32346796569118197,-0.0022770222753586422,0.10377990681449389,0.33797222222222223
66,0.84999999999999998,0.9818186342592593,0.27917000869333453,0.21050309952447732,0.15066713631426831,-0.059835963210209009,0.31346793672776174,0.3063535174841433,-0.0071144192436184417,0.10296483720328442,0.31958333333333333
67,0.84999999999999998,0.97893831018518507,0.24920574830245479,0.18919581319578627,0.19020333082042395,0.0010075176246376882,0.22376954837518948,0.23798015490701552,0.014210606531826042,0.034573735179403209,0.30630555555555555
68,0.84999999999999998,0.9808496527777778,0.21867086343124287,0.19412435180154353,0.15882954593806065,-0.035294805863482881,0.33475719547849947,0.3411142648779113,0.0063570693994118299,0.14063284367695594,0.32251388888888888
69,0.84999999999999998,0.97733946759259249,0.26759310297666694,0.26185569786822649,0.27730108847499835,0.015445390606771858,0.35801934473004626,0.35164146670067287,-0.0063778780293733961,0.096163646861819774,0.29888888888888887
70,0.84999999999999998,0.98013356481481484,0.43395725114679418,0.21071854414509705,0.24862614951774742,0.037907605372650366,0.41256914336615313,0.42698782613765873,0.014418682771505598,0.20185059922105608,0.33616666666666667
71,0.84999999999999998,0.97563587962962961,0.35130964687805666,0.30597242883910913,0.29902352285366329,-0.0069489059854458413,0.35138299452174371,0.35864227173439911,0.0072592772126554017,0.045410565682634574,0.31175000000000003
72,0.84999999999999998,0.98716180555555566,0.20507284594395536,0.25557843591926044,0.23333900887500614,-0.022239427044254301,0.33357006006447953,0.33984658584924932,0.006276525784769782,0.077991624145219096,0.33195833333333336
73,0.84999999999999998,0.98207870370370376,0.31864317159376365,0.19587728077233002,0.19838916113928085,0.0025118803669508249,0.29227731818273939,0.28176230877976882,-0.010515009402970565,0.096400037410409367,0.30305555555555558
74,0.84999999999999998,0.97950462962962959,0.045646711632726489,-0.68579751180369586,-0.76986889917643109,-0.084071387372735229,0.29531003927210786,0.26743459434217931,-0.02787544492992855,0.98110755107580372,0.30968055555555557
75,0.84999999999999998,0.98559814814814806,0.42364622701323351,-4.4133874035774179,-4.3973449894240435,0.016042414153374374,0.39419212636056222,0.39256152096301677,-0.0016306053975454482,4.8075795299379802,0.33801388888888889
76,0.84999999999999998,0.98552280092592592,0.29742997264723969,-15.135920976580994,-14.547420461702064,0.5885005148789304,0.443277183735719,0.44081811300928964,-0.0024590707264293687,15.579198160316713,0.31719444444444445
77,0.84999999999999998,0.98580196759259253,0.36513254728452915,-0.65261149583263034,-0.76476310901343902,-0.11215161318080868,0.41460772028889226,0.43393708417165033,0.019329363882758077,1.0672192161215226,0.32304166666666667
78,0.84999999999999998,0.97652754629629623,0.076395405034134445,0.10216101238038711,0.094654730630176931,-0.0075062817502101753,0.17660257536292623,0.18033203029230249,0.0037294549293762636,0.074441562982539122,0.32630555555555557
79,0.84999999999999998,0.96658287037037027,0.28379590902825846,0.23460073734613351,0.23512736965819692,0.000526632312063402,0.28226464049519739,0.27943917893045433,-0.0028254615647430592,0.04766390314906388,0.30684722222222222
80,0.84999999999999998,0.97911273148148148,0.40233794659769473,0.29920375928232767,0.27453820144073982,-0.02466555784158786,0.3780103998681813,0.37208149130954682,-0.0059289085586344825,0.078806640585853627,0.31858333333333333
81,0.84999999999999998,0.97699861111111108,0.23860417546419299,0.26041530467718321,0.29321881559464147,0.032803510917458256,0.35601964741867576,0.35714166622753629,0.0011220188088605365,0.095604342741492543,0.32100000000000001
82,0.84999999999999998,0.98876296296296295,0.2593270230739666,-0.72782993153310183,-0.71773056800275215,0.010099363530349681,0.38430386145329665,0.37023552515512625,-0.014068336298170392,1.1121337929863984,0.34826388888888887
83,0.84999999999999998,0.98348171296296305,0.17454386371130926,-0.90519115401580486,-0.89481608470776175,0.010375069308043106,0.41773609773595211,0.4253088727630352,0.0075727750270830896,1.322927251751757,0.32816666666666666
84,0.84999999999999998,0.98763668981481478,0.027834216711200677,0.17728169245494085,0.15829808599856754,-0.018983606456373314,0.20127864535354778,0.2067539058657033,0.005475260512155522,0.023996952898606927,0.32577777777777778
85,0.84999999999999998,0.98062824074074084,0.46529775114567673,-12.876047002762466,-12.256612297232966,0.61943470552949975,0.52997568775904846,0.5331485935917456,0.0031729058326971371,13.406022690521514,0.32456944444444447
86,0.84999999999999998,0.98144120370370358,0.085119091799186086,-0.032274567510793828,0.024915899870736835,0.057190467381530663,0.31505157357849523,0.31848926399746769,0.0034376904189724611,0.34732614108928905,0.33908333333333335
87,0.84999999999999998,0.9897407407407407,0.28830869589167485,0.11234852274539842,0.1387804082247075,0.026431885479309081,0.2150081872617996,0.20793680726346364,-0.0070713799983359582,0.10265966451640118,0.34305555555555556
88,0.84999999999999998,0.99002106481481478,0.15252282412421736,0.18459939544506687,0.20006140471573575,0.015462009270668875,0.28153135183483624,0.27613963923094931,-0.0053917126038869334,0.096931956389769369,0.33490277777777777
89,0.84999999999999998,0.9850792824074075,0.18185715936351643,-0.67455072635233959,-0.87795204273685168,-0.20340131638451209,0.24334569934849981,0.25806905779972067,0.014723358451220858,0.9178964257008394,0.31920833333333332
90,0.84999999999999998,0.98886145833333339,0.23906669148666493,-11.011576354463632,-11.697063027668195,-0.68548667320456325,0.3863228651800934,0.40027180047838851,0.013948935298295106,11.397899219643724,0.34420833333333334
91,0.84999999999999998,0.98835428240740741,0.23628429189125166,0.17015281458713971,0.15977332852490089,-0.010379486062238819,0.23204825952574659,0.23820516661450064,0.0061569070887540489,0.061895444938606881,0.33711111111111108
92,0.84999999999999998,0.98751215277777771,0.40925706244659088,0.27082815790598436,0.25483488282341837,-0.015993275082565983,0.36974919575720533,0.35795891232191257,-0.011790283435292759,0.098921037851220972,0.34563888888888888
93,0.84999999999999998,0.98740335648148159,0.033224709405791808,-0.11766587551747243,-0.28139730231477311,-0.16373142679730068,0.15204250742494829,0.13628909726401639,-0.015753410160931902,0.26970838294242072,0.34034722222222225
94,0.84999999999999998,0.98503113425925937,0.43859799693847212,-0.44088145746500707,-0.47934501474123081,-0.038463557276223748,0.4323125207811529,0.43993065013060051,0.007618129349447611,0.87319397824615996,0.33373611111111112
95,0.84999999999999998,0.98533194444444439,0.26240691800317817,-0.22339308401437896,-0.1376201147847278,0.085772969229651164,0.33541274119376285,0.34656578999724297,0.011153048803480115,0.55880582520814182,0.34483333333333333
96,0.84999999999999998,0.96395115740740733,0.29418378964948355,0.26299734978270817,0.27454486863151439,0.011547518848806226,0.37674023661917844,0.37014639391276161,-0.0065938427064168303,0.11374288683647027,0.28325
97,0.84999999999999998,0.98483958333333332,0.24651589458906364,-3.0956558676636874,-3.7551636441104739,-0.65950777644678649,0.37678046720932457,0.37174095814003449,-0.0050395090692900713,3.4724363348730121,0.31962499999999999
98,0.84999999999999998,0.98089571759259264,0.29649964986120991,0.081984795455754211,0.091487757185055307,0.009502961729301096,0.36827574965459919,0.35753231019076592,-0.010743439463833271,0.28629095419884498,0.31536111111111109
99,0.84999999999999998,0.97430173611111115,0.11349811705235013,-0.12326801367991358,-0.069504173417765935,0.053763840262147644,0.25516600806303091,0.23405213883145459,-0.021113869231576321,0.37843402174294449,0.32179166666666664
0,0.90000000000000002,0.99008136574074079,0.23382630944686467,0.2155509302067492,0.23328697690823919,0.017736046701489983,0.36645226050764901,0.35384962420650135,-0.012602636301147663,0.15090133030089981,0.34281944444444445
1,0.90000000000000002,0.98908055555555563,0.18858816330688499,-13.687633890196656,-12.39689420071403,1.290739689482626,0.3816337755072261,0.39033257487531214,0.0086987993680860409,14.069267665703881,0.34912500000000002
2,0.90000000000000002,0.99261782407407395,0.24942255686453974,0.1002656747961449,0.06828210662848222,-0.031983568167662679,0.27416202682209967,0.29573867334942938,0.021576646527329713,0.17389635202595477,0.35470833333333335
3,0.90000000000000002,0.99159675925925927,0.1682470006869905,-3.309767140341271,-4.0662817105126017,-0.75651457017133072,0.34787357954453557,0.36098387542235089,0.013110295877815314,3.6576407198858067,0.34591666666666665
4,0.90000000000000002,0.99126226851851851,0.2731909528620714,-0.12809083572695101,-0.17364430804077147,-0.045553472313820453,0.26983310614550304,0.2807042093411275,0.010871103195624454,0.39792394187245406,0.33205555555555555
5,0.90000000000000002,0.98829270833333338,0.20470839708850841,-3.2760800774862258,-3.2612442229382488,0.014835854547976979,0.35298355507227752,0.36083383267077063,0.007850277598493105,3.6290636325585033,0.35020833333333334
6,0.90000000000000002,0.99276122685185175,0.15378899086518827,-0.14231276025733552,-0.14946401631533202,-0.0071512560579964912,0.2649511018272307,0.25243500816665665,-0.012516093660574046,0.40726386208456622,0.36148611111111112
7,0.90000000000000002,0.98274085648148146,0.37458449058376675,-0.041269777609902469,-0.053326184775990493,-0.012056407166088023,0.41379999498911801,0.41100720184176265,-0.0027927931473553658,0.45506977259902048,0.32083333333333336
8,0.90000000000000002,0.99139363425925919,0.13650920145409462,0.13430945397209015,0.13547240447976949,0.0011629505076793389,0.31721924587681394,0.30413942188867704,-0.013079823988136896,0.18290979190472378,0.35406944444444444
9,0.90000000000000002,0.98738576388888888,0.27310251528894192,0.22851075912782315,0.24028468170507511,0.011773922577251961,0.35242983628676849,0.33921051897816012,-0.013219317308608369,0.12391907715894535,0.34090277777777778
10,0.90000000000000002,0.98713344907407397,0.19442086051220231,0.10805928738348758,0.11210789880330163,0.0040486114198140521,0.24602517347034969,0.25969917257390385,0.013673999103554157,0.13796588608686211,0.33229166666666665
11,0.90000000000000002,0.98285694444444438,0.32661638982318941,0.24647397120285175,0.27898610845986171,0.032512137257009965,0.37503637033157788,0.38029484683227144,0.0052584765006935541,0.12856239912872613,0.32390277777777776
12,0.90000000000000002,0.98467569444444436,0.33677779748925418,0.19445747963310955,0.24328687665542681,0.048829397022317256,0.39985571867987746,0.39526239261740947,-0.0045933260624679839,0.20539823904676791,0.33061111111111113
13,0.90000000000000002,0.98209386574074065,0.0093917137881064372,-0.076377458588227531,-0.066773315046364745,0.0096041435418627863,0.25125755533072502,0.22506952307259698,-0.026188032258128047,0.32763501391895256,0.33155555555555555
14,0.90000000000000002,0.98997094907407401,0.15100380342180353,0.164482754233782,0.13166347326179917,-0.032819280971982834,0.22666870421068275,0.24358828786718756,0.016919583656504811,0.062185949976900745,0.34311111111111109
15,0.90000000000000002,0.99177905092592589,0.20123725450660301,-0.42150357050077458,-0.54900871281100283,-0.12750514231022825,0.30624025604735106,0.31468896693925619,0.0084487108919051312,0.72774382654812564,0.35749999999999998
16,0.90000000000000002,0.99481747685185173,0.18984065194959898,-15.895210833290051,-17.571863714752055,-1.6766528814620045,0.30305718349028377,0.30257736339507524,-0.00047982009520852742,16.198268016780336,0.37641666666666668
17,0.90000000000000002,0.98118449074074077,0.14396929935093228,0.14922035690004143,0.13329018315360663,-0.015930173746434795,0.19853164839267345,0.20363184744679141,0.0051001990541179598,0.049311291492632026,0.32322222222222224
18,0.90000000000000002,0.99132789351851847,0.15980229982086169,-10.117772050260633,-10.056854793355948,0.060917256904685857,0.37330163354903512,0.39839425295682052,0.025092619407785399,10.491073683809669,0.35144444444444445
19,0.90000000000000002,0.99117777777777771,0.15630469357771715,-0.16191076720431719,-0.066022467527363071,0.095888299676954114,0.17230729260644984,0.18484336966308701,0.012536077056637174,0.33421805981076702,0.33063888888888887
20,0.90000000000000002,0.98875254629629639,0.11643313245189302,0.25994276211439515,0.24470759622684424,-0.015235165887550917,0.30469471847966734,0.29727902572155129,-0.0074156927581160437,0.044751956365272183,0.33104166666666668
21,0.90000000000000002,0.99298321759259256,0.3279198536744502,-0.34809001783092808,-0.40868338901728052,-0.06059337118635244,0.34038560929798056,0.32985134581427744,-0.010534263483703121,0.68847562712890864,0.35620833333333335
22,0.90000000000000002,0.98785358796296308,0.22949068367789949,0.28988864348594501,0.2534201419007458,-0.036468501585199209,0.33171104700491572,0.32012001594509942,-0.011591031059816292,0.041822403518970708,0.33352777777777776
23,0.90000000000000002,0.98547835648148141,0.097966627830140873,-0.058374562867613555,0.021013182580348899,0.079387745447962454,0.20541957228463781,0.19519919487569082,-0.01022037740894699,0.26379413515225136,0.34704166666666669
24,0.90000000000000002,0.97977222222222216,0.33871940690182212,0.3384572778460101,0.352097078677168,0.0136398008311579,0.44400637959124267,0.43356156675567925,-0.010444812835563422,0.10554910174523258,0.30769444444444444
25,0.90000000000000002,0.99245752314814817,0.36783456316874685,-3.1364119328146955,-2.5669030889147537,0.56950884389994183,0.38166044272448263,0.38810568200946638,0.0064452392849837503,3.5180723755391781,0.3719722222222222
26,0.90000000000000002,0.98469027777777784,0.33395182675668178,0.27468695307105939,0.2751664601867585,0.00047950711569910709,0.32605528183821064,0.32076551035653067,-0.0052897714816799724,0.05136832876715125,0.33718055555555554
27,0.90000000000000002,0.9792108796296296,0.20588637304536106,0.17957373854409331,0.21675991137399486,0.037186172829901554,0.29569098345237499,0.3049625671290539,0.0092715836766789073,0.11611724490828168,0.32366666666666666
28,0.90000000000000002,0.98833587962962965,0.28692697383749399,-1.0027976358732786,-1.1085460033014649,-0.10574836742818627,0.31955143381075191,0.33701712039031062,0.017465686579558715,1.3223490696840305,0.34331944444444445
29,0.90000000000000002,0.99016736111111125,0.32673595650524823,-1.4968284689977045,-1.3211253812885864,0.17570308770911813,0.38097506643468892,0.37907609000063702,-0.0018989764340519022,1.8778035354323934,0.36026388888888888
30,0.90000000000000002,0.99240995370370355,0.31770388583478515,-0.16439775075465124,-0.17728263529991661,-0.012884884545265374,0.35127042925145069,0.35884708258270415,0.0075766533312534579,0.51566818000610193,0.37283333333333335
31,0.90000000000000002,0.98537881944444428,0.17678605988072071,-0.21590434498560018,-0.18451488155480633,0.031389463430793851,0.2679293642699504,0.27629033743588138,0.0083609731659309849,0.48383370925555058,0.33436111111111111
32,0.90000000000000002,0.99093553240740739,0.24684236901992274,0.13990126199429698,0.19055462097722942,0.050653358982932439,0.33509729880589723,0.33841384027951193,0.0033165414736147092,0.19519603681160025,0.33677777777777779
33,0.90000000000000002,0.98130011574074072,0.19103536754495976,0.1611257994578057,0.17702501542839488,0.015899215970589187,0.20494522215493272,0.21531231266447171,0.01036709050953899,0.04381942269712702,0.32019444444444445
34,0.90000000000000002,0.98987268518518512,0.054012870198513641,-0.53758174530726865,-0.37149094996335852,0.16609079534391014,0.16821087474859908,0.18277368772749181,0.014562812978892725,0.70579262005586774,0.33850000000000002
35,0.90000000000000002,0.99307199074074071,0.26481684899614821,-19.930699628458715,-24.993748488603963,-5.0630488601452477,0.34479805059598434,0.35932906860187031,0.014531018005885965,20.275497679054698,0.34586111111111112
36,0.90000000000000002,0.98885532407407395,0.16083356953022454,-0.031219069459478499,-0.098942491574432356,-0.067723422114953857,0.18424622954907544,0.18302624388547428,-0.001219985663601153,0.21546529900855393,0.33091666666666669
37,0.90000000000000002,0.9911733796296297,0.20913915796356441,-0.21775628711818862,-0.18258196945230121,0.035174317665887411,0.22493898061499396,0.23833413851710117,0.013395157902107213,0.44269526773318257,0.34341666666666665
38,0.90000000000000002,0.98723599537037054,0.2083763215334089,0.25435968688063293,0.24950817139211456,-0.0048515154885183653,0.29006230169313496,0.287924100057664,-0.0021382016354709599,0.035702614812502032,0.33881944444444445
39,0.90000000000000002,0.9881488425925925,0.19549387769303184,-0.065961160613742909,-0.010326884259871605,0.055634276353871304,0.25222810273105822,0.26348254914919811,0.011254446418139885,0.31818926334480113,0.35312500000000002
40,0.90000000000000002,0.98890648148148153,0.1955063837456098,-0.54884697048949915,-0.56731531942559399,-0.018468348936094836,0.26331563876283992,0.27323796330932826,0.0099223245464883369,0.81216260925233907,0.34118055555555554
41,0.90000000000000002,0.98683645833333333,0.24306560577882808,0.13724734492876545,0.14894978003458348,0.011702435105818032,0.35568512368214067,0.36552363325527593,0.0098385095731352568,0.21843777875337522,0.34026388888888887
42,0.90000000000000002,0.99363229166666667,0.29456534145497426,-0.18802690787802723,-0.21050872874263482,-0.022481820864607593,0.39980442817190553,0.39044452825258436,-0.0093598999193211796,0.58783133604993276,0.36193055555555553
43,0.90000000000000002,0.99225428240740732,0.16639714702667141,-0.27216779647564859,-0.16024591754208206,0.11192187893356653,0.24461236855920587,0.22861130888981618,-0.016001059669389694,0.51678016503485447,0.35729166666666667
44,0.90000000000000002,0.98400625000000008,0.037188328871214593,0.22089259454340215,0.20078719754315066,-0.02010539700025149,0.28153115066052148,0.29111657457734785,0.0095854239168263744,0.060638556117119324,0.32697222222222222
45,0.90000000000000002,0.99097870370370378,0.2663134731332425,-6.1934613393679703,-6.0222614354149115,0.17119990395305873,0.36049017248434745,0.37140428032982886,0.010914107845481413,6.5539515118523175,0.36731944444444442
46,0.90000000000000002,0.98886250000000009,0.28272651564891671,0.12036833352986587,0.14568731320531325,0.025318979675447384,0.30665332555091673,0.3108231045123615,0.00416977896144477,0.18628499202105087,0.34375
47,0.90000000000000002,0.98908657407407397,0.20485991130170189,-6.2406657523807505,-6.1245351066861433,0.11613064569460718,0.379540620485744,0.40179667008699116,0.022256049601247163,6.6202063728664946,0.33480555555555558
48,0.90000000000000002,0.9905624999999999,0.38955414102425379,-0.0070722679635828456,0.080295683456996891,0.087367951420579737,0.36913846063068756,0.36298832584522922,-0.0061501347854583388,0.3762107285942704,0.36877777777777776
49,0.90000000000000002,0.99398125000000004,0.20923821799240583,-1.2344620439142751,-0.60816579972105922,0.62629624419321583,0.16977120727101791,0.16847370307350162,-0.001297504197516286,1.4042332511852931,0.37961111111111112
50,0.90000000000000002,0.99112314814814806,0.067099642225656009,-3.1734597927999317,-3.4101857111167,-0.23672591831676826,0.39960407341334214,0.39150314287707821,-0.0081009305362639283,3.5730638662132739,0.34938888888888892
51,0.90000000000000002,0.99062719907407415,0.16147617668319703,0.056192195370558751,0.12738670056070001,0.071194505190141255,0.38617046764206675,0.39556182865809963,0.0093913610160328842,0.329978272271508,0.36165277777777777
52,0.90000000000000002,0.98702465277777784,0.17555610288591705,0.23018512857553142,0.23806154148721381,0.0078764129116823955,0.30007889180945435,0.28782096442388194,-0.012257927385572409,0.069893763233922934,0.34704166666666669
53,0.90000000000000002,0.98328263888888889,0.24760587746461227,0.30806358031276637,0.33069919734146436,0.022635617028697985,0.35069078106978158,0.35507603681608912,0.0043852557463075481,0.042627200757015205,0.32801388888888888
54,0.90000000000000002,0.98658101851851843,0.27202128519963598,0.26189022861899736,0.27242223726978998,0.010532008650792624,0.3353112391824965,0.33408551397767516,-0.0012257252048213374,0.073421010563499145,0.33645833333333336
55,0.90000000000000002,0.98978344907407412,0.16483134989369308,0.08792334135263602,0.13788351071292149,0.049960169360285467,0.24193292724381188,0.24326735759766349,0.0013344303538516122,0.15400958589117586,0.34768055555555555
56,0.90000000000000002,0.99381597222222229,0.35077278938391021,-2.1384851534071814,-1.9565332804510285,0.18195187295615289,0.38767115081436454,0.38671991928763505,-0.00095123152672949018,2.526156304221546,0.36887500000000001
57,0.90000000000000002,0.98877534722222216,0.21399697161753939,0.19802917533660158,0.20069245944255898,0.0026632841059573975,0.34371423529514789,0.34265691017187727,-0.0010573251232706138,0.1456850599585463,0.33462500000000001
58,0.90000000000000002,0.99161400462962968,0.23291233596869432,0.17188126909245882,0.22288186817770717,0.051000599085248344,0.31867228377013801,0.30820261478959543,-0.010469668980542579,0.14679101467767919,0.35366666666666668
59,0.90000000000000002,0.99165706018518518,0.30319125143400871,0.090588957250624103,0.1100868687933596,0.019497911542735502,0.28553983489938395,0.27357007559366231,-0.011969759305721639,0.19495087764875985,0.33883333333333332
60,0.90000000000000002,0.98969097222222213,0.23039158140289906,-0.075939470631091854,0.058737240190688489,0.13467671082178034,0.33501784041172988,0.34468206334008278,0.0096642229283528946,0.41095731104282174,0.35043055555555558
61,0.90000000000000002,0.98413969907407406,0.16017497528154312,-3.2302043020441591,-2.5223672666005372,0.70783703544362186,0.2988896218781123,0.32659102530633133,0.027701403428219029,3.5290939239222716,0.33552777777777776
62,0.90000000000000002,0.99036793981481486,0.11578795510174411,-1.8492330297444264,-2.129980717781768,-0.28074768803734163,0.25131246038635935,0.27023676881362135,0.018924308427262004,2.1005454901307856,0.35447222222222224
63,0.90000000000000002,0.98835497685185192,0.18938831933398159,-0.24187774304925269,-0.12499923039225957,0.11687851265699312,0.26634463084528304,0.2641764046137054,-0.0021682262315776413,0.50822237389453573,0.33761111111111108
64,0.90000000000000002,0.98434236111111106,0.25589919111725745,0.33300410048745888,0.33304745308952077,4.3352602061896839e-05,0.33895180438023165,0.34335891104315774,0.0044071066629260969,0.005947703892772771,0.31368055555555557
65,0.90000000000000002,0.98596712962962962,0.21739215473170648,0.1427376384884671,0.16632758105760259,0.023589942569135491,0.34524974722977619,0.32602048507715442,-0.019229262152621773,0.20251210874130909,0.34579166666666666
66,0.90000000000000002,0.99164120370370379,0.34620242496223574,-0.95328715563181143,-1.0726776973964292,-0.11939054176461772,0.42611810466479239,0.43403788392344045,0.0079197792586480631,1.3794052602966038,0.34779166666666667
67,0.90000000000000002,0.98724444444444437,0.34177619250981561,-3.276211256030698,-2.8930416039541402,0.38316965207655773,0.35856947983380405,0.35007162688374927,-0.008497852950054785,3.6347807358645019,0.33568055555555554
68,0.90000000000000002,0.98727685185185188,0.25429638701316004,-10.281937628808235,-9.4670715808231023,0.81486604798513262,0.3620657028024733,0.37487009436908014,0.012804391566606843,10.644003331610708,0.32823611111111112
69,0.90000000000000002,0.98900578703703701,0.3065518629078241,-0.16188650712763741,-0.22297977909184286,-0.061093271964205442,0.39405186719231722,0.39162049675944055,-0.0024313704328766672,0.55593837431995463,0.33655555555555555
70,0.90000000000000002,0.9892023148148148,0.37554244947012794,-7.462596771848272,-8.1735199976948465,-0.71092322584657452,0.44992651564186148,0.44767323026291506,-0.0022532853789464236,7.9125232874901332,0.36054166666666665
71,0.90000000000000002,0.98604537037037032,0.28741625462809295,-0.27289298308627363,-0.10355105813319554,0.16934192495307809,0.38763352854534416,0.39039323727476116,0.0027597087294169986,0.6605265116316178,0.33719444444444446
72,0.90000000000000002,0.99294548611111122,0.13778628906288182,-4.0329515089906209,-3.0218074724588169,1.0111440365318041,0.3521552166314833,0.36249779109790881,0.010342574466425503,4.3851067256221041,0.37383333333333335
73,0.90000000000000002,0.97639560185185192,0.24963227509627739,0.18632492383219079,0.18016061758842594,-0.0061643062437648499,0.39535498243678346,0.39847916829622265,0.003124185859439188,0.20903005860459267,0.32824999999999999
74,0.90000000000000002,0.98452245370370373,0.21475891083753562,-1.1987392129838441,-1.024079902306759,0.17465931067708507,0.37667873643931316,0.35742446698595332,-0.01925426945335984,1.5754179494231573,0.34256944444444443
75,0.90000000000000002,0.98787384259259259,0.30559872792788689,0.13071409187288996,0.15817461829568014,0.027460526422790177,0.33700774026075597,0.33528749646866485,-0.0017202437920911251,0.20629364838786601,0.34955555555555556
76,0.90000000000000002,0.9836694444444446,0.35029008304055254,0.34048690382287927,0.35066982964506987,0.010182925822190603,0.41998797603602733,0.42462849374689549,0.0046405177108681528,0.079501072213148061,0.32093055555555555
77,0.90000000000000002,0.99031990740740738,0.085341456146228789,0.092311207482561608,0.022573023707342932,-0.069738183775218676,0.18353052307901974,0.18697122099135111,0.0034406979123313697,0.091219315596458128,0.3533472222222222
78,0.90000000000000002,0.98024351851851854,0.32726109924100033,0.040263361206574255,0.091211290370684761,0.050947929164110506,0.36608765578199987,0.36279569896170238,-0.0032919568202974814,0.32582429457542561,0.32365277777777779
79,0.90000000000000002,0.9876349537037038,0.14994619171311629,-0.32881934142635449,-0.23097836599523758,0.097840975431116917,0.21773294926827158,0.21195957646588803,-0.0057733728023835473,0.54655229069462608,0.35013888888888889
80,0.90000000000000002,0.99142314814814814,0.065481339751985002,-4.2332917960081993,-4.0626651974480241,0.17062659856017515,0.23750326260983146,0.2529804300014461,0.015477167391614643,4.4707950586180303,0.34895833333333331
81,0.90000000000000002,0.98865682870370364,0.34421313847004031,0.12709605168270977,0.10875229582718748,-0.018343755855522281,0.22964477910919878,0.22665437729712234,-0.0029904018120764375,0.10254872742648902,0.32398611111111109
82,0.90000000000000002,0.97884594907407407,0.25548521869194352,-0.29606142260833823,-0.31140215883235389,-0.015340736224015661,0.3801878313278505,0.38351466769685638,0.0033268363690058811,0.67624925393618873,0.32770833333333332
83,0.90000000000000002,0.98307071759259257,0.30012342173955264,0.26207016538129457,0.26042198310378728,-0.001648182277507293,0.35748715897181926,0.36606203828142869,0.0085748793096094289,0.09541699359052469,0.32768055555555553
84,0.90000000000000002,0.99228159722222209,0.08400528007120478,-3.0583485413079998,-3.7728910433885021,-0.7145425020805023,0.27253428670999214,0.26234523270025223,-0.010189054009739906,3.3308828280179918,0.35799999999999998
85,0.90000000000000002,0.9878013888888888,0.23075503669215469,-1.1487360178867294,-1.1353678404592915,0.013368177427437899,0.28559761818615492,0.28556998924746058,-2.7628938694346239e-05,1.4343336360728842,0.32490277777777776
86,0.90000000000000002,0.97881076388888888,0.24064218792065273,-0.18871182619893445,-0.10281769971768817,0.08589412648124628,0.40392056074374316,0.40109986170593659,-0.0028206990378065733,0.59263238694267761,0.32700000000000001
87,0.90000000000000002,0.9932043981481482,0.39584669030005315,0.2473275907174276,0.26430259579376381,0.016975005076336203,0.3209378685106985,0.3000183480207641,-0.020919520489934396,0.073610277793270895,0.3530138888888889
88,0.90000000000000002,0.98682060185185183,0.17142833108936306,0.3028582294785136,0.31718406364051688,0.014325834162003281,0.33174285919879543,0.340021924490719,0.0082790652919235708,0.028884629720281829,0.33597222222222223
89,0.90000000000000002,0.99184618055555562,0.37343555416941854,-14.452047837989864,-14.304784882462803,0.14726295552706148,0.47036708593068788,0.4878782915290123,0.01751120559832442,14.922414923920552,0.35429166666666667
90,0.90000000000000002,0.98282465277777786,0.35360979626310352,0.29690670599036828,0.29343967191973042,-0.0034670340706378644,0.36408717154070114,0.36504476184696755,0.00095759030626640929,0.067180465550332857,0.33875
91,0.90000000000000002,0.99564027777777764,0.21333933162750796,-0.23976857682610708,-0.27471941889820384,-0.034950842072096755,0.26849479885904659,0.28228378641210061,0.013788987553054022,0.50826337568515367,0.36404166666666665
92,0.90000000000000002,0.98858553240740743,0.23481482648087304,0.27206656463778633,0.27605328576371524,0.0039867211259289048,0.34592084048659344,0.34731798344635512,0.0013971429597616769,0.073854275848807105,0.32795833333333335
93,0.90000000000000002,0.99380902777777769,0.27702399025351954,0.30619932336112932,0.31280741207047513,0.0066080887093458163,0.44323740162333725,0.43858231477214038,-0.0046550868511968657,0.13703807826220793,0.35594444444444445
94,0.90000000000000002,0.98500092592592592,0.36843226489007741,0.20087302779268135,0.23013139946178718,0.029258371669105832,0.28145963041536037,0.27270401874904793,-0.0087556116663124461,0.080586602622679027,0.32905555555555555
95,0.90000000000000002,0.98870451388888891,0.28059998568875277,0.062529969925815498,0.11586650386641906,0.053336533940603559,0.33825734335300373,0.34934496941421456,0.011087626061210831,0.27572737342718823,0.3512777777777778
96,0.90000000000000002,0.9875945601851851,0.34921033339763874,-27.525318414641255,-26.376420886856987,1.1488975277842677,0.53101803011183346,0.53044617491348744,-0.00057185519834601628,28.056336444753089,0.35530555555555554
97,0.90000000000000002,0.99034999999999995,0.14341744422799207,-0.76910911080947808,-0.63983667499356245,0.12927243581591563,0.20183304574560013,0.18615727511418612,-0.01567577063141401,0.97094215655507821,0.34755555555555556
98,0.90000000000000002,0.99059143518518511,0.27567656776535443,-5.1386369547605337,-4.567741129831651,0.57089582492888269,0.43037487131159025,0.43377301462618456,0.0033981433145943152,5.5690118260721242,0.32647222222222222
99,0.90000000000000002,0.99515520833333326,0.2960688819703311,-0.91194802532903552,-0.77527672768668343,0.13667129764235209,0.3012914974882438,0.32107911318858851,0.019787615700344707,1.2132395228172794,0.38734722222222223
0,0.94999999999999996,0.98955231481481487,0.30885544329154879,0.26091570120398289,0.27734842422849992,0.016432723024517037,0.32559020759965529,0.3286921285183626,0.0031019209187073127,0.064674506395672404,0.35666666666666669
1,0.94999999999999996,0.99233807870370372,0.18158642915317247,-12.744651329154619,-12.432566658103804,0.31208467105081539,0.33601306149614607,0.34457900512344153,0.0085659436272954581,13.080664390650766,0.36191666666666666
2,0.94999999999999996,0.98811898148148158,0.055500076607786553,0.001182397887743325,0.091934945698317949,0.090752547810574624,0.16235492642369187,0.19757147420400434,0.035216547780312468,0.16117252853594854,0.33513888888888888
3,0.94999999999999996,0.98656157407407408,0.32952979753451073,-0.071262526302142692,0.01634775036435554,0.087610276666498232,0.33269120506824179,0.34614534805530373,0.013454142987061934,0.40395373137038448,0.33369444444444446
4,0.94999999999999996,0.99174502314814816,0.17401003962218164,-1.3532930332326543,-0.93361689796613168,0.41967613526652259,0.28152407678046343,0.30046208864659485,0.018938011866131421,1.6348171100131177,0.34241666666666665
5,0.94999999999999996,0.9939796296296296,0.40065229569629568,-29.603731960241909,-28.837306224451268,0.76642573579064077,0.46995637221806652,0.46444633650957301,-0.0055100357084935103,30.073688332459977,0.3651388888888889
6,0.94999999999999996,0.99605497685185185,0.087572102416165754,-1.8681167733897635,-1.2871080864989031,0.58100868689086038,0.21640512315117499,0.2255952027261775,0.0091900795750025077,2.0845218965409384,0.38788888888888889
7,0.94999999999999996,0.99049467592592588,0.40707388883348439,-202.53573170452566,-201.60322051854203,0.93251118598362837,0.59577789947022675,0.60240114166251035,0.0066232421922836071,203.13150960399588,0.324625
8,0.94999999999999996,0.99030682870370368,0.2067433481025801,-157.34962662412781,-142.95079758018787,14.398829043939941,0.57148068996094503,0.55991332093851576,-0.011567369022429275,157.92110731408874,0.36515277777777777
9,0.94999999999999996,0.99274039351851862,0.31550966132406455,-5.9151986941897601,-4.6539068539550907,1.2612918402346693,0.41537524680115812,0.42254550722354334,0.0071702604223852218,6.3305739409909183,0.36472222222222223
10,0.94999999999999996,0.98869537037037036,0.43857245033711789,-1.1963178537627854,-1.1978439723965191,-0.0015261186337336419,0.41039078649649152,0.39428530529384276,-0.016105481202648764,1.606708640259277,0.34611111111111109
11,0.94999999999999996,0.99321921296296278,0.30028195948119552,-12.113645739636768,-10.344231153061537,1.7694145865752304,0.43622369534328187,0.45027355757655552,0.014049862233273647,12.549869434980049,0.36144444444444446
12,0.94999999999999996,0.99304398148148154,0.22682995404043893,-0.66970067949666912,-0.57474280606063988,0.094957873436029239,0.28663446050267205,0.30876161617827691,0.022127155675604859,0.95633513999934117,0.32669444444444445
13,0.94999999999999996,0.994222337962963,0.28803341173611696,-0.083071625181561526,-0.24888696328885662,-0.1658153381072951,0.28877551652435696,0.29403864247736,0.005263125953003045,0.37184714170591848,0.37394444444444447
14,0.94999999999999996,0.9936787037037037,0.36118310969166578,-104.21905237642785,-94.142573091418726,10.076479285009128,0.50082821352502793,0.51145182036954107,0.010623606844513134,104.71988058995288,0.3679027777777778
15,0.94999999999999996,0.99141493055555563,0.075629297471148105,0.18103569967551014,0.16548434021714087,-0.015551359458369274,0.30545854497713976,0.31342527502277417,0.0079667300456344181,0.12442284530162961,0.34200000000000003
16,0.94999999999999996,0.99187442129629622,0.020223182362824277,-0.7360912338868919,-0.68056166339450885,0.055529570492383051,0.22273877577018186,0.2145712151287269,-0.0081675606414549629,0.95883000965707377,0.36531944444444442
17,0.94999999999999996,0.99299039351851848,0.291727634886358,-1.5114153081458879,-1.5172065955102552,-0.0057912873643672924,0.29897958689159021,0.31516994536824949,0.016190358476659283,1.810394895037478,0.35912500000000003
18,0.94999999999999996,0.99502951388888883,0.16089003040587613,-2.0654281641207888,-1.7989911206262992,0.2664370434944896,0.26515516040850062,0.25172313654616607,-0.013432023862334552,2.3305833245292895,0.34602777777777777
19,0.94999999999999996,0.99474965277777783,0.37403020446413859,-2.0587385001342717,-1.7910893114607256,0.26764918867354615,0.41458919526358662,0.41335227672406083,-0.0012369185395257887,2.4733276953978582,0.38890277777777776
20,0.94999999999999996,0.98997418981481478,0.23812841522022032,-0.30615714323330834,-0.39659422089062346,-0.090437077657315124,0.20476265320907683,0.21224927435411423,0.0074866211450373976,0.51091979644238517,0.33541666666666664
21,0.94999999999999996,0.98873819444444455,0.15509173921334996,0.23183463004628702,0.24843151555338949,0.016596885507102477,0.30187179562242317,0.31602480636155228,0.014153010739129113,0.070037165576136151,0.33602777777777776
22,0.94999999999999996,0.99321875000000004,0.29118865954622097,-3.8915202423163988,-4.2502681770863484,-0.35874793476994959,0.41219768701258974,0.40940380574831492,-0.0027938812642748223,4.3037179293289887,0.34536111111111112
23,0.94999999999999996,0.99170856481481484,0.15566326552527676,-0.20814213034876761,-0.43176076073270897,-0.22361863038394136,0.27996554367133297,0.26419189953398292,-0.015773644137350051,0.48810767402010058,0.37515277777777778
24,0.94999999999999996,0.99043715277777766,0.11984410030636583,0.23225742959589502,0.21400879557812635,-0.018248634017768661,0.32254220187562366,0.31060067739714503,-0.011941524478478627,0.090284772279728642,0.3498472222222222
25,0.94999999999999996,0.99551412037037024,0.11224772259186155,-0.088538226394438091,-0.23682977579694797,-0.14829154940250988,0.29400104551664774,0.29281396670424431,-0.0011870788124034304,0.38253927191108583,0.35986111111111113
26,0.94999999999999996,0.99382523148148161,0.23505220980429642,0.0060093697769894039,0.066388971645829242,0.060379601868839838,0.30001594108177676,0.30390945669851177,0.0038935156167350105,0.29400657130478736,0.35733333333333334
27,0.94999999999999996,0.99392106481481479,0.25630078216163643,-0.18205787485085656,-0.14231706727403326,0.0397408075768233,0.33111000982088401,0.34291568215120116,0.011805672330317152,0.51316788467174057,0.37
28,0.94999999999999996,0.98796053240740755,0.2462876962750743,0.13944511355420763,0.2311219835495758,0.091676869995368171,0.33885088836186494,0.34302244808675142,0.0041715597248864755,0.19940577480765731,0.35323611111111108
29,0.94999999999999996,0.9878086805555556,0.25039564886089893,-0.30768773408748329,-0.246348541060041,0.061339193027442285,0.2810164528334953,0.28450806986005484,0.0034916170265595348,0.58870418692097859,0.34029166666666666
30,0.94999999999999996,0.99477337962962953,0.24505643671494948,-0.75594064355818991,-0.72097093696958914,0.034969706588600769,0.31522773070845167,0.30944155954430697,-0.0057861711641447044,1.0711683742666416,0.37194444444444447
31,0.94999999999999996,0.99304259259259264,0.24236891636391811,-107.52603975275521,-106.63752197569626,0.88851777705895074,0.435672470856585,0.45448481759436621,0.018812346737781205,107.9617122236118,0.35529166666666667
32,0.94999999999999996,0.99298113425925927,0.15398684229418358,-1.3039941992824149,-1.3219645506662556,-0.017970351383840732,0.20461263312286315,0.18294051335129713,-0.021672119771566023,1.5086068324052779,0.34633333333333333
33,0.94999999999999996,0.99363761574074072,0.14375979710297282,-0.8034330905183622,-0.74659635563438176,0.056836734883980444,0.21186041649964205,0.21531802318999116,0.0034576066903491132,1.0152935070180042,0.38769444444444445
34,0.94999999999999996,0.99340219907407412,0.23356566169758275,-178.68182957992863,-173.62823505990156,5.053594520027076,0.51576487323493303,0.53793872230778739,0.022173849072854357,179.19759445316356,0.37113888888888891
35,0.94999999999999996,0.99163981481481489,0.15726869198977178,-0.38454758791920307,-0.28415251071908298,0.10039507720012009,0.1672795974216823,0.16590108145578097,-0.001378515965901328,0.55182718534088537,0.36630555555555555
36,0.94999999999999996,0.99331331018518509,0.20175188317332271,0.17322662114109488,0.12542876979296602,-0.047797851348128861,0.37327586306477534,0.38017640806611108,0.006900545001335745,0.20004924192368045,0.35522222222222222
37,0.94999999999999996,0.99121458333333334,0.21004213168345864,-0.49460006502832887,-0.51100515658263768,-0.016405091554308804,0.31025048790340515,0.30057326286133579,-0.0096772250420693595,0.80485055293173402,0.34897222222222224
38,0.94999999999999996,0.99433865740740746,0.37151384563945611,-2.5297500605435039,-1.5089593986550782,1.0207906618884257,0.36436027647630065,0.36615980062306552,0.0017995241467648748,2.8941103370198045,0.35965277777777777
39,0.94999999999999996,0.99480798611111121,0.11139797611505975,-0.082384659446642639,-0.030069427115073877,0.052315232331568762,0.24557136286212244,0.25027909253428104,0.0047077296721586004,0.32795602230876508,0.3654027777777778
40,0.94999999999999996,0.99284050925925926,0.22545583191326135,-7.9385689323974162e-05,-0.011027673598978938,-0.010948287909654963,0.33631958310775245,0.33429659044699733,-0.0020229926607551185,0.33639896879707643,0.36106944444444444
41,0.94999999999999996,0.98724479166666679,0.24023962011052924,0.22613578383669775,0.21284860321891952,-0.013287180617778227,0.26357000419848398,0.26221087221919637,-0.0013591319792876089,0.03743422036178623,0.33418055555555554
42,0.94999999999999996,0.99559803240740752,0.26083910750921779,-40.748971279407293,-42.84448435701259,-2.0955130776052968,0.43201458633262446,0.44780979959334022,0.015795213260715757,41.18098586573992,0.38188888888888889
43,0.94999999999999996,0.9868968749999999,0.040295897897346111,0.15897360577018671,0.16699033772628002,0.0080167319560933148,0.26672397341132814,0.25761662506688954,-0.0091073483444386039,0.10775036764114143,0.31730555555555556
44,0.94999999999999996,0.99605393518518515,0.22866326195270514,-0.77176111255989399,-0.36531765983826836,0.40644345272162563,0.22631545756704419,0.2086299152969191,-0.017685542270125088,0.99807657012693818,0.39401388888888889
45,0.94999999999999996,0.99507939814814816,0.23521959360888922,-190.89549388114852,-195.76965711098268,-4.8741632298341528,0.63715850930299112,0.62412117516217691,-0.013037334140814205,191.53265239045152,0.37577777777777777
46,0.94999999999999996,0.99223136574074078,0.15948802584162425,-1.5412287088715955,-1.0187762147167554,0.52245249415484007,0.3198509379227884,0.32969550981914453,0.0098445718963561246,1.861079646794384,0.36581944444444442
47,0.94999999999999996,0.99173842592592587,0.0428865826040149,-2.9853757497394886,-2.2658705858722525,0.71950516386723606,0.26358740621027799,0.28514995153045897,0.021562545320180981,3.2489631559497667,0.37404166666666666
48,0.94999999999999996,0.99284305555555552,0.31947515013252425,-4.6315371566083154,-4.3660464986216168,0.26549065798669869,0.45884408931692755,0.44500309075333633,-0.013840998563591222,5.0903812459252427,0.34611111111111109
49,0.94999999999999996,0.99154004629629622,0.23374373203319576,-10.949231630955415,-10.916976105792001,0.032255525163414234,0.34135602919886732,0.32592355400897621,-0.015432475189891104,11.290587660154282,0.34709722222222222
50,0.94999999999999996,0.99780567129629638,0.15188240986997947,-6.7880193762561918,-5.6019641375072124,1.1860552387489793,0.34944547168164775,0.35304713932369114,0.0036016676420433935,7.1374648479378395,0.39859722222222221
51,0.94999999999999996,0.99266307870370374,0.14526058695464639,-0.15928220841268215,-0.30874333417456468,-0.14946112576188253,0.19823943723631876,0.21194517794128465,0.013705740704965885,0.35752164564900091,0.37604166666666666
52,0.94999999999999996,0.99255879629629629,0.12124998023598677,-0.22090238849861588,-0.19972400526177214,0.021178383236843734,0.17830631123078011,0.18945849174094231,0.011152180510162202,0.39920869972939599,0.36591666666666667
53,0.94999999999999996,0.99520451388888898,0.17839201875863198,-28.89843503565956,-27.566394315951225,1.3320407197083348,0.37645163821313299,0.36572411514128944,-0.010727523071843548,29.274886673872693,0.38776388888888891
54,0.94999999999999996,0.99305613425925932,0.30423287055201098,-250.57227748911376,-282.66790690631433,-32.09562941720057,0.57277263154576885,0.57350138824704311,0.00072875670127425796,251.14505012065953,0.38650000000000001
55,0.94999999999999996,0.99414571759259263,0.2426758710919128,-8.5521561084691822,-10.454606945988308,-1.902450837519126,0.37309084563205963,0.35806856491499672,-0.015022280717062908,8.925246954101242,0.3855972222222222
56,0.94999999999999996,0.99550034722222225,0.3138280474770645,-12.870652201450302,-12.063908497364586,0.80674370408571505,0.35659975647758413,0.36795575096918764,0.011355994491603516,13.227251957927885,0.38779166666666665
57,0.94999999999999996,0.99435312499999995,0.21857959759643164,-0.21407208343212725,-0.19503472725274462,0.019037356179382625,0.337828624535643,0.34936092949100983,0.011532304955366834,0.55190070796777024,0.35454166666666664
58,0.94999999999999996,0.9926910879629629,0.071861445213888708,-35.614733962003037,-38.037902710102621,-2.4231687480995845,0.32677111566214723,0.33706660712107028,0.010295491458923056,35.941505077665184,0.38801388888888888
59,0.94999999999999996,0.9883309027777778,0.32258368324376208,-0.26650086293707265,-0.13955958649087497,0.12694127644619768,0.34818757846447757,0.35185525992858391,0.0036676814641063427,0.61468844140155021,0.33084722222222224
60,0.94999999999999996,0.98691122685185195,0.15669159950283751,0.021981243819469976,0.10064479861853115,0.078663554799061175,0.27759313874352964,0.28410939390493228,0.0065162551614026398,0.25561189492405967,0.3528472222222222
61,0.94999999999999996,0.99533761574074076,0.31970262831413687,-2.4744693832875413,-3.6236018416245468,-1.1491324583370055,0.23012190003026167,0.23029655882606492,0.00017465879580325083,2.7045912833178027,0.36199999999999999
62,0.94999999999999996,0.98814074074074076,0.47177699246009608,-13.62472245559081,-12.427576990460381,1.1971454651304292,0.58753778982889049,0.58286832343399086,-0.004669466394899624,14.212260245419699,0.35694444444444445
63,0.94999999999999996,0.99189976851851858,0.14325124287614999,-0.45099778864809781,-0.62861330476697175,-0.17761551611887394,0.36117942941764358,0.35491193058831527,-0.0062674988293283107,0.81217721806574139,0.36043055555555553
64,0.94999999999999996,0.9844880787037037,0.17885023353992502,-2.5480134045874325,-2.0295266089709298,0.51848679561650268,0.34302352957138316,0.34547104021401986,0.0024475106426367077,2.8910369341588158,0.34647222222222224
65,0.94999999999999996,0.99403321759259244,0.26691935602850037,-0.40118727786983821,-0.27209530290472905,0.12909197496510916,0.27606556094438883,0.25433596964086724,-0.021729591303521589,0.67725283881422704,0.37419444444444444
66,0.94999999999999996,0.99079965277777793,0.18223785833339357,-0.41888257272260732,-0.54507736242710103,-0.12619478970449372,0.18952861982965663,0.18626160481362175,-0.0032670150160348799,0.60841119255226395,0.35348611111111111
67,0.94999999999999996,0.9939465277777777,0.29287170974873011,-0.16936082023009957,-0.26832189525192818,-0.098961075021828604,0.23785031604080731,0.23755180624076755,-0.00029850980003975902,0.40721113627090688,0.35843055555555553
68,0.94999999999999996,0.99131909722222222,0.18057174131614928,-0.17489046011981735,-0.17894766658987149,-0.0040572064700541421,0.20572175077406463,0.20060113629415022,-0.0051206144799144093,0.38061221089388197,0.35369444444444442
69,0.94999999999999996,0.99363437500000007,0.079955523408870688,-68.409816469627742,-64.691119479571569,3.7186969900561735,0.47315166334577397,0.46808869518029561,-0.0050629681654783543,68.882968132973517,0.36512499999999998
70,0.94999999999999996,0.99466828703703714,0.11994594057431096,-7.7398284814756302,-5.6493656432363073,2.0904628382393229,0.25315971917799673,0.29633711897707937,0.043177399799082639,7.9929882006536266,0.36186111111111113
71,0.94999999999999996,0.99193495370370377,0.18627183314015916,-0.088778575167356655,-0.11024782520751941,-0.021469250040162757,0.2137209253712038,0.22969959594485534,0.015978670573651543,0.30249950053856045,0.34581944444444446
72,0.94999999999999996,0.99021527777777774,0.3134960556131352,-0.24262461050385276,-0.17977924047529292,0.062845370028559833,0.39652608065881079,0.39866315820420994,0.0021370775453991575,0.63915069116266354,0.34151388888888889
73,0.94999999999999996,0.99141261574074069,0.21319415167825284,-0.0066163800595149258,-0.24692375992921334,-0.24030737986969841,0.25290494358586268,0.25264387484542317,-0.00026106874043951844,0.25952132364537761,0.35563888888888889
74,0.94999999999999996,0.99529803240740744,0.30932506480672539,-26.944108999156523,-27.314337078415146,-0.37022807925862367,0.44804084000323274,0.4515630492966668,0.0035222092934340532,27.392149839159757,0.36749999999999999
75,0.94999999999999996,0.99544664351851841,0.22273799191524313,-0.55664172929265909,-0.79360749830616828,-0.23696576901350919,0.25221464812263616,0.23770200875685266,-0.014512639365783508,0.80885637741529526,0.39359722222222221
76,0.94999999999999996,0.98877361111111117,0.12617890787465791,-2.2240405325525581,-2.0356134182936563,0.1884271142589018,0.24624361618088475,0.23522109705519956,-0.011022519125685193,2.4702841487334428,0.33644444444444443
77,0.94999999999999996,0.99118090277777782,0.31147534290345191,-1.6054311538510255,-1.7514683845931187,-0.14603723074209318,0.37878020185994499,0.3927594552002498,0.013979253340304809,1.9842113557109706,0.34556944444444443
78,0.94999999999999996,0.98740798611111114,0.22595599180404691,-0.95878297302102777,-0.68361930809048443,0.27516366493054334,0.28487701680018962,0.28604651743727927,0.0011695006370896488,1.2436599898212175,0.34993055555555558
79,0.94999999999999996,0.99184768518518529,0.11567065545954547,-0.34257285859784981,-0.18155113678364887,0.16102172181420094,0.21227109093495411,0.20151908977373245,-0.010752001161221658,0.55484394953280392,0.35820833333333335
80,0.94999999999999996,0.98076712962962953,0.15947961126971921,0.30666392713290169,0.28599751395361828,-0.020666413179283416,0.37083865874685318,0.35877394707819865,-0.012064711668654526,0.064174731613951486,0.33177777777777778
81,0.94999999999999996,0.99482708333333336,0.34298377800322377,-1.4531025233758292,-1.2262381817614783,0.22686434161435098,0.2722367288053672,0.28259802185816518,0.010361293052797982,1.7253392521811963,0.39137499999999997
82,0.94999999999999996,0.99352974537037042,0.3198478590189221,-123.8288324506014,-108.81785111294764,15.01098133765376,0.56605151736844483,0.54492868352481949,-0.021122833843625344,124.39488396796985,0.3674027777777778
83,0.94999999999999996,0.99118020833333331,0.2002174609031826,0.26788661345787557,0.24963872106431173,-0.018247892393563836,0.31275265358124227,0.31235554181246106,-0.00039711176878121091,0.044866040123366702,0.35902777777777778
84,0.94999999999999996,0.99447835648148153,0.19706111517878644,-2.6149837741024387,-2.4051851377014755,0.20979863640096319,0.32355895980821459,0.3363930668852152,0.012834107077000612,2.9385427339106531,0.37636111111111109
85,0.94999999999999996,0.99188807870370377,0.3510024888840515,-2.5350095143340798,-2.3258588481423144,0.20915066619176548,0.32910727525499539,0.32557760115601031,-0.0035296740989850806,2.8641167895890751,0.34172222222222221
86,0.94999999999999996,0.99456412037037023,0.30670840426416612,-1.3169007850848375,-1.2232648237429338,0.093635961341903773,0.26102434950824516,0.26324631262645071,0.0022219631182055499,1.5779251345930827,0.37416666666666665
87,0.94999999999999996,0.99341342592592596,0.37702055654472766,-12.866405813630385,-10.959625202146881,1.9067806114835033,0.52177287613094114,0.50537079935353801,-0.01640207677740313,13.388178689761325,0.35272222222222221
88,0.94999999999999996,0.9920278935185185,0.18427195489638226,-0.12956237658868108,-0.15107274704909845,-0.021510370460417372,0.30664200142850906,0.29699302489667234,-0.0096489765318367171,0.43620437801719014,0.35809722222222223
89,0.94999999999999996,0.99039710648148149,0.31934481645699786,-5.3649513986610309,-4.9596244681632049,0.40532693049782598,0.41194444080298265,0.41757047512806189,0.0056260343250792433,5.7768958394640135,0.35788888888888887
90,0.94999999999999996,0.99299641203703704,0.14629812252837016,-1.0587564751200365,-1.5282276743925474,-0.46947119927251091,0.22532946161749956,0.25091961946871,0.025590157851210438,1.2840859367375361,0.3364861111111111
91,0.94999999999999996,0.99127037037037047,0.17060364815081275,-1.6762066742047437,-1.4517075065878506,0.22449916761689304,0.34804643440217498,0.35710039941733751,0.009053965015162535,2.0242531086069189,0.35187499999999999
92,0.94999999999999996,0.99330324074074072,0.19970661114184995,-2.7187920467809277,-2.8121973066249759,-0.093405259844048238,0.25716082155354003,0.27033459920611791,0.013173777652577878,2.9759528683344678,0.36691666666666667
93,0.94999999999999996,0.99165370370370365,0.010960550274779157,-1.0063435950052795,-0.80560393143130105,0.20073966357397843,0.22386352776087304,0.21947245218223776,-0.0043910755786352729,1.2302071227661524,0.35086111111111112
94,0.94999999999999996,0.99119374999999998,0.16281037585548064,-39.279046614007058,-43.226731161961808,-3.9476845479547507,0.41866225831202775,0.42801599362371623,0.0093537353116884825,39.697708872319083,0.35452777777777778
95,0.94999999999999996,0.99449236111111106,0.2822048289623259,-10.96453677087381,-11.690879826461675,-0.72634305558786494,0.48238813461394348,0.47884670691629605,-0.0035414276976474257,11.446924905487753,0.35454166666666664
96,0.94999999999999996,0.99638622685185185,0.35228339771558503,-197.89436368733425,-174.33198237605322,23.56238131128103,0.59705469030111813,0.6038906114132242,0.0068359211121060692,198.49141837763537,0.35525000000000001
97,0.94999999999999996,0.99029189814814822,0.1705182064176185,-0.30022883350884344,-0.51212794490739588,-0.21189911139855244,0.28216362900420822,0.27058291764381737,-0.01158071136039085,0.58239246251305166,0.34765277777777776
98,0.94999999999999996,0.98687187499999995,0.18128200090441104,-37.774669244778792,-37.389854976821688,0.38481426795710405,0.47753831678834546,0.48831250547156313,0.010774188683217667,38.25220756156714,0.33994444444444444
99,0.94999999999999996,0.98919050925925933,0.42487016917436571,-0.7639888794763432,-0.76974742636088589,-0.0057585468845426924,0.44397990600343518,0.43394990166822411,-0.010030004335211062,1.2079687854797783,0.34200000000000003
