rep,disparity,auc_mask,r2_within,r2_loso,r2_loso_mask,mask_gain,censor_rate
0,0.0,0.5005805555555556,0.03848504140807807,0.19940911708862852,0.19940911708862852,0.0,0.05
1,0.0,0.4933067129629629,0.21129787989308557,0.27163635450343226,0.27163635450343226,0.0,0.05
2,0.0,0.4966820601851852,0.3038814273761923,0.39035355307142405,0.39035355307142405,0.0,0.05
3,0.0,0.4892328703703704,0.19469570166366623,0.33499214490702933,0.33499214490702933,0.0,0.05
4,0.0,0.5040724537037037,0.10417061920695336,0.12563288866870592,0.12563288866870592,0.0,0.05
5,0.0,0.5095232638888889,0.20383218054091945,0.2623536314309939,0.2623536314309939,0.0,0.05
6,0.0,0.5002707175925926,0.19348790835944962,0.34281910075373945,0.34281910075373945,0.0,0.05
7,0.0,0.49629930555555557,0.30408788905041695,0.40964795073881766,0.40964795073881766,0.0,0.05
8,0.0,0.5046467592592593,0.23771420502150475,0.40784948359114226,0.40784948359114226,0.0,0.05
9,0.0,0.4978793981481482,0.3387171826022023,0.4746851005391949,0.4746851005391949,0.0,0.05
10,0.0,0.4957425925925925,0.26738667178926334,0.3434723848238115,0.3434723848238115,0.0,0.05
11,0.0,0.4953246527777777,0.22979648966809685,0.3153437535292529,0.3153437535292529,0.0,0.05
12,0.0,0.5003287037037037,0.13592616274317615,0.2338393862289435,0.2338393862289435,0.0,0.05
13,0.0,0.5010474537037037,0.1167101879630642,0.2984142843595704,0.2984142843595704,0.0,0.05
14,0.0,0.5072222222222221,0.0936254769283057,0.1832697728537941,0.1832697728537941,0.0,0.05
15,0.0,0.5194177083333333,0.08609528385573606,0.3082670535912708,0.3082670535912708,0.0,0.05
16,0.0,0.5012450231481481,0.3380201963213625,0.35111932339856977,0.35111932339856977,0.0,0.05
17,0.0,0.5074827546296296,0.1510387496245421,0.33584857926067213,0.33584857926067213,0.0,0.05
18,0.0,0.4872673611111111,0.2657479390874823,0.3659807241365164,0.3659807241365164,0.0,0.05
19,0.0,0.5070857638888889,0.2781794538956863,0.2992412618455549,0.2992412618455549,0.0,0.05
20,0.0,0.49443611111111113,0.35426719442544663,0.3905290188404601,0.3905290188404601,0.0,0.05
21,0.0,0.5091324074074074,0.21476449337278936,0.27456871268942384,0.27456871268942384,0.0,0.05
22,0.0,0.48542685185185186,0.09404184205390176,0.1690576603946352,0.1690576603946352,0.0,0.05
23,0.0,0.5013614583333333,0.2669238807447911,0.37787131887911307,0.37787131887911307,0.0,0.05
24,0.0,0.5009707175925925,0.38947072997913856,0.4206389659168307,0.4206389659168307,0.0,0.05
25,0.0,0.5040603009259259,0.3236737664057102,0.33659913559084575,0.33659913559084575,0.0,0.05
26,0.0,0.5035913194444445,0.3871951569147767,0.47130359662908483,0.47130359662908483,0.0,0.05
27,0.0,0.5080668981481482,0.3387180374183312,0.34037515663743667,0.34037515663743667,0.0,0.05
28,0.0,0.4896024305555556,0.031194233677695138,0.28015084311594474,0.28015084311594474,0.0,0.05
29,0.0,0.49546979166666666,0.16968294642398662,0.29327836836840826,0.29327836836840826,0.0,0.05
30,0.0,0.5089475694444444,0.2472157716827046,0.4505026301111379,0.4505026301111379,0.0,0.05
31,0.0,0.48983958333333333,0.37596657918286547,0.36228529894397365,0.36228529894397365,0.0,0.05
32,0.0,0.49544490740740743,0.07336196483081037,0.26039342616210936,0.26039342616210936,0.0,0.05
33,0.0,0.49220902777777775,0.2810152682792749,0.39715835737507743,0.39715835737507743,0.0,0.05
34,0.0,0.5089630787037037,0.28253463639611476,0.3387774317127358,0.3387774317127358,0.0,0.05
35,0.0,0.4898872685185185,0.030695652842385845,0.28074690286211224,0.28074690286211224,0.0,0.05
36,0.0,0.49961122685185183,0.21856014437264704,0.2300745129611087,0.2300745129611087,0.0,0.05
37,0.0,0.49905347222222224,0.1661985591971925,0.27464271844991517,0.27464271844991517,0.0,0.05
38,0.0,0.5115775462962963,0.30858820351969285,0.48295517116960096,0.48295517116960096,0.0,0.05
39,0.0,0.5042184027777777,0.1324350816156743,0.3102147754099214,0.3102147754099214,0.0,0.05
40,0.0,0.49635127314814814,0.2631293904348403,0.32528497807055823,0.32528497807055823,0.0,0.05
41,0.0,0.48951782407407407,0.1325939635115373,0.31074042989766215,0.31074042989766215,0.0,0.05
42,0.0,0.49890127314814814,0.15060920431153813,0.2714485533749609,0.2714485533749609,0.0,0.05
43,0.0,0.5027577546296297,0.20590621426068556,0.2630955887242692,0.2630955887242692,0.0,0.05
44,0.0,0.4760092592592593,0.13193896650072046,0.31134086432300867,0.31134086432300867,0.0,0.05
45,0.0,0.49433993055555553,0.19345690494943002,0.24822191519721926,0.24822191519721926,0.0,0.05
46,0.0,0.48280578703703697,0.28483638737561734,0.3446606632901762,0.3446606632901762,0.0,0.05
47,0.0,0.5029570601851852,0.3317157044282735,0.3665845540041589,0.3665845540041589,0.0,0.05
48,0.0,0.5003240740740741,0.37063194870094307,0.29471069506026815,0.29471069506026815,0.0,0.05
49,0.0,0.49867800925925926,0.12046086991564775,0.3015576060750198,0.3015576060750198,0.0,0.05
50,0.0,0.5209662037037037,0.32975939408007393,0.36065180778164874,0.36065180778164874,0.0,0.05
51,0.0,0.49562083333333334,0.12210362480355108,0.2477088168590662,0.2477088168590662,0.0,0.05
52,0.0,0.48783622685185185,0.29461735775320386,0.388690997564901,0.388690997564901,0.0,0.05
53,0.0,0.5004996527777777,0.4026836669505659,0.4202811978376455,0.4202811978376455,0.0,0.05
54,0.0,0.5089559027777778,0.28238614796946837,0.3784186654210371,0.3784186654210371,0.0,0.05
55,0.0,0.4786664351851852,0.2653634937970658,0.22478883637074687,0.22478883637074687,0.0,0.05
56,0.0,0.4936581018518518,0.28755894893237466,0.36518398446623745,0.36518398446623745,0.0,0.05
57,0.0,0.5109348379629629,0.3372038427577394,0.3429843807359497,0.3429843807359497,0.0,0.05
58,0.0,0.4938829861111111,0.3485157676070636,0.33408667855672936,0.33408667855672936,0.0,0.05
59,0.0,0.4950170138888889,0.18483459066310592,0.2666989162813487,0.2666989162813487,0.0,0.05
60,0.0,0.5137991898148148,0.2723135526850343,0.39276628709226313,0.39276628709226313,0.0,0.05
61,0.0,0.5112244212962963,0.15123168559900513,0.265418306430079,0.265418306430079,0.0,0.05
62,0.0,0.4959804398148148,0.2898214964768525,0.3479345380567622,0.3479345380567622,0.0,0.05
63,0.0,0.5047111111111111,0.232799586498321,0.2998083792248817,0.2998083792248817,0.0,0.05
64,0.0,0.5109465277777777,0.2300810940816257,0.24525025698420766,0.24525025698420766,0.0,0.05
65,0.0,0.4899809027777778,0.2105272134884526,0.27098548421557667,0.27098548421557667,0.0,0.05
66,0.0,0.49181030092592587,0.21849194350518075,0.31174197756503863,0.31174197756503863,0.0,0.05
67,0.0,0.48726099537037043,0.1763585476127223,0.3418836426529782,0.3418836426529782,0.0,0.05
68,0.0,0.4945208333333333,0.23675030165305722,0.2909638108977204,0.2909638108977204,0.0,0.05
69,0.0,0.503590625,0.06337004498475285,0.1674424997561922,0.1674424997561922,0.0,0.05
70,0.0,0.4960055555555556,0.2619698841631589,0.386335149876028,0.386335149876028,0.0,0.05
71,0.0,0.5050042824074074,-0.014108175561833525,0.22821270070414235,0.22821270070414235,0.0,0.05
72,0.0,0.4893222222222222,0.28941391431021046,0.4212475856264335,0.4212475856264335,0.0,0.05
73,0.0,0.5040062500000001,0.22162310451775025,0.29916184979477956,0.29916184979477956,0.0,0.05
74,0.0,0.5097443287037037,0.20169233536535014,0.2934786805452404,0.2934786805452404,0.0,0.05
75,0.0,0.4928049768518519,0.3601441300939344,0.43562064377369614,0.43562064377369614,0.0,0.05
76,0.0,0.5066269675925925,0.06613328133123075,0.14525847547535775,0.14525847547535775,0.0,0.05
77,0.0,0.49997696759259264,0.24595551116983894,0.35128604286626075,0.35128604286626075,0.0,0.05
78,0.0,0.5009511574074074,0.20026300743658598,0.27861967792328324,0.27861967792328324,0.0,0.05
79,0.0,0.4739199074074074,0.13062097119098748,0.24105772809987014,0.24105772809987014,0.0,0.05
80,0.0,0.4914289351851851,0.29478776135722395,0.3892510590429097,0.3892510590429097,0.0,0.05
81,0.0,0.5031790509259259,0.1724640385511942,0.273311595226707,0.273311595226707,0.0,0.05
82,0.0,0.4900211805555556,0.2286489240216314,0.3046904004220389,0.3046904004220389,0.0,0.05
83,0.0,0.5038766203703703,0.409257445389659,0.3873596681147905,0.3873596681147905,0.0,0.05
84,0.0,0.5086217592592592,0.4314375083086417,0.47014933596341224,0.47014933596341224,0.0,0.05
85,0.0,0.48819976851851843,0.30554268690009556,0.35495786158239584,0.35495786158239584,0.0,0.05
86,0.0,0.4929164351851852,0.2015588033171033,0.3009962858008043,0.3009962858008043,0.0,0.05
87,0.0,0.4958738425925926,0.2968679937659491,0.36644123038215703,0.36644123038215703,0.0,0.05
88,0.0,0.48703888888888897,0.23866931550188486,0.3538035669518734,0.3538035669518734,0.0,0.05
89,0.0,0.4864554398148148,0.17682772779131828,0.287844101810376,0.287844101810376,0.0,0.05
90,0.0,0.5091623842592593,0.0029281629154537248,0.2723526934223952,0.2723526934223952,0.0,0.05
91,0.0,0.5083755787037038,0.3422740151416741,0.2843542252305242,0.2843542252305242,0.0,0.05
92,0.0,0.48804201388888885,0.32619805146456726,0.2887820029582113,0.2887820029582113,0.0,0.05
93,0.0,0.48756851851851857,0.29647706355335846,0.40991702182871603,0.40991702182871603,0.0,0.05
94,0.0,0.5005543981481481,0.30829777485626686,0.2933843641540622,0.2933843641540622,0.0,0.05
95,0.0,0.5006826388888889,0.391571994565183,0.3628880936245391,0.3628880936245391,0.0,0.05
96,0.0,0.4993405092592593,0.23668745340084008,0.3392526014299454,0.3392526014299454,0.0,0.05
97,0.0,0.5036733796296297,0.27155326049369644,0.2648165678080956,0.2648165678080956,0.0,0.05
98,0.0,0.4951069444444444,0.24585804107315146,0.3352773785963772,0.3352773785963772,0.0,0.05
99,0.0,0.4973888888888889,0.21767045748535474,0.25956974443196235,0.25956974443196235,0.0,0.05
0,0.05,0.5701667824074074,0.12874767124612274,0.2513657325896098,0.25123940198485695,-0.00012633060475286673,0.065375
1,0.05,0.556632523148148,0.31687873947858003,0.32244444469997235,0.32244444469997235,0.0,0.06654166666666667
2,0.05,0.5490405092592593,0.1891697073552865,0.31868196740608645,0.31868196740608645,0.0,0.06563888888888889
3,0.05,0.551030787037037,0.1769320579135817,0.2600828890455654,0.2600475535275588,-3.533551800660728e-05,0.06555555555555556
4,0.05,0.5637733796296297,0.10673089429247273,0.1696731532899206,0.17014323492820815,0.000470081638287545,0.06686111111111111
5,0.05,0.5644334490740741,0.23734936630384562,0.47996922126191344,0.48007722133838027,0.00010800007646682985,0.06581944444444444
6,0.05,0.5534824074074074,0.25835470732400523,0.24149988867566885,0.24149856857704355,-1.320098625301469e-06,0.06718055555555555
7,0.05,0.5483508101851852,0.2841581962553721,0.30942815870900187,0.3096488399274081,0.0002206812184062379,0.06563888888888889
8,0.05,0.5614563657407406,0.34059393750063816,0.4205805711063776,0.4202859521546005,-0.0002946189517770703,0.06609722222222222
9,0.05,0.5741228009259259,0.39406194139028616,0.3481689314222818,0.34930003574922197,0.001131104326940191,0.06704166666666667
10,0.05,0.5465037037037037,0.3093195349629454,0.33412798504912444,0.33382535147036585,-0.0003026335787585932,0.06563888888888889
11,0.05,0.5713346064814814,0.028242039320611534,0.25011621072591106,0.24897833247375822,-0.0011378782521528352,0.06595833333333333
12,0.05,0.5553519675925925,0.20250617599309007,0.31255056587842234,0.31255056587842234,0.0,0.06708333333333333
13,0.05,0.5380454861111111,0.38921554041438233,0.39439035762083596,0.39434604103820103,-4.431658263492899e-05,0.06426388888888888
14,0.05,0.5727888888888889,0.2345068764964252,0.4115786509593101,0.41131033372528325,-0.00026831723402687135,0.06670833333333333
15,0.05,0.5807121527777778,0.25764728228031786,0.34219111099403454,0.34219111099403454,0.0,0.06643055555555556
16,0.05,0.5661015046296295,0.2986681050732506,0.3405989965163059,0.3405802253911745,-1.877112513137824e-05,0.06516666666666666
17,0.05,0.5550104166666666,0.05500411952515949,0.23440738714558196,0.233998952241408,-0.000408434904173971,0.06504166666666666
18,0.05,0.584242013888889,0.2798569408498853,0.3340316942806013,0.33428264467379487,0.00025095039319356083,0.06758333333333333
19,0.05,0.5687266203703704,0.11116217571772258,0.22091088581291884,0.22168318133087195,0.0007722955179531032,0.0659861111111111
20,0.05,0.5456827546296297,0.23926832902459683,0.1999402128932416,0.20038172492549755,0.0004415120322559529,0.06538888888888889
21,0.05,0.5726135416666667,0.2520108504461699,0.2583296273227199,0.2572656327580308,-0.0010639945646890858,0.06625
22,0.05,0.5502109953703703,0.2631508745540061,0.2840574065447178,0.2838499302766715,-0.0002074762680462916,0.06638888888888889
23,0.05,0.5554009259259258,0.2793930482808856,0.2863550309508772,0.2863550309508772,0.0,0.06456944444444444
24,0.05,0.5591895833333332,0.20345290707941044,0.31319533060981675,0.31319533060981675,0.0,0.06593055555555556
25,0.05,0.5557328703703703,0.264491677447663,0.39810541154185064,0.3978670731708258,-0.00023833837102482658,0.06527777777777778
26,0.05,0.5624403935185185,0.38842232640384033,0.4275862578198545,0.4285946391076384,0.0010083812877839105,0.0652361111111111
27,0.05,0.5647065972222223,0.23956877043757852,0.337322984317842,0.33749475338630797,0.00017176906846594342,0.06544444444444444
28,0.05,0.5714707175925926,0.21206869800817574,0.32195549927604683,0.32115401744741656,-0.0008014818286302683,0.06697222222222222
29,0.05,0.5549383101851851,0.3154457933267292,0.3469553818544241,0.347155610059395,0.0002002282049708981,0.06768055555555555
30,0.05,0.5732260416666667,0.3739498791086482,0.31691289386916943,0.3168574125250324,-5.548134413702055e-05,0.06681944444444445
31,0.05,0.5643547453703704,0.12060576433148529,0.36065227327012805,0.36094673080212913,0.00029445753200108005,0.06672222222222222
32,0.05,0.5843217592592592,0.30410451336026734,0.3408577823689499,0.3407871453014917,-7.063706745824572e-05,0.06731944444444445
33,0.05,0.5544626157407407,0.29360926085876293,0.29384874556132856,0.2938397634033668,-8.982157961745507e-06,0.06531944444444444
34,0.05,0.5587565972222223,0.10276158828150139,0.24994438211837666,0.2494525384314833,-0.0004918436868933673,0.06683333333333333
35,0.05,0.5593297453703704,0.1627359184649484,0.28907343650890305,0.2890057498558297,-6.768665307332888e-05,0.06643055555555556
36,0.05,0.5638170138888889,0.18956914910129075,0.22487502774604673,0.22507417614801684,0.0001991484019701062,0.06431944444444444
37,0.05,0.5595532407407408,0.18645572866344085,0.32321127526157933,0.32321127526157933,0.0,0.06675
38,0.05,0.5590436342592593,0.17461693803917377,0.25651451165663,0.2560864230050668,-0.00042808865156318543,0.06606944444444444
39,0.05,0.5611759259259259,0.4769122657677979,0.4553607577568236,0.4550977776554166,-0.00026298010140701766,0.06580555555555556
40,0.05,0.5535155092592592,0.25041212349798125,0.28186554965764177,0.282055626240733,0.00019007658309122544,0.06641666666666667
41,0.05,0.5704339120370371,0.2462398851519607,0.3205173834457654,0.32092029578767534,0.0004029123419099223,0.06693055555555555
42,0.05,0.5690258101851852,0.23233057839743287,0.2952829150423918,0.2950130251524288,-0.00026988988996301533,0.06544444444444444
43,0.05,0.5787987268518519,0.0036784417207945674,0.23066749572170164,0.2304770715434974,-0.0001904241782042515,0.06763888888888889
44,0.05,0.5497756944444445,0.2829441363426708,0.40756548743075505,0.40757779553256623,1.2308101811187022e-05,0.06590277777777778
45,0.05,0.5715753472222223,0.3928516673408319,0.4230700213329903,0.4225649242220916,-0.0005050971108987445,0.06697222222222222
46,0.05,0.5513608796296298,0.36618475033532527,0.3917148201479238,0.3917148201479238,0.0,0.0652361111111111
47,0.05,0.552485648148148,0.17457974441851598,0.29620720184682936,0.29657605554079003,0.000368853693960669,0.06631944444444444
48,0.05,0.5533464120370372,0.23925753135674477,0.2228018084574318,0.22260714032730256,-0.00019466813012924966,0.06533333333333333
49,0.05,0.5636034722222223,0.2737285262992427,0.3807818176432358,0.3808753295273226,9.351188408679434e-05,0.06641666666666667
50,0.05,0.5611672453703704,0.20354238282521453,0.21238261540095738,0.21235844981239882,-2.4165588558555662e-05,0.06594444444444444
51,0.05,0.5681506944444444,0.3302726133886832,0.40712171820050835,0.40744503066227056,0.0003233124617622041,0.06608333333333333
52,0.05,0.5755277777777777,0.23920814079052366,0.36995007197204677,0.3697658626156328,-0.00018420935641394465,0.06720833333333333
53,0.05,0.5671206018518519,0.205019078164572,0.36850417213078723,0.3686331649462461,0.00012899281545886154,0.06547222222222222
54,0.05,0.5655362268518518,0.17150421320704368,0.32337035722217056,0.32346595347077134,9.55962486007822e-05,0.06666666666666667
55,0.05,0.5687453703703703,0.3560049485213125,0.3390010275369232,0.3388271093147752,-0.00017391822214796182,0.0656111111111111
56,0.05,0.5703832175925926,0.21610649392199122,0.3351774039575932,0.33520539668965,2.7992732056780767e-05,0.06659722222222222
57,0.05,0.5777229166666666,0.34513496494431284,0.35438558386067653,0.3547308324383246,0.0003452485776480607,0.06670833333333333
58,0.05,0.5660217592592592,0.32176769826096885,0.3717376471356778,0.37147017638035373,-0.00026747075532407294,0.066875
59,0.05,0.5672297453703704,0.3358123337764307,0.41606934472050805,0.4157019958531908,-0.00036734886731726313,0.06768055555555555
60,0.05,0.5707116898148148,0.15384000362788752,0.2609781317986126,0.2609781317986126,0.0,0.067375
61,0.05,0.5764568287037037,0.12070211950325249,0.2722118410706299,0.27228024142320706,6.840035257715815e-05,0.06590277777777778
62,0.05,0.5593449074074074,0.14597717404149957,0.25646680175752157,0.256951459472183,0.0004846577146614406,0.06577777777777778
63,0.05,0.5497585648148148,0.22887447959622553,0.2939723569616407,0.2948672374022976,0.0008948804406568867,0.06576388888888889
64,0.05,0.5653921296296297,0.17349295911347362,0.3859594341312619,0.3864713746196332,0.0005119404883713319,0.0663611111111111
65,0.05,0.5529420138888889,0.3268991455558651,0.43477622432406116,0.4351975128991673,0.00042128857510614903,0.0665
66,0.05,0.561868287037037,0.2817951209743699,0.3391159086130032,0.3395504244142231,0.0004345158012198924,0.06705555555555555
67,0.05,0.560079861111111,0.21760276132721568,0.3190037764258118,0.3189148185692474,-8.89578565643756e-05,0.06691666666666667
68,0.05,0.574177662037037,0.08833507491017478,0.19271188547938511,0.19331222827600691,0.0006003427966218,0.06684722222222222
69,0.05,0.5593844907407407,0.1379833322133862,0.28078971091703697,0.28019831011344964,-0.0005914008035873275,0.06627777777777778
70,0.05,0.5609363425925925,0.18244642306329184,0.25929673014473154,0.2592752674998742,-2.1462644857361823e-05,0.06788888888888889
71,0.05,0.5598269675925925,0.39219867569638756,0.4471736198600109,0.4475465515668142,0.00037293170680330334,0.066
72,0.05,0.5724070601851852,0.20720516152411672,0.3124979131772325,0.31239332708217815,-0.00010458609505437089,0.06572222222222222
73,0.05,0.5704866898148148,0.22977004656507494,0.2958133874007367,0.29534119363645484,-0.00047219376428186965,0.06698611111111111
74,0.05,0.5695376157407407,0.22917906285510803,0.2836435642755081,0.2827720791588416,-0.0008714851166664594,0.06681944444444445
75,0.05,0.5555686342592593,0.26097249963719804,0.3686563682971604,0.3687674268640698,0.00011105856690940552,0.06543055555555556
76,0.05,0.5706703703703703,0.1940646943330948,0.4273814779738403,0.4274939063818848,0.00011242840804448484,0.06676388888888889
77,0.05,0.5698846064814814,0.2836242288542874,0.36993257353927556,0.36951399014145103,-0.0004185833978245235,0.06472222222222222
78,0.05,0.57165625,0.26195490343088035,0.3390127519586461,0.3390127519586461,0.0,0.06515277777777778
79,0.05,0.567072337962963,0.33516442187546547,0.3939405147151618,0.39381861482186875,-0.00012189989329303152,0.06676388888888889
80,0.05,0.5610375,0.23511675022563228,0.27167158169107497,0.27167158169107497,0.0,0.06633333333333333
81,0.05,0.5710053240740741,0.1505170993912619,0.28192972255275517,0.28163041184101023,-0.00029931071174493784,0.06752777777777778
82,0.05,0.5506586805555557,0.02827358332368546,0.35709394156144103,0.35763834955639573,0.0005444079949546987,0.06491666666666666
83,0.05,0.5713811342592593,0.14957036642514976,0.2435121206360671,0.2430379767943931,-0.0004741438416739907,0.06656944444444444
84,0.05,0.5630719907407408,0.23820234843439758,0.2269624769695705,0.22701194232317468,4.946535360417226e-05,0.066875
85,0.05,0.5613417824074074,0.4413419007067487,0.4545511514540037,0.4545147287516451,-3.6422702358596126e-05,0.06668055555555556
86,0.05,0.5635857638888888,0.10036275938954864,0.16429806414274828,0.16505007570066266,0.0007520115579143782,0.06547222222222222
87,0.05,0.5795623842592593,0.29395541755263,0.40559822382619626,0.4056225245726637,2.430074646742053e-05,0.06825
88,0.05,0.5756813657407407,0.24815678429593946,0.3363345826389762,0.3361017617437432,-0.0002328208952330213,0.06748611111111111
89,0.05,0.5435482638888888,0.3267203750544293,0.3248382331691182,0.32380794217291375,-0.0010302909962044415,0.06341666666666666
90,0.05,0.5673608796296297,0.14062352229636932,0.21754944924855113,0.21705875639800898,-0.0004906928505421515,0.06645833333333333
91,0.05,0.5728585648148148,0.208254783998713,0.2252940923607072,0.22521850145275535,-7.559090795183909e-05,0.06709722222222222
92,0.05,0.5642489583333333,0.3919730746944927,0.3590811377533628,0.35918345203932667,0.00010231428596385594,0.06730555555555555
93,0.05,0.5634858796296296,0.275343241991025,0.32480147839671347,0.32480147839671347,0.0,0.06705555555555555
94,0.05,0.5691122685185185,0.2850124736364955,0.2554382869721513,0.2554382869721513,0.0,0.06726388888888889
95,0.05,0.5652778935185184,0.21976501487334443,0.2566296235829537,0.25571902338594976,-0.0009106001970039523,0.06686111111111111
96,0.05,0.5702832175925926,0.2596927512893624,0.30179034407953254,0.30145712774233846,-0.0003332163371940755,0.06815277777777778
97,0.05,0.5453373842592594,0.34814447430858375,0.36934493903286736,0.36934493903286736,0.0,0.06393055555555556
98,0.05,0.5605627314814815,0.23144113321440052,0.30834798043046174,0.3089689434133328,0.000620962982871065,0.06497222222222222
99,0.05,0.5800259259259258,0.21555532328477434,0.32685091213266526,0.32685091213266526,0.0,0.06593055555555556
0,0.1,0.6468861111111112,0.21452009468566013,0.2463062754126033,0.24665734236149117,0.00035106694888786816,0.08456944444444445
1,0.1,0.6257072916666667,0.33055608618540533,0.3860854245239027,0.38816033095191715,0.0020749064280144447,0.082
2,0.1,0.6086464120370371,0.38272699755866624,0.42721874522775927,0.42721874522775927,0.0,0.08141666666666666
3,0.1,0.6463846064814814,0.33595796387332877,0.47798185009787564,0.47716277545808283,-0.000819074639792805,0.08448611111111111
4,0.1,0.6369346064814815,0.39215146366819764,0.39721293121387524,0.39775129180265245,0.0005383605887772092,0.08366666666666667
5,0.1,0.6393768518518518,0.3041405815782209,0.41579283071892637,0.4155364716595975,-0.00025635905932885894,0.08523611111111111
6,0.1,0.6266731481481481,0.1342952962304601,0.3034892399313279,0.30339207972698623,-9.716020434169526e-05,0.08030555555555556
7,0.1,0.6392072916666666,0.2607209230378019,0.24515169607643839,0.24487148378477874,-0.0002802122916596428,0.08383333333333333
8,0.1,0.6390471064814814,0.26870407932097895,0.30855409036334436,0.3082876880808786,-0.0002664022824657719,0.08402777777777778
9,0.1,0.6443177083333333,0.08168757058695664,0.2650883857338616,0.2642011197951514,-0.0008872659387102466,0.08551388888888889
10,0.1,0.635571875,0.398589806095766,0.43644012824899325,0.43644012824899325,0.0,0.083
11,0.1,0.6490239583333334,0.26016177672957075,0.2683591242896425,0.2684050747666126,4.595047697009136e-05,0.08388888888888889
12,0.1,0.6249427083333333,0.3111777146410408,0.3534986050496244,0.3534986050496244,0.0,0.08143055555555556
13,0.1,0.6360070601851852,0.3288655419092089,0.3956024761083514,0.3977880443986517,0.002185568290300255,0.08373611111111111
14,0.1,0.6440116898148148,0.23190786437234645,0.3016192298593793,0.3015384650172661,-8.076484211316792e-05,0.08365277777777778
15,0.1,0.630068287037037,0.04826984230638842,0.23661538054942477,0.2367938103096381,0.0001784297602133167,0.08279166666666667
16,0.1,0.6304956018518518,0.20704809960345083,0.31236847857102035,0.3118452421656469,-0.0005232364053734395,0.08218055555555556
17,0.1,0.625803125,0.4566676251157361,0.4775393973160489,0.47761009339408333,7.0696078034449e-05,0.08159722222222222
18,0.1,0.6355222222222222,0.3138702731102684,0.39997951372789897,0.39996270734621775,-1.6806381681222504e-05,0.08329166666666667
19,0.1,0.6498204861111111,0.20273546134745957,0.3120081905446249,0.31207106789440375,6.287734977883375e-05,0.08325
20,0.1,0.6471690972222223,0.1955317757010454,0.29482314613562577,0.29611909309037154,0.0012959469547457747,0.08468055555555555
21,0.1,0.6278194444444444,0.22649183857642496,0.2858543169456311,0.2861702188607229,0.00031590191509178744,0.08294444444444445
22,0.1,0.6258520833333333,0.3753389837876343,0.3262714222896437,0.3262714222896437,0.0,0.08191666666666667
23,0.1,0.635270138888889,0.10104807503324176,0.19443280218995018,0.19370394536221724,-0.0007288568277329377,0.08220833333333333
24,0.1,0.638684375,0.22496052946589173,0.31991376470315924,0.3200420172866004,0.00012825258344117962,0.08508333333333333
25,0.1,0.6314574074074074,0.30381824198388463,0.4094282692664071,0.4094166257586388,-1.1643507768277495e-05,0.08116666666666666
26,0.1,0.6440888888888888,0.3434064925596485,0.34536965352740967,0.34536965352740967,0.0,0.08305555555555555
27,0.1,0.6379837962962963,0.3054990244857736,0.29577424933750485,0.29587733978103636,0.0001030904435315172,0.08363888888888889
28,0.1,0.6568778935185186,0.1852737206474805,0.23338557894218703,0.23260249287613377,-0.0007830860660532624,0.08636111111111111
29,0.1,0.6354314814814814,0.3146624618328784,0.27120768619760316,0.2710296966746568,-0.0001779895229463424,0.08234722222222222
30,0.1,0.6251108796296297,0.11942417690933216,0.36151563945598186,0.36051001892354606,-0.0010056205324358025,0.08243055555555556
31,0.1,0.6403560185185185,0.1944940646644705,0.35420656302082987,0.35420656302082987,0.0,0.08165277777777778
32,0.1,0.6372627314814815,0.3725317266468794,0.35784034425891575,0.3579572704155243,0.00011692615660852113,0.081125
33,0.1,0.6438562499999999,0.21427759153609904,0.38014513476293954,0.3799820646549599,-0.00016307010797966814,0.08388888888888889
34,0.1,0.629907638888889,0.124434740514201,0.31880110323771516,0.31926155759367914,0.00046045435596397954,0.08290277777777778
35,0.1,0.6460418981481482,0.22499614816415991,0.3071186848601012,0.3081608508769236,0.0010421660168223879,0.08325
36,0.1,0.6323424768518519,0.10526545228280182,0.27228130649456694,0.2711107735753887,-0.0011705329191782354,0.08305555555555555
37,0.1,0.6111465277777778,0.2665242928625915,0.24753274183386742,0.24792531135500406,0.0003925695211366431,0.07988888888888888
38,0.1,0.6268105324074074,0.11098799471572729,0.18862230136076896,0.1882860285477368,-0.00033627281303216794,0.07980555555555556
39,0.1,0.6261993055555556,0.3115200127919622,0.4101927456615123,0.4107776603300477,0.0005849146685353857,0.08254166666666667
40,0.1,0.6399320601851852,0.2898569388252564,0.3838512679331513,0.3847122678987742,0.0008609999656229439,0.08211111111111111
41,0.1,0.6322855324074074,0.14172346672312586,0.28620104898952237,0.2879044935060918,0.0017034445165694523,0.08434722222222223
42,0.1,0.6445634259259259,0.31018310749658273,0.37212269061830583,0.3718941484936067,-0.00022854212469913815,0.08369444444444445
43,0.1,0.6264126157407407,0.3644970606174812,0.3567257904884965,0.3567257904884965,0.0,0.08258333333333333
44,0.1,0.63548125,0.10735896583016313,0.30645586537973735,0.30645586537973735,0.0,0.08084722222222222
45,0.1,0.6308362268518519,0.16831870984873543,0.3526995948182433,0.35249512160116603,-0.0002044732170772834,0.08058333333333334
46,0.1,0.6458197916666667,0.1834140212002554,0.24328499923086166,0.24318807769126016,-9.692153960150218e-05,0.08529166666666667
47,0.1,0.6294392361111111,0.3069215762972539,0.3475603423556679,0.34603818442197787,-0.0015221579336900382,0.08288888888888889
48,0.1,0.6600630787037037,0.2990260665173263,0.35709485970659516,0.3566574954925311,-0.0004373642140640399,0.0865
49,0.1,0.6369953703703702,0.2096542037281537,0.31187020881854943,0.31124660771433577,-0.0006236011042136669,0.08423611111111111
50,0.1,0.6370864583333332,0.32691234457477414,0.4199625395603409,0.42070017119779957,0.0007376316374586578,0.08475
51,0.1,0.6270281249999999,0.22463512530475438,0.4167849378513344,0.41729045405470566,0.0005055162033712479,0.08113888888888889
52,0.1,0.6306916666666668,0.1930956367743598,0.2199119980776213,0.21974235210201576,-0.00016964597560553685,0.08213888888888889
53,0.1,0.6281538194444445,0.1711010907346312,0.3242499485117356,0.3242499485117356,0.0,0.08234722222222222
54,0.1,0.6265432870370371,0.35708139121066595,0.4009140507152591,0.40054679935488036,-0.00036725136037873973,0.08338888888888889
55,0.1,0.6425280092592592,0.25697850753368945,0.3899200844966315,0.3899541863208892,3.410182425767072e-05,0.08297222222222222
56,0.1,0.6369052083333333,0.2955155031912271,0.41832722140736245,0.4183229016990916,-4.3197082708612555e-06,0.08279166666666667
57,0.1,0.648903587962963,0.16062032188339126,0.2935529773823705,0.2935204265585275,-3.255082384301389e-05,0.08261111111111111
58,0.1,0.6372596064814816,0.0626345924554218,0.16392124531866636,0.16392124531866636,0.0,0.08281944444444445
59,0.1,0.612727199074074,0.29257902313393,0.3480370308578501,0.3476754403495578,-0.00036159050829231987,0.08063888888888888
60,0.1,0.6132201388888888,0.23868633992519472,0.36372375620272335,0.36358692970889483,-0.00013682649382851242,0.0793611111111111
61,0.1,0.6420446759259258,0.20655195072375743,0.3005634648382982,0.3000919578007103,-0.0004715070375879149,0.08238888888888889
62,0.1,0.6475299768518519,0.2881289773584481,0.3755923863453622,0.3755923863453622,0.0,0.08575
63,0.1,0.6415171296296297,0.31423269855678515,0.3990822792626194,0.3991783296634619,9.605040084248451e-05,0.08345833333333333
64,0.1,0.6259461805555556,0.09014400106852527,0.24919553106979975,0.24881434894715926,-0.0003811821226404888,0.08
65,0.1,0.621583449074074,0.07184764386449749,0.19855262624727732,0.19876658614436582,0.00021395989708850038,0.079875
66,0.1,0.6352103009259259,0.3116224430558522,0.3536666307762055,0.35309538054178546,-0.0005712502344200621,0.08120833333333333
67,0.1,0.6393168981481482,0.2567846251484095,0.36909257474336865,0.36929652063934926,0.0002039458959806062,0.08372222222222223
68,0.1,0.6421232638888889,0.19751147059717122,0.32804151634758716,0.3280279915933778,-1.3524754209348622e-05,0.08461111111111111
69,0.1,0.6257175925925925,0.35827049719303283,0.3311424826402196,0.3268401565915331,-0.004302326048686522,0.07969444444444444
70,0.1,0.6111888888888889,0.22433841106181673,0.32994008294440824,0.32977547019274533,-0.000164612751662907,0.08222222222222222
71,0.1,0.6271333333333334,0.13754718588094483,0.2680228652090356,0.26911950059883705,0.0010966353898014258,0.08170833333333333
72,0.1,0.6465883101851851,0.2204260275188369,0.2929652422819822,0.2929810180520813,1.577577009914677e-05,0.08294444444444445
73,0.1,0.6451032407407408,0.16314602638397846,0.24543193309177214,0.24543193309177214,0.0,0.08490277777777777
74,0.1,0.6418390046296297,0.2322243803218278,0.2736736266610489,0.27337877422034906,-0.0002948524406998221,0.08206944444444444
75,0.1,0.6357712962962964,0.2534755085166833,0.27176864898912456,0.27179544406745293,2.6795078328367694e-05,0.08230555555555556
76,0.1,0.64351875,0.4434794582296824,0.48970144285720607,0.4898412712276782,0.00013982837047210595,0.08351388888888889
77,0.1,0.6269091435185185,0.3939827908191531,0.44626444902127194,0.44626444902127194,0.0,0.081625
78,0.1,0.6303474537037038,0.19975075894734418,0.34568394983201345,0.34568394983201345,0.0,0.08251388888888889
79,0.1,0.6306596064814814,0.03065827907112051,0.22722797442671383,0.22654305369407823,-0.0006849207326355966,0.08345833333333333
80,0.1,0.6265127314814816,0.30687609790871795,0.26127403273691596,0.26101024733753375,-0.00026378539938221035,0.08247222222222222
81,0.1,0.6527726851851853,0.18131874144774507,0.3338632491177592,0.33193478937519905,-0.0019284597425601735,0.08516666666666667
82,0.1,0.6249760416666666,0.19324640636771762,0.2546430534885835,0.2564580713853356,0.0018150178967520914,0.080125
83,0.1,0.6198730324074074,0.14547974454399393,0.3014349940280068,0.30025926957717863,-0.0011757244508281417,0.07934722222222222
84,0.1,0.6209402777777778,0.3054587390350916,0.3026495188710664,0.3031821514310301,0.0005326325599637194,0.08259722222222222
85,0.1,0.6386701388888888,0.2134651000515162,0.27460239683205767,0.27460239683205767,0.0,0.08316666666666667
86,0.1,0.6270762731481482,0.20007827552500235,0.22513947035635806,0.2252885764034418,0.00014910604708373576,0.07968055555555556
87,0.1,0.6113427083333334,0.3613532605008707,0.37291239703679646,0.3727413520562902,-0.00017104498050624084,0.079125
88,0.1,0.6197167824074074,0.16799346256826753,0.28290256530184466,0.28276897560240366,-0.00013358969944099464,0.0818611111111111
89,0.1,0.6306913194444445,0.08687343145634807,0.2491919372495507,0.2494343200979494,0.0002423828483987256,0.08091666666666666
90,0.1,0.6415858796296297,0.11930147481913345,0.326840281420849,0.326840281420849,0.0,0.0817361111111111
91,0.1,0.6462543981481481,0.36787643515065593,0.4287438588984367,0.4287438588984367,0.0,0.08333333333333333
92,0.1,0.6294453703703704,0.20684238801062405,0.333140869134281,0.3318382780122625,-0.0013025911220184705,0.08238888888888889
93,0.1,0.619721412037037,0.232811946075846,0.35521837129096223,0.3548142493894263,-0.0004041219015359365,0.083875
94,0.1,0.6257991898148147,0.25460431842967,0.3835251541298744,0.3835251541298744,0.0,0.08159722222222222
95,0.1,0.6229119212962964,0.14987089373585016,0.26789114368203837,0.2674946051963686,-0.000396538485669784,0.08134722222222222
96,0.1,0.6522653935185184,0.34060145536640873,0.35112498505219536,0.35121966561388673,9.468056169137373e-05,0.08677777777777777
97,0.1,0.628346875,0.17203848727125504,0.3799661281483686,0.3799661281483686,0.0,0.08554166666666667
98,0.1,0.6173703703703702,0.1673059419730316,0.3009785545113003,0.30141461724236773,0.00043606273106744364,0.08180555555555556
99,0.1,0.6347753472222223,0.14594329727073374,0.2873754500940414,0.2873071760199245,-6.827407411691411e-05,0.08490277777777777
0,0.15,0.6867359953703703,0.2429700868440453,0.31357143892019734,0.31069263127705193,-0.002878807643145409,0.10020833333333333
1,0.15,0.682753587962963,0.39556507586040557,0.3883244702998264,0.38833491309253854,1.0442792712117566e-05,0.09795833333333333
2,0.15,0.699141087962963,0.36588766625391234,0.4210172793982594,0.4186061894097455,-0.0024110899885139148,0.09975
3,0.15,0.694922800925926,0.13727507780723103,0.334108229739694,0.33346712379642707,-0.0006411059432669397,0.09994444444444445
4,0.15,0.7038363425925928,0.392822355551259,0.3716185550261053,0.3688206360989159,-0.002797918927189391,0.10295833333333333
5,0.15,0.68723125,0.16194944800410138,0.2530244105470635,0.2517748923991522,-0.0012495181479112993,0.09954166666666667
6,0.15,0.6848097222222224,0.14653923172482697,0.24876088933873008,0.24812138371700387,-0.0006395056217262107,0.09993055555555555
7,0.15,0.6865269675925926,0.33316863631993476,0.26471473473892704,0.26472408598994934,9.35125102230483e-06,0.0968611111111111
8,0.15,0.6837019675925927,0.2703544373203506,0.28631251583487405,0.287032415190959,0.0007198993560849631,0.09934722222222223
9,0.15,0.6910651620370368,0.2279304497117638,0.3429721996268571,0.34156119323833367,-0.001411006388523428,0.09859722222222222
10,0.15,0.7018828703703703,0.20201281527407422,0.28872782134926156,0.28798959115731615,-0.0007382301919454104,0.1005
11,0.15,0.6858866898148147,0.03524836714619517,0.21169357815689915,0.21169357815689915,0.0,0.09666666666666666
12,0.15,0.6732592592592592,0.08070542675081926,0.2840165688706471,0.28437414732368227,0.00035757845303519,0.09605555555555556
13,0.15,0.691818287037037,0.262563858457762,0.34445935698980623,0.3447099710260445,0.0002506140362382725,0.10075
14,0.15,0.6939684027777777,0.37127047230225463,0.4342617338443412,0.4343672736075884,0.00010553976324723102,0.09994444444444445
15,0.15,0.6871232638888888,0.2791961174152643,0.4018228608175226,0.40110373684595735,-0.0007191239715652609,0.09780555555555556
16,0.15,0.6938664351851852,0.1780955747306623,0.30037784651719457,0.30122570800173787,0.0008478614845432997,0.09684722222222222
17,0.15,0.7027065972222223,0.1421381863300888,0.2564182186878693,0.2578441875490275,0.0014259688611582,0.10180555555555555
18,0.15,0.7122144675925925,0.19416033862798143,0.21604592452552218,0.21773866263918906,0.0016927381136668807,0.10269444444444445
19,0.15,0.6796513888888889,0.04047167108726635,0.23678508633202555,0.2369222428764195,0.00013715654439394598,0.09461111111111112
20,0.15,0.6835502314814814,0.20007888290954157,0.2193182418757642,0.21924748127957228,-7.07605961919322e-05,0.09720833333333333
21,0.15,0.6786637731481481,0.23749944196151118,0.28131430823292913,0.28123943337028123,-7.487486264790011e-05,0.09484722222222222
22,0.15,0.7049738425925925,0.22098502443794188,0.32156878836635727,0.3218014068244167,0.00023261845805944148,0.09644444444444444
23,0.15,0.695015625,0.20994208920365331,0.3265597533172333,0.32718157675196946,0.0006218234347361573,0.10206944444444445
24,0.15,0.677169212962963,0.3486928225477255,0.3570422263332368,0.3572795454522897,0.00023731911905289227,0.09502777777777778
25,0.15,0.6949631944444444,0.27484412238620093,0.2667522677472194,0.26709541174725804,0.0003431440000386532,0.09933333333333333
26,0.15,0.6926372685185186,0.20035284572473155,0.31944050639719623,0.3153161523607304,-0.004124354036465827,0.10065277777777777
27,0.15,0.688182986111111,0.21423574628206965,0.28183584208587475,0.2823725396242158,0.0005366975383410688,0.09659722222222222
28,0.15,0.6966015046296298,0.3193544251645507,0.32894448964912004,0.3291687799143075,0.00022429026518744344,0.0976111111111111
29,0.15,0.6876587962962963,0.24036177836195927,0.30027408302255065,0.2996565730931319,-0.0006175099294187802,0.09858333333333333
30,0.15,0.6927037037037037,0.3722506595764743,0.4210543600780182,0.4201392913429043,-0.000915068735113933,0.09798611111111111
31,0.15,0.6764081018518519,0.1326037143877008,0.23638984442389988,0.23638984442389988,0.0,0.09816666666666667
32,0.15,0.69211875,0.27816600074810993,0.2600612575292718,0.2599161461509254,-0.00014511137834638532,0.09975
33,0.15,0.6881811342592593,0.14598121992493351,0.27658609848575644,0.27658609848575644,0.0,0.09976388888888889
34,0.15,0.6753503472222221,0.09775034376030223,0.30229107930039323,0.3025176689243496,0.00022658962395638582,0.0972361111111111
35,0.15,0.6717372685185184,0.3612477509431199,0.47764134394497726,0.4775145527268023,-0.00012679121817493755,0.0976111111111111
36,0.15,0.6893203703703703,0.26343551698199374,0.4258275914635833,0.4409648573158905,0.015137265852307236,0.09825
37,0.15,0.6913144675925925,0.14783609951056298,0.22601780065055355,0.2258216197331614,-0.0001961809173921525,0.10022222222222223
38,0.15,0.7005922453703702,0.2573607787742026,0.3807430715768364,0.3807430715768364,0.0,0.09908333333333333
39,0.15,0.686266087962963,0.11739356239575771,0.2083690222924719,0.20758137847827318,-0.000787643814198713,0.10044444444444445
40,0.15,0.7066608796296295,0.2643448056367327,0.3007257095567295,0.30062472675445406,-0.00010098280227543999,0.10081944444444445
41,0.15,0.7067508101851852,0.3299110151024184,0.3591566382669924,0.35887028378407215,-0.000286354482920248,0.09734722222222222
42,0.15,0.6815403935185186,0.1588190140768747,0.2615766496562346,0.26046907263909524,-0.0011075770171393717,0.09898611111111111
43,0.15,0.6977925925925925,0.2233911996574507,0.3426708933124193,0.3503591148745675,0.007688221562148212,0.10131944444444445
44,0.15,0.696342824074074,0.3493998767201669,0.398636177044392,0.3987559870043833,0.00011980995999127941,0.09588888888888888
45,0.15,0.6738131944444445,0.13793352527540792,0.2493225632916558,0.24913400382912898,-0.0001885594625268272,0.09397222222222222
46,0.15,0.69089375,0.24021859370232934,0.3451441511900901,0.3451441511900901,0.0,0.10236111111111111
47,0.15,0.706834375,0.32097199031952317,0.35973382536602794,0.35955429186093246,-0.00017953350509547494,0.10184722222222223
48,0.15,0.6737305555555556,0.38280319106179383,0.3696781489544042,0.3696781489544042,0.0,0.09254166666666666
49,0.15,0.7024306712962963,0.13791240900929735,0.24390072796198747,0.2439309006988003,3.017273681282795e-05,0.09854166666666667
50,0.15,0.7113211805555556,0.269393712921668,0.30704983943404784,0.30592748204081754,-0.0011223573932303,0.10004166666666667
51,0.15,0.691429513888889,0.20146549165157857,0.26290952650514,0.2629373559578121,2.782945267210124e-05,0.09504166666666666
52,0.15,0.6727144675925927,0.21603099186585262,0.3104361825360068,0.31054177560877894,0.00010559307277213659,0.09563888888888888
53,0.15,0.6954824074074075,0.23248708203207002,0.34476249148452087,0.3549648505921653,0.010202359107644443,0.10244444444444445
54,0.15,0.6847209490740741,0.3173158216517822,0.33592570424738777,0.336351907180477,0.00042620293308925916,0.09934722222222223
55,0.15,0.6906504629629628,0.16097418215870796,0.33863276587540736,0.33858594367782646,-4.6822197580898006e-05,0.09920833333333333
56,0.15,0.6844999999999999,0.1573220319568891,0.24017185902487004,0.23283184401057477,-0.007340015014295265,0.10052777777777777
57,0.15,0.6842346064814815,0.39291087602826824,0.47321901673059685,0.4727026446004613,-0.0005163721301355562,0.09581944444444444
58,0.15,0.6972857638888889,0.3207766887343627,0.3217664635502473,0.32191394841838983,0.00014748486814253337,0.09895833333333333
59,0.15,0.7044160879629628,0.35524992043949055,0.44993560942500144,0.44980435836649635,-0.00013125105850508856,0.10240277777777777
60,0.15,0.7030972222222222,0.3078668361768526,0.33776970479037416,0.3366083620002601,-0.0011613427901140394,0.09780555555555556
61,0.15,0.6720157407407407,0.23195923406213503,0.23586165838721362,0.23674493985009026,0.0008832814628766394,0.096
62,0.15,0.6724850694444444,0.319615428792967,0.3050621953938242,0.304963351633721,-9.88437601031622e-05,0.09386111111111112
63,0.15,0.6882469907407408,0.16721552045272392,0.31910383648359764,0.3182451233246957,-0.0008587131589019581,0.09494444444444444
64,0.15,0.6873435185185185,0.13407023122432815,0.304850231415673,0.3050392953039801,0.00018906388830708387,0.10091666666666667
65,0.15,0.6917969907407407,0.16499742093868264,0.31488822887370127,0.3149966301820165,0.00010840130831524242,0.10055555555555555
66,0.15,0.711069675925926,0.2676753875057558,0.32615399854616867,0.32582125787516214,-0.00033274067100652616,0.10313888888888889
67,0.15,0.6838296296296296,0.35595995820748305,0.34754256811832884,0.34659660566045414,-0.000945962457874705,0.09772222222222222
68,0.15,0.6768207175925925,0.24500707460253213,0.38780460741473133,0.3872896954809678,-0.0005149119337635177,0.09440277777777778
69,0.15,0.669517361111111,0.5031094702439884,0.46749284050037654,0.4675906932820534,9.785278167684375e-05,0.09779166666666667
70,0.15,0.7015304398148149,0.20943384332042958,0.2775963558717961,0.2771912756504813,-0.0004050802213148019,0.10230555555555555
71,0.15,0.7200971064814814,0.19446071583884894,0.3524268400391276,0.35254406905356006,0.0001172290144324517,0.10293055555555555
72,0.15,0.6969890046296298,0.2733011445546394,0.29647667297052704,0.28083101176393954,-0.015645661206587502,0.09859722222222222
73,0.15,0.7051438657407408,0.267431973899912,0.31966890252639524,0.31955026684355425,-0.00011863568284098402,0.09847222222222222
74,0.15,0.6696104166666667,0.19746609064895304,0.32912533280254186,0.3295378501720301,0.00041251736948821893,0.09734722222222222
75,0.15,0.6906782407407407,0.34155724988814273,0.49081489919612675,0.49029916316715216,-0.0005157360289745894,0.09719444444444444
76,0.15,0.684083101851852,0.2340154465580625,0.2893303826986112,0.2890965882995252,-0.00023379439908599586,0.0974861111111111
77,0.15,0.6875587962962962,0.143087316583565,0.2589473654252912,0.2525095285135215,-0.00643783691176969,0.09966666666666667
78,0.15,0.7030693287037036,0.21463552295138744,0.2712360222105328,0.27266935848747975,0.0014333362769469726,0.10320833333333333
79,0.15,0.7062270833333334,0.267775160703962,0.3102436418270528,0.3099131605024722,-0.0003304813245805782,0.1005
80,0.15,0.6946678240740741,0.3007212310568702,0.3383742443552956,0.33794652561290517,-0.00042771874239044827,0.10015277777777777
81,0.15,0.7040594907407408,0.19085698759010894,0.3150670678686701,0.31527650753942305,0.00020943967075293113,0.09805555555555556
82,0.15,0.6965704861111112,0.09337946595645752,0.3181091728784632,0.31456218962107896,-0.0035469832573842286,0.1
83,0.15,0.6894082175925925,0.3676786777905535,0.3525981615769923,0.3496019026692211,-0.002996258907771221,0.09513888888888888
84,0.15,0.6965759259259259,0.18279952520051113,0.28224719598547665,0.28422761947695996,0.0019804234914833074,0.10408333333333333
85,0.15,0.6791457175925926,0.10892146040037365,0.2704617453834749,0.2701537538139436,-0.00030799156953131845,0.09855555555555555
86,0.15,0.6877624999999999,0.2031568733122816,0.2554942552564907,0.25704505453933724,0.0015507992828465156,0.09820833333333333
87,0.15,0.6797421296296297,0.2696904935654896,0.21069220427078594,0.21069220427078594,0.0,0.10031944444444445
88,0.15,0.6800302083333333,0.3231702677287752,0.3309640602512758,0.3304326413163997,-0.0005314189348760712,0.09493055555555556
89,0.15,0.7041068287037038,0.12578041961222475,0.22081895757952164,0.22081895757952164,0.0,0.09916666666666667
90,0.15,0.6978643518518518,0.2174253416517239,0.36759867468410234,0.37169488991203026,0.004096215227927913,0.09927777777777778
91,0.15,0.6985312499999999,0.3019554172668204,0.27706838164751146,0.27788158624392945,0.0008132045964179824,0.10104166666666667
92,0.15,0.6921822916666667,0.08631254576103875,0.23630718101129156,0.23574817871945597,-0.0005590022918355864,0.09733333333333333
93,0.15,0.6752092592592592,0.28163719302562207,0.41099776250162623,0.41126032173509575,0.00026255923346951704,0.09469444444444444
94,0.15,0.6667633101851852,0.10745765235160931,0.271349770710828,0.271349770710828,0.0,0.09268055555555556
95,0.15,0.697107986111111,0.2847527555451972,0.39689902372527486,0.3972355028981619,0.00033647917288703866,0.10361111111111111
96,0.15,0.7014627314814815,0.3119051482014473,0.40510728043272215,0.40510728043272215,0.0,0.10026388888888889
97,0.15,0.678177662037037,0.3042451833994091,0.2947804781918951,0.2949037489564683,0.0001232707645731912,0.0948611111111111
98,0.15,0.6927535879629629,0.29555597398090305,0.3563691552230822,0.3563691552230822,0.0,0.0976111111111111
99,0.15,0.68739375,0.20607639930617272,0.32238181755859696,0.3219216396013972,-0.00046017795719976995,0.10019444444444445
0,0.2,0.7563921296296297,0.1946689079926225,0.3323438982221808,0.332368850985453,2.4952763272190204e-05,0.11466666666666667
1,0.2,0.7254798611111112,0.3180367446456134,0.2719208998387077,0.25233500015720245,-0.01958589968150526,0.11448611111111111
2,0.2,0.7350672453703705,0.2817922885676907,0.2597137569121012,0.2774452613432493,0.017731504431148126,0.11504166666666667
3,0.2,0.7488511574074074,0.2223921136364212,0.2888988907171386,0.2758062152389872,-0.013092675478151405,0.11793055555555555
4,0.2,0.7288843749999999,0.15298710413204886,0.23303113445868429,0.23306854500968377,3.741055099948376e-05,0.11069444444444444
5,0.2,0.7504295138888889,0.251534030263711,0.2811922565235634,0.27128126145798725,-0.009910995065576134,0.12045833333333333
6,0.2,0.710801388888889,0.2575998386951118,0.3531662320559541,0.37345595243460517,0.020289720378651066,0.10922222222222222
7,0.2,0.7475107638888888,0.2674534104529671,0.3634334594809645,0.36374165756149024,0.0003081980805257345,0.11688888888888889
8,0.2,0.7364123842592593,0.15242040985071903,0.2643755655530199,0.2770197842562413,0.01264421870322141,0.11965277777777777
9,0.2,0.7322244212962964,0.1833573904537934,0.37370252579476626,0.3594905810813829,-0.014211944713383384,0.11452777777777778
10,0.2,0.7331412037037036,0.3996572838281548,0.4525503519240345,0.44921714923056955,-0.0033332026934649317,0.11715277777777777
11,0.2,0.7499408564814815,0.3961753870248641,0.4055332889715596,0.4025515327685685,-0.002981756202991126,0.11320833333333333
12,0.2,0.7365895833333335,0.3456548843183478,0.2637337647090193,0.2617857374739092,-0.0019480272351101169,0.11129166666666666
13,0.2,0.7371962962962962,0.12276077469350621,0.2909145732864937,0.2880149297621347,-0.002899643524359008,0.1126111111111111
14,0.2,0.7381268518518519,0.11368686468259404,0.11360925179900794,0.1055655818524468,-0.008043669946561138,0.11644444444444445
15,0.2,0.7320949074074075,0.35421998479816286,0.4499115848180656,0.4572500271992981,0.007338442381232491,0.11438888888888889
16,0.2,0.7381653935185186,0.25744651048284295,0.3231295091012606,0.32973625985053767,0.006606750749277079,0.11627777777777777
17,0.2,0.743877199074074,0.28032421329200263,0.30979700346816297,0.30646587980574647,-0.003331123662416502,0.11659722222222223
18,0.2,0.7349162037037038,0.3348567443438498,0.3512855586068042,0.3547851747833015,0.0034996161764973,0.11231944444444444
19,0.2,0.7364436342592592,0.21784565964464364,0.31137348458406067,0.3101195804303394,-0.0012539041537212858,0.11669444444444445
20,0.2,0.7218835648148149,0.23715026163175523,0.2573670903102864,0.24938136038955871,-0.007985729920727658,0.11240277777777778
21,0.2,0.7344047453703704,0.3119281957077583,0.3402609957616691,0.3634704451836944,0.023209449422025297,0.11333333333333333
22,0.2,0.7232128472222222,0.13046896959154586,0.3329378084652286,0.32152437343375095,-0.011413435031477626,0.11018055555555556
23,0.2,0.7547375,0.12880922998907884,0.31038886668273313,0.32176358878494704,0.011374722102213908,0.12051388888888889
24,0.2,0.7461895833333333,0.014532615924063741,0.19708193191486179,0.20102558918904745,0.0039436572741856635,0.11501388888888889
25,0.2,0.7315545138888889,0.3392392095157487,0.2965772176247625,0.2892384036283139,-0.007338813996448645,0.11588888888888889
26,0.2,0.7143215277777778,0.17101603312898606,0.2658908107107468,0.2635890649470153,-0.002301745763731544,0.11190277777777778
27,0.2,0.7378443287037036,0.17688751415359438,0.30939389094410863,0.30995332675964815,0.0005594358155395218,0.11697222222222223
28,0.2,0.758979861111111,0.014040223827807008,0.20167631081421822,0.19811401065698142,-0.0035623001572367974,0.11918055555555555
29,0.2,0.738358912037037,0.21732084612759228,0.30743143159926545,0.30977305139032507,0.0023416197910596237,0.11822222222222223
30,0.2,0.7335653935185186,0.322241014374994,0.40172723903551655,0.40653987683914883,0.00481263780363228,0.114375
31,0.2,0.7580489583333333,0.3675600716744899,0.42210257986795197,0.42265886077088544,0.0005562809029334703,0.11866666666666667
32,0.2,0.746113888888889,0.16647898972357722,0.26790084339044884,0.27143719900298025,0.0035363556125314055,0.1230138888888889
33,0.2,0.730421064814815,0.10084163926832523,0.2512097704404961,0.25174145279581084,0.0005316823553147554,0.11320833333333333
34,0.2,0.7444636574074073,0.15447089628594524,0.2676808795095955,0.268831596178446,0.001150716668850471,0.11451388888888889
35,0.2,0.7456358796296296,0.20521332824543304,0.3033849861080202,0.30021091427913227,-0.003174071828887959,0.11561111111111111
36,0.2,0.7245809027777778,0.357174085775652,0.3593840046372684,0.36723248027399447,0.007848475636726082,0.108875
37,0.2,0.740013310185185,0.2535968569571788,0.36269584662574916,0.3615151923514833,-0.0011806542742658355,0.11930555555555555
38,0.2,0.7424693287037037,0.2782297184100634,0.2460881668156254,0.2460532330324262,-3.493378319918694e-05,0.117125
39,0.2,0.7370012731481482,0.10916106592393093,0.2041242714318896,0.20454138735648708,0.0004171159245974776,0.11022222222222222
40,0.2,0.7410063657407407,0.2850370566719458,0.29672953423577675,0.2942349239676578,-0.002494610268118924,0.11994444444444445
41,0.2,0.738442361111111,0.4030303068214286,0.4067273916683234,0.4018204939384865,-0.004906897729836879,0.11279166666666667
42,0.2,0.7368820601851853,0.3579178591659875,0.3221390303041539,0.32236996450955147,0.00023093420539754828,0.11268055555555556
43,0.2,0.7415821759259259,0.19144180883099837,0.3285829992334506,0.3386330544159837,0.010050055182533102,0.11519444444444445
44,0.2,0.7422195601851852,0.13433464527761285,0.1358616045919172,0.1324217898474671,-0.003439814744450098,0.11538888888888889
45,0.2,0.7142905092592593,0.27822643651631473,0.20739025106876263,0.2155425652644929,0.00815231419573026,0.11465277777777778
46,0.2,0.7427378472222221,0.3166064802638864,0.38253678889028986,0.3884017093593416,0.005864920469051738,0.12144444444444444
47,0.2,0.7352460648148148,0.2308470059175648,0.2645793701488368,0.270506248663108,0.0059268785142712055,0.11226388888888889
48,0.2,0.7261862268518517,0.31929411852736334,0.3586118666624557,0.3585680332554585,-4.3833406997206836e-05,0.11604166666666667
49,0.2,0.7499667824074073,0.05749751849634821,0.22072260632418406,0.21464926183164734,-0.006073344492536714,0.11666666666666667
50,0.2,0.7638151620370369,0.17271855293061156,0.22685314695516223,0.21422485934801372,-0.012628287607148514,0.11940277777777777
51,0.2,0.7341034722222223,0.08627428836058237,0.23598038862774806,0.22632777326112974,-0.009652615366618322,0.11908333333333333
52,0.2,0.7576880787037036,0.1835004315777452,0.3424349448828652,0.3419705648662319,-0.0004643800166332923,0.11826388888888889
53,0.2,0.7471390046296297,0.16530250503001798,0.3105516226470739,0.32254122023477005,0.011989597587696132,0.11538888888888889
54,0.2,0.7286144675925926,0.07484264176686073,0.3171356781000402,0.31927258475607134,0.002136906656031168,0.11330555555555556
55,0.2,0.7281519675925926,0.3966991421072512,0.42385332163827416,0.4311312703208612,0.007277948682587021,0.11176388888888888
56,0.2,0.7530019675925926,0.13008362057710054,0.21414389706914216,0.23286943327587561,0.01872553620673345,0.11777777777777777
57,0.2,0.7250931712962964,0.2304150924411017,0.25454039627780645,0.2596620062539823,0.005121609976175834,0.11276388888888889
58,0.2,0.7495298611111112,0.19302924907067098,0.23029968933711342,0.2274417921024695,-0.0028578972346439135,0.11326388888888889
59,0.2,0.7296179398148147,0.31410029507016246,0.3930560272156075,0.40359637137204074,0.010540344156433235,0.11523611111111111
60,0.2,0.7513390046296298,0.2934809836800425,0.2953895530610412,0.2865345453976915,-0.008855007663349679,0.11691666666666667
61,0.2,0.7512930555555556,0.1988903176624195,0.25939583121074494,0.24480507794162154,-0.014590753269123402,0.11861111111111111
62,0.2,0.7353062500000002,0.20169640662443167,0.24239766991480205,0.23982300988666727,-0.0025746600281347787,0.11773611111111111
63,0.2,0.7446710648148147,0.2473233851328429,0.29215350551440256,0.2916059490521752,-0.0005475564622273721,0.11361111111111111
64,0.2,0.7430484953703703,0.0663792382161712,0.2258334966205625,0.24772132038569483,0.02188782376513232,0.11641666666666667
65,0.2,0.7295784722222222,0.21281198922733524,0.38155526485929403,0.37607285434020843,-0.005482410519085601,0.11427777777777778
66,0.2,0.740527662037037,0.13122619611335629,0.2949850595859873,0.285795720761717,-0.00918933882427031,0.11981944444444445
67,0.2,0.7469042824074075,0.2631170793031955,0.33016009398981316,0.3265127883457699,-0.0036473056440432527,0.11966666666666667
68,0.2,0.7229229166666666,0.21491038464607093,0.4603633061731416,0.4503331493905889,-0.010030156782552702,0.11113888888888888
69,0.2,0.7483098379629629,0.22804296432903215,0.20353960502040502,0.20299623089408758,-0.0005433741263174419,0.118
70,0.2,0.7453872685185186,0.32289869436183505,0.39886120747920206,0.41006178228286483,0.011200574803662766,0.12019444444444445
71,0.2,0.7489688657407406,0.33773536299208395,0.4331095821893798,0.42482701733071826,-0.008282564858661523,0.12318055555555556
72,0.2,0.7496505787037037,0.43037583089214826,0.3447630017291963,0.3482844164786052,0.0035214147494089243,0.1165
73,0.2,0.7321820601851852,0.24501955127495634,0.3061959024897417,0.30447185155609524,-0.0017240509336464704,0.11180555555555556
74,0.2,0.7526893518518518,0.2803368709242361,0.38409741278834886,0.3883353673768184,0.004237954588469539,0.11794444444444445
75,0.2,0.7592923611111111,0.24293805682517722,0.3172657217402607,0.31403204689890507,-0.003233674841355616,0.11805555555555555
76,0.2,0.7414630787037036,0.29397680792694847,0.3755824732466848,0.37958953964001185,0.004007066393327041,0.11401388888888889
77,0.2,0.7560340277777778,0.38988780296655523,0.3001881723186287,0.30283306289528356,0.002644890576654846,0.12161111111111111
78,0.2,0.7194668981481481,0.22377713824736045,0.3279429016013631,0.32909531285117155,0.0011524112498084715,0.11579166666666667
79,0.2,0.734990625,0.3503044999597885,0.4491902602441795,0.4481065142333118,-0.0010837460108676922,0.11455555555555555
80,0.2,0.7403159722222222,0.10875936708760514,0.246703185348777,0.25204798826086083,0.005344802912083835,0.11672222222222223
81,0.2,0.734111574074074,0.12762203432326225,0.30877685587472226,0.30966638970615734,0.0008895338314350854,0.1106111111111111
82,0.2,0.7322408564814814,0.32810203598983667,0.3483788887251382,0.35439521738337654,0.006016328658238312,0.11093055555555556
83,0.2,0.7287978009259258,0.3170158901085024,0.3859056062095454,0.379384696344203,-0.0065209098653423725,0.11283333333333333
84,0.2,0.7386159722222222,0.3897058160396685,0.4478732037745078,0.4521330521668212,0.0042598483923134145,0.1118611111111111
85,0.2,0.7267711805555556,0.3541708080580349,0.3891520664343333,0.3918235135028809,0.0026714470685476055,0.11290277777777778
86,0.2,0.7444003472222223,0.39468756291037355,0.38534487600418654,0.3841541461491731,-0.0011907298550134504,0.11508333333333333
87,0.2,0.7334991898148148,0.2515684539150319,0.3697021401509678,0.3700716515454302,0.0003695113944623962,0.11505555555555555
88,0.2,0.7482652777777777,0.14852492327088074,0.1911932324045824,0.19433023521632076,0.003137002811738343,0.11409722222222222
89,0.2,0.7371908564814814,0.2929784314367687,0.3323348265694642,0.336064747439763,0.003729920870298775,0.11275
90,0.2,0.7508765046296295,0.34982605721452,0.2799625427730924,0.2921477613498693,0.012185218576776902,0.11654166666666667
91,0.2,0.7438958333333333,0.3424621079515223,0.4249786814982499,0.4125816903728412,-0.012396991125408707,0.11525
92,0.2,0.7583163194444444,0.3013748326735055,0.4164094697253822,0.4200615384585761,0.003652068733193903,0.12047222222222222
93,0.2,0.7102953703703703,0.2613559306752079,0.245116983162455,0.2522618561540514,0.007144872991596385,0.11502777777777778
94,0.2,0.7386396990740742,0.3421876313452361,0.4149600780309314,0.41475923340152054,-0.00020084462941083459,0.11293055555555556
95,0.2,0.7374100694444444,0.3010578703888074,0.3411122763237472,0.3479103165160977,0.00679804019235053,0.11095833333333334
96,0.2,0.7518467592592591,0.22841178212076585,0.2687164651610179,0.2856043309848868,0.01688786582386892,0.11504166666666667
97,0.2,0.7485158564814814,0.24758818969803098,0.1813039883974129,0.1831596608795113,0.0018556724820983916,0.12165277777777778
98,0.2,0.740395949074074,0.3573992098604498,0.3350215702691014,0.33200953019476054,-0.0030120400743408604,0.11459722222222223
99,0.2,0.7464416666666667,0.17963700566771001,0.3641425164556259,0.3478070157886233,-0.016335500667002623,0.11636111111111111
0,0.25,0.7919827546296295,0.19405838372550654,0.15008004617742599,0.1518894307406452,0.0018093845632192185,0.14156944444444444
1,0.25,0.7822445601851852,0.32260567763023906,0.2888052362156027,0.3000967461004532,0.011291509884850504,0.13283333333333333
2,0.25,0.7633332175925925,0.28061513449752873,0.2949656680029934,0.3009077556244367,0.005942087621443326,0.12602777777777777
3,0.25,0.7922780092592593,0.3803103691837363,0.40513587480911906,0.3986555912395773,-0.006480283569541778,0.1313888888888889
4,0.25,0.7775511574074073,0.23314986146714922,0.24673688269489602,0.2433499295702557,-0.003386953124640324,0.13693055555555556
5,0.25,0.772598148148148,0.16381007772108813,0.30431059213068723,0.30989489021091854,0.005584298080231309,0.1291388888888889
6,0.25,0.7976263888888889,0.1666357547141737,0.27224906147909633,0.28337062593578743,0.011121564456691102,0.13394444444444445
7,0.25,0.7972224537037036,0.1498076988856838,0.2265210987143268,0.2371458111026521,0.010624712388325297,0.133875
8,0.25,0.777047337962963,0.26856556924909725,0.322572937099998,0.32476386541937874,0.002190928319380725,0.13872222222222222
9,0.25,0.788711111111111,0.23431964439602027,0.22359175253253993,0.23433937289725526,0.010747620364715327,0.13651388888888888
10,0.25,0.7679449074074074,0.3117154755322158,0.257417473441393,0.24904338983917418,-0.008374083602218807,0.13115277777777778
11,0.25,0.7791997685185185,0.19427723583359602,0.3227871420423327,0.332587828399992,0.009800686357659294,0.13158333333333333
12,0.25,0.7695175925925927,0.32050868003011945,0.4449005321395707,0.44165089958050974,-0.0032496325590609665,0.13325
13,0.25,0.7756043981481482,0.4035207927812914,0.39310180098043446,0.3871577064601529,-0.005944094520281551,0.13468055555555555
14,0.25,0.780082175925926,0.04409903183422981,0.2543389950100209,0.25051695961409004,-0.003822035395930845,0.137375
15,0.25,0.7918070601851852,0.22456838356876052,0.2690368267013321,0.2614749163743991,-0.007561910326932986,0.14004166666666668
16,0.25,0.7892165509259259,0.22580488148760502,0.33069837876660446,0.33481944735294333,0.004121068586338872,0.13195833333333334
17,0.25,0.7834913194444444,0.28543515298082345,0.32365014694657934,0.3181130024796234,-0.005537144466955968,0.13161111111111112
18,0.25,0.7815403935185185,0.07663430802864579,0.27363999996102173,0.2654402055877677,-0.008199794373254021,0.13090277777777778
19,0.25,0.7678597222222222,0.11592920209047797,0.2552976003108973,0.253242247760722,-0.0020553525501753045,0.1302222222222222
20,0.25,0.7857681712962963,0.15186916875590117,0.3447100077828007,0.3198306326190409,-0.02487937516375982,0.1401388888888889
21,0.25,0.7631738425925926,0.40248983581355735,0.39154961065883453,0.3935405381931595,0.001990927534324949,0.12713888888888888
22,0.25,0.7569824074074075,0.3819079696070041,0.4303564227279352,0.419634765933102,-0.010721656794833168,0.12348611111111112
23,0.25,0.7661971064814815,0.18445082015555536,0.34834083337106125,0.3430601861581015,-0.005280647212959733,0.1296388888888889
24,0.25,0.7758910879629629,0.2327144925130794,0.3272744187869553,0.3262973240756717,-0.0009770947112835993,0.1339027777777778
25,0.25,0.7613730324074074,0.21224149020483685,0.2765871041313265,0.2756496092069589,-0.0009374949243675657,0.12705555555555556
26,0.25,0.7753243055555555,0.22270401067257095,0.2640979819300586,0.25628331343984523,-0.007814668490213394,0.12827777777777777
27,0.25,0.7681550925925925,0.17614558169357808,0.16586284711976684,0.1679809668434734,0.0021181197237065685,0.12918055555555555
28,0.25,0.7882961805555556,0.24092347523141933,0.428160634159808,0.42964662615178584,0.001485991991977853,0.13127777777777777
29,0.25,0.763808912037037,0.2027274490484946,0.20371908456374577,0.2202516386611073,0.01653255409736154,0.12254166666666666
30,0.25,0.7760392361111111,0.2919757453770987,0.296913510446673,0.3005676252305346,0.003654114783861573,0.1310138888888889
31,0.25,0.7696728009259259,0.2428883689852347,0.28915725569604533,0.28516374138110334,-0.003993514314941993,0.13145833333333334
32,0.25,0.775592824074074,0.22082565332744264,0.36422852398203276,0.355076793264557,-0.00915173071747577,0.12841666666666668
33,0.25,0.7863813657407407,0.1703831977483744,0.20994147802405405,0.2144718895695873,0.004530411545533242,0.13902777777777778
34,0.25,0.780845138888889,0.25237948446395797,0.23079739260337884,0.21208578069774742,-0.01871161190563142,0.12804166666666666
35,0.25,0.7730402777777777,0.16086950496819985,0.3565868852670959,0.36402752734243193,0.0074406420753360125,0.12625
36,0.25,0.772626273148148,0.2519567341648101,0.27572586153885936,0.27591933227350884,0.00019347073464948128,0.12805555555555556
37,0.25,0.7566842592592593,0.09379564968254528,0.269388861641944,0.2716711871007741,0.0022823254588301145,0.1289861111111111
38,0.25,0.7686819444444445,0.20712725786645114,0.20394673760942728,0.21480308661875125,0.010856349009323973,0.130375
39,0.25,0.798803587962963,0.1816346815132519,0.28328412831947425,0.2798069551547946,-0.003477173164679659,0.13556944444444444
40,0.25,0.7929519675925926,0.1801708054145449,0.33271513200100067,0.3104171861529329,-0.02229794584806777,0.13330555555555557
41,0.25,0.7578109953703702,0.19732319803482,0.24432298994609214,0.24036972266831613,-0.003953267277776007,0.12509722222222222
42,0.25,0.7766371527777777,0.11703539897983106,0.21576337894268172,0.20595917835154454,-0.00980420059113718,0.13243055555555555
43,0.25,0.7693586805555556,0.2707912798816767,0.3095258392381528,0.3155771732771452,0.006051334038992384,0.1305
44,0.25,0.789550925925926,0.30629649449385987,0.34996518706786406,0.35263777204455427,0.0026725849766902066,0.12806944444444446
45,0.25,0.7731980324074074,0.15889400366059048,0.33114902210411234,0.32933987073633975,-0.001809151367772599,0.1336527777777778
46,0.25,0.7674767361111111,0.31698397648366183,0.2770678041166651,0.2775572548018832,0.0004894506852181069,0.12030555555555555
47,0.25,0.7957745370370368,0.13029767229927292,0.32249638123207414,0.3063204589418308,-0.01617592229024334,0.13443055555555555
48,0.25,0.7660351851851851,0.37600075038554237,0.2708650617434083,0.27238579678455177,0.0015207350411434728,0.13020833333333334
49,0.25,0.7612428240740741,0.3671299678443485,0.4318378124809944,0.43654114925575116,0.004703336774756761,0.126
50,0.25,0.7776185185185186,0.18433929901993884,0.24040702493339383,0.23046107634216895,-0.009945948591224885,0.12543055555555555
51,0.25,0.7753868055555554,0.32788260147679815,0.42372524779790643,0.42876592791718626,0.005040680119279828,0.13081944444444443
52,0.25,0.7737681712962963,0.2056444824302055,0.3227159967225566,0.3246286241603772,0.0019126274378206132,0.13133333333333333
53,0.25,0.7885238425925927,0.29621038184055526,0.3054994883277464,0.31081679676085516,0.005317308433108736,0.1327222222222222
54,0.25,0.8091248842592593,0.3118905901072482,0.26505220162086596,0.24995373193770842,-0.015098469683157534,0.1357361111111111
55,0.25,0.753583912037037,0.2098619124557497,0.32684679670917227,0.3464806553363302,0.01963385862715794,0.12194444444444444
56,0.25,0.7460346064814815,0.2337479027413979,0.24347540654563948,0.24208060598176095,-0.0013948005638785288,0.12273611111111112
57,0.25,0.7894155092592593,0.19576918683589373,0.2684918656917318,0.2660104702375715,-0.0024813954541602623,0.13333333333333333
58,0.25,0.7675179398148148,0.3483668877846887,0.3238619051558195,0.3291752683131448,0.005313363157325335,0.1282361111111111
59,0.25,0.7960234953703704,0.24559572972791965,0.3555903160149806,0.35258714483740505,-0.0030031711775755365,0.13552777777777777
60,0.25,0.7854120370370371,0.19753913521328192,0.3320930693461994,0.34392194020208866,0.01182887085588924,0.13259722222222223
61,0.25,0.7660208333333333,0.3059881266177027,0.33987434717570764,0.32621157181381943,-0.013662775361888202,0.12431944444444444
62,0.25,0.7830805555555557,0.39876064150681256,0.44803395296820014,0.44876879177867757,0.0007348388104774228,0.13322222222222221
63,0.25,0.7741803240740741,0.21514806823547417,0.24204726212671823,0.2335401769284119,-0.008507085198306341,0.13551388888888888
64,0.25,0.7980983796296296,0.20330070268817513,0.2527128745936227,0.24438919553008742,-0.008323679063535261,0.134
65,0.25,0.7740097222222223,0.10440539071160382,0.3003798457276218,0.3027257095897178,0.0023458638620960093,0.12727777777777777
66,0.25,0.7642263888888889,0.2232092231487215,0.3773357829592934,0.38302021500401306,0.0056844320447196894,0.1282222222222222
67,0.25,0.7738783564814815,0.26581991403947147,0.3312162925638077,0.33798206824875376,0.006765775684946074,0.12418055555555556
68,0.25,0.7845614583333335,0.27970706840727644,0.34077453246737466,0.33871738808694984,-0.0020571443804248135,0.13181944444444443
69,0.25,0.777994675925926,0.17864563112922227,0.2431179957908386,0.2402567928352699,-0.002861202955568687,0.13058333333333333
70,0.25,0.7742333333333332,0.32433432885947466,0.33685536790049486,0.3329816980284981,-0.0038736698719967766,0.13044444444444445
71,0.25,0.7896875,0.2774413614120125,0.3256800537525939,0.32185842964526334,-0.003821624107330557,0.1329861111111111
72,0.25,0.7678008101851853,0.12202078120205873,0.16120546422821458,0.18273828683533988,0.0215328226071253,0.13059722222222223
73,0.25,0.7588982638888888,0.17374400695031245,0.2950353651611495,0.3004353415030262,0.005399976341876722,0.13408333333333333
74,0.25,0.770745138888889,0.24176711550789165,0.3425640526689675,0.35933937266575433,0.01677531999678683,0.12940277777777778
75,0.25,0.7861751157407407,0.16726558402609804,0.2788100667965209,0.25054674323008874,-0.02826332356643213,0.12979166666666667
76,0.25,0.7830262731481482,0.16667838317647765,0.2916774318622052,0.2905835441185154,-0.001093887743689792,0.12934722222222222
77,0.25,0.7717050925925927,0.06340854801348716,0.12659633009424942,0.1335180030269284,0.006921672932678979,0.12775
78,0.25,0.7787488425925925,0.21949691405100902,0.30193624389928064,0.2976581103325102,-0.004278133566770426,0.13216666666666665
79,0.25,0.7678810185185186,0.428208425368672,0.3223011597227945,0.3341716494840242,0.01187048976122973,0.13322222222222221
80,0.25,0.7630857638888889,0.43712186546441556,0.34155955996776266,0.34024277953734716,-0.0013167804304154984,0.12845833333333334
81,0.25,0.7826083333333335,0.14872257501398045,0.32098041096532814,0.3056613892985205,-0.015319021666807653,0.13618055555555555
82,0.25,0.7827966435185184,0.2844072914041965,0.2751381150775697,0.2705477553799722,-0.004590359697597468,0.1332361111111111
83,0.25,0.7756434027777779,0.23221780079047627,0.32775826254577034,0.328287239026713,0.0005289764809426334,0.13043055555555555
84,0.25,0.7697993055555555,0.13271436527461256,0.30254034751909087,0.3002969195175269,-0.002243428001563963,0.12791666666666668
85,0.25,0.7778642361111111,0.2913658240610021,0.2788805356539479,0.295209349810571,0.016328814156623128,0.12655555555555556
86,0.25,0.7708832175925925,0.3847721276386662,0.4086395981170373,0.4065298759202475,-0.0021097221967898427,0.13258333333333333
87,0.25,0.7666113425925926,0.3719706540102362,0.3757982725905581,0.37751193809227246,0.0017136655017143676,0.1299861111111111
88,0.25,0.7955003472222222,0.38576475604836213,0.4419381117007577,0.454395841782973,0.01245773008221529,0.13295833333333335
89,0.25,0.7811163194444445,0.3496078662581368,0.3505723570534054,0.34177219247814683,-0.008800164575258562,0.12969444444444445
90,0.25,0.7911359953703704,0.21021833599490303,0.2571853921247722,0.24647050209417765,-0.01071489003059456,0.1262361111111111
91,0.25,0.7837452546296296,0.12516412701768276,0.2931250484656064,0.295662741694491,0.002537693228884641,0.13130555555555556
92,0.25,0.7859138888888889,0.22653612026585745,0.28233859074308965,0.2679252368714241,-0.014413353871665535,0.12920833333333334
93,0.25,0.770241087962963,0.30921685791245757,0.3050168358651848,0.3288240970897037,0.023807261224518927,0.13158333333333333
94,0.25,0.7662212962962963,0.23088662617612032,0.33801263086428446,0.3332083958403854,-0.0048042350238990394,0.13206944444444443
95,0.25,0.8077931712962965,0.06792598366363989,0.25144336941485423,0.26377358503179527,0.012330215616941032,0.1398611111111111
96,0.25,0.7711084490740739,0.2166910038412091,0.2729288982501664,0.26492189219418705,-0.008007006055979371,0.13366666666666666
97,0.25,0.8081362268518518,0.262587240843446,0.35646919578908653,0.3664563563962687,0.009987160607182188,0.14098611111111112
98,0.25,0.7644447916666666,0.303216023740727,0.2557692343726353,0.28266113189576525,0.026891897523129926,0.12886111111111112
99,0.25,0.7847796296296297,0.26010795502929673,0.3294864539274346,0.3354696888068436,0.005983234879408994,0.1327222222222222
0,0.3,0.8220966435185186,0.3271572420428497,0.33898728446485415,0.3357267552695946,-0.0032605291952595428,0.15477777777777776
1,0.3,0.8167700231481483,0.18860034003783122,0.2890901574668385,0.27571194321162273,-0.013378214255215792,0.15166666666666667
2,0.3,0.8047175925925926,-0.02239799577031576,0.15409810150545555,0.14854774332392706,-0.005550358181528492,0.14220833333333333
3,0.3,0.8134958333333334,0.053342620663142215,0.23829816025843276,0.2467030844302036,0.008404924171770856,0.151
4,0.3,0.819646412037037,0.27553953150759514,0.3098520224004139,0.3068776822434569,-0.002974340156956967,0.14975
5,0.3,0.797432175925926,0.1290593552784739,0.21098680958536709,0.18724043452152128,-0.023746375063845804,0.14352777777777778
6,0.3,0.8156302083333333,0.2761645294112437,0.22058336290255898,0.2375728908249748,0.016989527922415815,0.151125
7,0.3,0.8053244212962963,0.17376380437359917,0.3584399033136353,0.3530181270191076,-0.005421776294527669,0.14830555555555555
8,0.3,0.8088291666666668,0.237515952445858,0.28087422305596854,0.28494118029585314,0.004066957239884594,0.14268055555555556
9,0.3,0.8136969907407408,0.393678568076565,0.432257111097028,0.4158034781929868,-0.016453632904041227,0.14968055555555557
10,0.3,0.8272267361111112,0.14557778931488163,0.27638063485144704,0.262992314501299,-0.01338832035014803,0.14970833333333333
11,0.3,0.8228851851851852,0.20102653419516103,0.1673145763897378,0.16152210199965877,-0.0057924743900790165,0.15508333333333332
12,0.3,0.8010666666666667,0.15316059297467155,0.2678859172197384,0.2628020399711395,-0.005083877248598934,0.14258333333333334
13,0.3,0.8107989583333334,0.2719653814617753,0.27943278359297885,0.26864168395969457,-0.010791099633284285,0.14593055555555556
14,0.3,0.8091831018518518,0.31668139480136437,0.33505686386790745,0.32736338507888385,-0.0076934787890236,0.15019444444444444
15,0.3,0.8044861111111111,0.27072129911133824,0.407755164123738,0.4251529803628801,0.01739781623914205,0.1463472222222222
16,0.3,0.8130741898148148,0.1880843084221272,0.20946265732326552,0.20606140880097723,-0.0034012485222882916,0.14433333333333334
17,0.3,0.800672337962963,0.2935985900156711,0.28513362207774573,0.2811230790980578,-0.004010542979687948,0.14376388888888889
18,0.3,0.7965465277777777,0.24360206215557156,0.3079015297714355,0.3039506660017318,-0.003950863769703661,0.14494444444444443
19,0.3,0.8239586805555555,0.39368843975263645,0.4662934447963438,0.4641306270458274,-0.0021628177505164103,0.15120833333333333
20,0.3,0.815752199074074,0.17062047859559237,0.22190460662275768,0.21145099423151703,-0.010453612391240652,0.15243055555555557
21,0.3,0.8179093750000002,0.19925506277453564,0.3284276300133192,0.3353411484652723,0.0069135184519530934,0.1451111111111111
22,0.3,0.7986922453703703,0.318784130406641,0.34384089046295063,0.3465794088923191,0.002738518429368453,0.1512638888888889
23,0.3,0.7895524305555556,0.302077841020435,0.3452348964338212,0.3487960690513323,0.003561172617511099,0.14154166666666668
24,0.3,0.7936168981481481,0.17840731629964734,0.2526182224377077,0.2391480527090588,-0.013470169728648895,0.14620833333333333
25,0.3,0.8119090277777778,0.3024538387488428,0.3124038537143893,0.330681145590463,0.018277291876073742,0.14527777777777778
26,0.3,0.81216875,0.41664073638409893,0.39816660590566644,0.4032979742283269,0.005131368322660479,0.15525
27,0.3,0.8075373842592594,0.21352960580412206,0.3037763629651943,0.2865825279758928,-0.017193834989301493,0.1431111111111111
28,0.3,0.8222317129629629,0.19104680821162423,0.3807828756929631,0.3796510732522649,-0.0011318024406982152,0.15391666666666667
29,0.3,0.8156008101851852,0.31707937508005335,0.3796227683579628,0.4028133880938938,0.02319061973593095,0.13893055555555556
30,0.3,0.8269565972222223,0.20433061398925334,0.3315459631908214,0.3288357509558375,-0.002710212234983911,0.14618055555555556
31,0.3,0.8122057870370369,0.1812551241678747,0.16243137976848998,0.15745084460486902,-0.004980535163620958,0.14970833333333333
32,0.3,0.7922775462962962,0.19223861223019723,0.2806751901220661,0.2663508167230306,-0.014324373399035473,0.14430555555555555
33,0.3,0.8092363425925925,0.10656666884193056,0.33404918801498773,0.34285548117283227,0.008806293157844536,0.1524861111111111
34,0.3,0.8195652777777779,0.2825190298097304,0.39496851188902604,0.3897985439214928,-0.005169967967533218,0.1485
35,0.3,0.8237002314814815,0.21471685608960267,0.3179679174740214,0.32051768058456886,0.0025497631105474428,0.14863888888888888
36,0.3,0.8105026620370369,0.37442351162391296,0.3937489614346713,0.39955851569610923,0.005809554261437921,0.14591666666666667
37,0.3,0.8059368055555556,0.4831258683293783,0.47574897141267414,0.480457020361581,0.004708048948906862,0.1493611111111111
38,0.3,0.8263349537037037,0.3243652253575595,0.3684214119270586,0.3788715516936496,0.010450139766591038,0.15265277777777778
39,0.3,0.8036244212962963,0.20461697362337206,0.22429711229181348,0.21884248253046368,-0.005454629761349805,0.14227777777777778
40,0.3,0.8095880787037036,0.30479916895378134,0.3901294395674342,0.3898524475939995,-0.0002769919734346704,0.14466666666666667
41,0.3,0.8154395833333333,0.3304401817035031,0.36521380820703475,0.3500400536834085,-0.015173754523626237,0.143875
42,0.3,0.8137503472222222,0.3537857568678515,0.3142266862877895,0.3219223720159121,0.007695685728122625,0.149875
43,0.3,0.7974197916666665,0.3329301852308414,0.32229305239079664,0.3195622743596218,-0.0027307780311748298,0.1465
44,0.3,0.8002902777777777,0.31870035622083026,0.3251338443000865,0.31441578707057105,-0.010718057229515465,0.14330555555555555
45,0.3,0.813139236111111,0.41672414573922734,0.3956792829755553,0.40483968635298406,0.009160403377428739,0.14647222222222223
46,0.3,0.8217511574074075,0.08042765397552831,0.2363843664705081,0.22316269618410745,-0.013221670286400644,0.14844444444444443
47,0.3,0.8127604166666668,0.30620485324788294,0.33828972915415834,0.3340100098434017,-0.004279719310756658,0.15008333333333335
48,0.3,0.8228126157407406,0.07886621724218734,0.18247126736641006,0.1821045970632459,-0.0003666703031641738,0.14393055555555556
49,0.3,0.8048184027777777,0.31292593641026145,0.3398662520142425,0.33070335897278413,-0.009162893041458342,0.1466388888888889
50,0.3,0.8202368055555556,0.20321663490607667,0.24531755983005088,0.23349177875360616,-0.011825781076444719,0.14908333333333335
51,0.3,0.8161957175925926,0.3765377646807221,0.36007472912542104,0.36336141969526703,0.0032866905698459847,0.1460972222222222
52,0.3,0.8188909722222224,0.3277160654187058,0.3151220159154775,0.3002837689013228,-0.014838247014154704,0.14506944444444445
53,0.3,0.8050778935185186,0.3418415368104162,0.3243616473665911,0.32893586945450326,0.004574222087912139,0.14165277777777777
54,0.3,0.7828112268518518,0.15729249062188821,0.11794895950795414,0.12074425418919621,0.0027952946812420665,0.13772222222222222
55,0.3,0.8013170138888889,0.28745523578417864,0.23555213462621516,0.25496710063026884,0.01941496600405368,0.14543055555555556
56,0.3,0.8293557870370369,0.16702813352020784,0.23157493252909167,0.2405676792153274,0.00899274668623573,0.15045833333333333
57,0.3,0.7927982638888889,0.3317166908871413,0.34564427241001683,0.3488777342903182,0.0032334618803013804,0.145875
58,0.3,0.7943178240740741,0.3076919945660691,0.3885524133674979,0.38172915204970104,-0.006823261317796869,0.14618055555555556
59,0.3,0.8147863425925926,0.5182680056289981,0.4894351146471616,0.49265370433205347,0.0032185896848918594,0.15166666666666667
60,0.3,0.7865265046296296,0.33611220022278265,0.34274756276716434,0.34478296470806935,0.002035401940905013,0.13898611111111112
61,0.3,0.8042592592592593,0.2989697168118305,0.32327393340597876,0.3296006066340801,0.0063266732281013205,0.14863888888888888
62,0.3,0.8050221064814814,0.3135973985167332,0.343904311797671,0.35658913039078777,0.012684818593116765,0.14402777777777778
63,0.3,0.8123730324074073,0.19701871052828823,0.3131038736780606,0.302993787090036,-0.010110086588024592,0.1510138888888889
64,0.3,0.8236500000000001,0.31687411612850125,0.40807621470334743,0.4165109528163431,0.008434738112995666,0.15443055555555554
65,0.3,0.8233474537037037,0.1644204053552366,0.2290837490632437,0.22726603124776745,-0.0018177178154762386,0.15330555555555556
66,0.3,0.7955979166666668,0.34289457809255264,0.32108999925561277,0.31579098629903135,-0.005299012956581417,0.13995833333333332
67,0.3,0.800241550925926,0.1973085408679346,0.28010296706966575,0.28350173503309883,0.0033987679634330803,0.14602777777777778
68,0.3,0.801634375,0.2679950728709314,0.30296137666422995,0.3054782543153497,0.002516877651119742,0.14690277777777777
69,0.3,0.8317907407407407,0.2117923433908806,0.27681926964351766,0.2879389188096665,0.011119649166148826,0.14733333333333334
70,0.3,0.7962688657407408,0.35413775191308594,0.2644749130360099,0.24000063035652064,-0.024474282679489257,0.13877777777777778
71,0.3,0.818128125,0.24265503893850981,0.2964209607397754,0.286864241629847,-0.009556719109928391,0.14455555555555555
72,0.3,0.7855556712962963,0.1815739830823636,0.35292343776565605,0.35255518144740217,-0.00036825631825387894,0.145125
73,0.3,0.7977255787037038,0.3502205334054609,0.3728731619740697,0.36951036925461833,-0.0033627927194513907,0.13958333333333334
74,0.3,0.8190962962962963,0.2603716064699729,0.3116986372864624,0.30964768870996395,-0.002050948576498457,0.1480972222222222
75,0.3,0.7963857638888889,0.2081011145766728,0.3089993624260444,0.30125607671639754,-0.0077432857096468855,0.14131944444444444
76,0.3,0.8285291666666666,0.20061414342409267,0.22582691256685583,0.22828704344003548,0.0024601308731796445,0.14855555555555555
77,0.3,0.8102331018518519,0.28846792161723755,0.3423080661277197,0.3421777140238368,-0.00013035210388290253,0.1497638888888889
78,0.3,0.7851960648148149,0.231480230960469,0.3243397923051057,0.33292670087835985,0.00858690857325417,0.14104166666666668
79,0.3,0.799284375,0.3998764734896241,0.416231925270239,0.4122746327535508,-0.003957292516688193,0.14301388888888888
80,0.3,0.8314798611111112,0.1431974726076597,0.22408693804340873,0.23388035828769993,0.009793420244291196,0.15422222222222223
81,0.3,0.802946412037037,0.14473230608006704,0.29859829576466024,0.3038436018422479,0.005245306077587664,0.14859722222222221
82,0.3,0.8033121527777777,0.06484266820804496,0.12133823496704932,0.11666840346043761,-0.00466983150661171,0.14225
83,0.3,0.8079495370370372,0.3622756515777007,0.41436484304185417,0.4120205411968504,-0.0023443018450037822,0.14808333333333334
84,0.3,0.8124791666666668,0.18884341593751397,0.178756010141367,0.18191904464981734,0.0031630345084503464,0.14093055555555556
85,0.3,0.8129233796296296,0.19725674831879192,0.26555109010260314,0.2508156553177354,-0.014735434784867718,0.14645833333333333
86,0.3,0.8019574074074073,0.20702771898220307,0.24335126460350154,0.22833608318000376,-0.015015181423497781,0.145125
87,0.3,0.8325818287037038,0.39163649128719735,0.4177028044980964,0.4056221067000808,-0.012080697798015572,0.15668055555555555
88,0.3,0.8114262731481482,0.34407220316287823,0.3987236066792851,0.39494457483454537,-0.003779031844739711,0.14405555555555555
89,0.3,0.7992417824074073,0.40428031713505785,0.41053390975918136,0.3986759253820843,-0.011857984377097064,0.14405555555555555
90,0.3,0.7943769675925926,0.17905266041003898,0.22225218863354002,0.21327350486986807,-0.008978683763671946,0.13669444444444445
91,0.3,0.8129402777777779,0.16030912113323648,0.3074895636495507,0.31177558237298364,0.004286018723432927,0.14180555555555555
92,0.3,0.8261504629629629,0.18681218148210654,0.30449322049963,0.3023072911755158,-0.002185929324114211,0.15368055555555554
93,0.3,0.8001552083333333,0.1869061367827639,0.26734050313241864,0.27187102405075425,0.004530520918335612,0.1463611111111111
94,0.3,0.8055708333333333,0.09681646356572515,0.19799369542340528,0.20236702603982581,0.004373330616420534,0.14931944444444445
95,0.3,0.7849238425925925,0.16667307220171912,0.22127282974560436,0.22374811410629725,0.0024752843606928865,0.141375
96,0.3,0.8015844907407407,0.2526883590130041,0.3160389396802705,0.31246143637750534,-0.0035775033027651837,0.1453472222222222
97,0.3,0.8276163194444446,0.14054701320667684,0.2926695771458572,0.28197050486746134,-0.010699072278395838,0.14909722222222221
98,0.3,0.8121971064814816,0.23094404511308764,0.2719750410559283,0.2740568838128541,0.0020818427569258002,0.1453611111111111
99,0.3,0.8153966435185186,0.42959293253631925,0.45775136526684,0.4666910558766022,0.008939690609762185,0.14854166666666666
0,0.35,0.8413482638888888,0.24354480028476577,0.22659218782945167,0.20465836589837816,-0.021933821931073516,0.1605
1,0.35,0.835104050925926,0.1543858432506573,0.24211088827119853,0.22804271653869324,-0.014068171732505297,0.16709722222222223
2,0.35,0.8449876157407408,0.331271915566143,0.3487949130794633,0.3410426124024498,-0.007752300677013491,0.16054166666666667
3,0.35,0.8508299768518519,0.3857458467589471,0.3446500414853132,0.3589431289907753,0.014293087505462099,0.15990277777777778
4,0.35,0.8324422453703703,0.1376213094247698,0.19757755959339318,0.19891890596968675,0.001341346376293573,0.158
5,0.35,0.8423972222222224,0.1806000101273031,0.2722388437959993,0.2532426485927475,-0.018996195203251798,0.16601388888888888
6,0.35,0.8312116898148147,0.2250115536335341,0.26159958271102535,0.2770107906747762,0.01541120796375084,0.16430555555555557
7,0.35,0.8474499999999999,0.3969589092255532,0.30686386201756133,0.3136781272684077,0.006814265250846385,0.17070833333333332
8,0.35,0.8330994212962963,0.330060631963663,0.3551483701900453,0.3498563905216112,-0.005291979668434088,0.16652777777777777
9,0.35,0.830755324074074,0.20195987449377406,0.3285466721090293,0.3179588450094729,-0.010587827099556413,0.1582638888888889
10,0.35,0.842807638888889,0.23636450986113433,0.2885527578260384,0.2677517786113589,-0.020800979214679494,0.16758333333333333
11,0.35,0.8503228009259258,0.2789958720569432,0.24085246462005983,0.2424518903336167,0.001599425713556868,0.16898611111111111
12,0.35,0.8264903935185185,0.13487730730930647,0.09077350178941679,0.09280545934956164,0.002031957560144848,0.15633333333333332
13,0.35,0.8411960648148149,0.16824743872557257,0.2032994394775699,0.18993690792992446,-0.01336253154764544,0.16044444444444445
14,0.35,0.8445696759259259,0.10112882507600096,0.25662857116206816,0.2647220731996569,0.00809350203758874,0.1605138888888889
15,0.35,0.8326760416666666,0.17658474964813897,0.2486186352045413,0.24529957579022377,-0.003319059414317538,0.15170833333333333
16,0.35,0.8382464120370371,0.137985496024858,0.2781687412481193,0.29491807451168317,0.01674933326356387,0.1549861111111111
17,0.35,0.8343452546296296,0.3520920501316288,0.3645356638238296,0.35421366162769086,-0.010322002196138769,0.16375
18,0.35,0.8491642361111111,0.2521679008178239,0.30659584667334483,0.29439713430708325,-0.012198712366261577,0.16131944444444443
19,0.35,0.8378954861111111,0.23008852941688884,0.26241558715333335,0.2650958232941375,0.0026802361408041486,0.15938888888888889
20,0.35,0.834632175925926,0.272297087803983,0.24024159597431916,0.2140106875504969,-0.026230908423822252,0.16261111111111112
21,0.35,0.8441311342592592,0.19519372427910398,0.21088109315593362,0.20164340512730605,-0.009237688028627566,0.159375
22,0.35,0.8493407407407408,0.430299501440363,0.36572160336481496,0.3712632283776053,0.005541625012790319,0.1701388888888889
23,0.35,0.8381603009259259,0.17010651033941027,0.31534848091471057,0.3199858630953647,0.004637382180654126,0.16809722222222223
24,0.35,0.8424405092592592,0.23352789375947547,0.2926026776300713,0.28139141549505486,-0.011211262135016442,0.168375
25,0.35,0.8382311342592592,0.14811010327269225,0.32231905040739073,0.31480843545635406,-0.007510614951036665,0.1629861111111111
26,0.35,0.8344011574074074,0.21108854437158064,0.30929057224147083,0.3074549505836759,-0.0018356216577949391,0.16180555555555556
27,0.35,0.8490268518518517,0.19957794400762774,0.3709762944472782,0.3746994947285136,0.003723200281235406,0.1638888888888889
28,0.35,0.8167784722222223,0.23779335754503672,0.18731093530819654,0.19172847529402848,0.004417539985831942,0.15379166666666666
29,0.35,0.8668960648148148,0.3596995875412299,0.37021160937068376,0.3673046419851167,-0.002906967385567061,0.17144444444444445
30,0.35,0.8428376157407408,0.24841155916019309,0.36532409624896145,0.37284895723676326,0.007524860987801807,0.1668611111111111
31,0.35,0.8411340277777777,0.17176851688816763,0.22000022236248273,0.21431530863968662,-0.005684913722796114,0.16159722222222223
32,0.35,0.8415364583333332,0.2950008738929625,0.27459542519023583,0.2770175507507616,0.0024221255605257896,0.16676388888888888
33,0.35,0.8275769675925927,0.33507855544363985,0.3182618755195231,0.30180147044186767,-0.01646040507765545,0.15993055555555555
34,0.35,0.8598172453703704,0.26311127842205206,0.27440640262474636,0.268161935822979,-0.006244466801767379,0.16977777777777778
35,0.35,0.8454578703703705,0.03860311183022047,0.24670465759209947,0.23927095229887607,-0.007433705293223403,0.16376388888888888
36,0.35,0.8474092592592593,0.36935644128280676,0.3599764027805571,0.3737646818004594,0.013788279019902316,0.17083333333333334
37,0.35,0.8605405092592592,0.43820471408544814,0.35249094664143577,0.340984368841461,-0.011506577799974771,0.17201388888888888
38,0.35,0.8528153935185184,0.3617678986240167,0.3167214568497305,0.31731935172133807,0.0005978948716075516,0.16108333333333333
39,0.35,0.835169675925926,0.2338563458149293,0.3669095375739444,0.3553051108321814,-0.011604426741762985,0.17202777777777778
40,0.35,0.833583912037037,0.18624253742529473,0.3279535658411964,0.32665513831950344,-0.0012984275216929575,0.16281944444444443
41,0.35,0.8521098379629629,0.003255045488024577,0.2594126980322229,0.26911581197578327,0.009703113943560382,0.17427777777777778
42,0.35,0.8520060185185185,0.28291298736671244,0.2902293568793006,0.2861498944623114,-0.004079462416989199,0.16872222222222222
43,0.35,0.8277466435185185,0.21554542286131884,0.34542215316003755,0.3471541135224654,0.0017319603624278423,0.163
44,0.35,0.8596822916666668,0.23386163502600676,0.32890431187079916,0.3018209692973717,-0.027083342573427482,0.16620833333333335
45,0.35,0.8554712962962964,0.2928481740951363,0.2947934412308859,0.2965569071711396,0.0017634659402536723,0.16781944444444444
46,0.35,0.8416343749999999,0.22024099181141432,0.18825562821313102,0.183677930046519,-0.004577698166612021,0.1614861111111111
47,0.35,0.8534841435185184,0.16625529009763307,0.21497951245828828,0.21974735393907607,0.004767841480787793,0.16506944444444444
48,0.35,0.8468664351851852,0.22810688923989908,0.26926039620919573,0.27103784650274987,0.0017774502935541392,0.16898611111111111
49,0.35,0.8486587962962963,0.2370330279426377,0.25684549012711955,0.25539765729591835,-0.0014478328312012012,0.16554166666666667
50,0.35,0.8476278935185185,0.29896313329874824,0.29034295582132386,0.28001072669120386,-0.010332229130119996,0.17431944444444444
51,0.35,0.834196412037037,0.2859612153580422,0.3685608521084991,0.3788552462203659,0.010294394111866834,0.1643888888888889
52,0.35,0.8509826388888889,0.09251032361780254,0.2240052499928633,0.21647808291760273,-0.007527167075260577,0.17043055555555556
53,0.35,0.8280731481481481,0.1259174815129973,0.16214904732288127,0.17447930090028763,0.012330253577406358,0.16422222222222221
54,0.35,0.8399348379629629,0.3354929224020936,0.31582456718965846,0.3105427226780536,-0.00528184451160485,0.1632222222222222
55,0.35,0.8326714120370372,0.052403055449284586,0.28379417900692705,0.26730065570821104,-0.016493523298716006,0.16140277777777778
56,0.35,0.8368475694444445,0.24022306438795482,0.23461848382846173,0.2303331138773138,-0.0042853699511479215,0.16569444444444445
57,0.35,0.8464351851851851,0.048755684330968996,0.1435004427027342,0.1655313418509079,0.022030899148173688,0.16190277777777778
58,0.35,0.8462408564814815,0.29191500385921465,0.31979382695522507,0.32266254000485173,0.002868713049626659,0.16086111111111112
59,0.35,0.8469993055555555,0.2539084096723,0.28989290443809557,0.28057436658557167,-0.0093185378525239,0.16502777777777777
60,0.35,0.8386146990740743,0.2399889846255735,0.3049568464676591,0.29405760156213623,-0.010899244905522854,0.1639861111111111
61,0.35,0.8581877314814815,0.30911174014428344,0.31699125945711015,0.3189793716960594,0.0019881122389492356,0.175625
62,0.35,0.8747787037037037,0.09552821194858863,0.1713825702246392,0.15606583500889215,-0.015316735215747057,0.16541666666666666
63,0.35,0.843465625,0.13630662669476235,0.22902494135927742,0.20847447296775234,-0.02055046839152508,0.15961111111111112
64,0.35,0.8324149305555556,0.2420204070079408,0.3187805107100311,0.3062295987680361,-0.01255091194199498,0.15813888888888888
65,0.35,0.8412432870370371,0.12193270553399582,0.18664452257611597,0.21780208317671634,0.031157560600600376,0.17034722222222223
66,0.35,0.8461035879629629,0.3265232283115044,0.28216820933022113,0.2723318245310141,-0.00983638479920701,0.16933333333333334
67,0.35,0.8374663194444444,0.14911536499609024,0.24331522336407818,0.254328702541173,0.011013479177094831,0.157625
68,0.35,0.8228743055555556,0.15902172687452865,0.22546989245183735,0.22377541873301088,-0.0016944737188264725,0.16
69,0.35,0.8427954861111111,0.16856370020200306,0.25685180799590257,0.23976809670506938,-0.017083711290833192,0.16236111111111112
70,0.35,0.8638350694444444,0.28371074961226783,0.31699293206335477,0.30867048648702544,-0.00832244557632933,0.17106944444444444
71,0.35,0.8460467592592593,0.14391443744198984,0.2578935204461774,0.2602717237019492,0.0023782032557717603,0.16658333333333333
72,0.35,0.8414833333333332,0.4026518202335998,0.3811993860737156,0.39014039116459676,0.008941005090881138,0.16375
73,0.35,0.8606400462962963,0.21289652818834837,0.31302202855366157,0.2984731132881163,-0.014548915265545248,0.16631944444444444
74,0.35,0.8301702546296296,0.17332809629896018,0.2711203274485098,0.2641331978304903,-0.006987129618019505,0.1595138888888889
75,0.35,0.8400390046296295,0.27266462860110185,0.34195898130504665,0.3406008581615574,-0.0013581231434892649,0.16483333333333333
76,0.35,0.8559828703703705,0.21525559211603262,0.3147881970224867,0.32558058038162696,0.010792383359140234,0.16629166666666667
77,0.35,0.8536006944444444,0.2123122844068278,0.25109751265029623,0.2588218498017365,0.007724337151440275,0.17069444444444445
78,0.35,0.8477381944444445,0.25422414496097745,0.3736587983798142,0.3530769920274087,-0.020581806352405474,0.16702777777777778
79,0.35,0.8366021990740741,0.18345901653545404,0.2936753306468435,0.2638154236795104,-0.029859906967333094,0.15604166666666666
80,0.35,0.8446174768518518,0.2980621454572129,0.2527439886529629,0.2611413161756152,0.00839732752265232,0.16931944444444444
81,0.35,0.8352871527777778,0.1587193711200141,0.2641871890957216,0.2789190410407415,0.014731851945019914,0.16406944444444443
82,0.35,0.851868287037037,0.3136214704631889,0.37815255209542464,0.37094237852881295,-0.007210173566611688,0.16793055555555556
83,0.35,0.8512204861111111,0.25189824829589114,0.2759534673693247,0.28306572259544494,0.007112255226120245,0.17268055555555556
84,0.35,0.8457414351851851,0.4255449789625463,0.44010697464392423,0.4385937417176511,-0.0015132329262731448,0.16369444444444445
85,0.35,0.8553885416666667,0.27771279704761453,0.3187799340630597,0.30954763977660693,-0.00923229428645278,0.168875
86,0.35,0.8296293981481483,0.23266084544880794,0.3181748018584327,0.31655358460719774,-0.0016212172512349854,0.15713888888888888
87,0.35,0.8408576388888888,0.04062917202934013,0.13024311748183048,0.1332168246981953,0.002973707216364807,0.15608333333333332
88,0.35,0.8467833333333333,0.39897504474424683,0.43988892571685634,0.44031466106405226,0.0004257353471959213,0.15894444444444444
89,0.35,0.8316293981481482,0.25546978038852797,0.3454041385815283,0.3303170043172874,-0.015087134264240909,0.16233333333333333
90,0.35,0.846048263888889,0.3114753569224652,0.28447030604410417,0.2829235477948794,-0.0015467582492247889,0.15990277777777778
91,0.35,0.864477662037037,0.16060389504403283,0.21705037824884688,0.20201851353588596,-0.015031864712960918,0.1721111111111111
92,0.35,0.8344145833333334,0.3669713718637455,0.3211272301195506,0.33215080196328284,0.01102357184373226,0.154125
93,0.35,0.8311685185185186,0.16857630641163235,0.4497583089389977,0.46285048970733766,0.013092180768339956,0.14919444444444444
94,0.35,0.8582484953703703,0.2236478718812639,0.3560583504245822,0.3491020691931116,-0.006956281231470629,0.16947222222222222
95,0.35,0.8223567129629629,0.18763641351214533,0.25484089446982583,0.24385508996736283,-0.010985804502463004,0.15719444444444444
96,0.35,0.8441173611111111,0.2755061893982532,0.38296950936155605,0.37922228520491197,-0.00374722415664408,0.15925
97,0.35,0.8430944444444445,0.3430350230015393,0.29869125059571267,0.31607175862248804,0.017380508026775376,0.160125
98,0.35,0.8274478009259258,0.3052594103541012,0.3270091977513979,0.339176721221894,0.0121675234704961,0.15722222222222224
99,0.35,0.8285792824074075,0.10033709422051806,0.2511885396943525,0.24133092378201293,-0.009857615912339579,0.15716666666666668
0,0.4,0.8842400462962963,0.19281279598623124,0.3038622846969473,0.28687382858420296,-0.016988456112744355,0.19443055555555555
1,0.4,0.8427782407407408,0.4118500322515263,0.3850516755398775,0.38775059333326023,0.0026989177933827158,0.17502777777777778
2,0.4,0.8671101851851851,0.31366534083776376,0.3375417986164604,0.3328770759619192,-0.004664722654541209,0.1763611111111111
3,0.4,0.8594744212962963,0.1645686457063008,0.20677251738250857,0.2031734715649961,-0.0035990458175124695,0.17551388888888889
4,0.4,0.8533667824074075,0.16680897873587563,0.21773836856480921,0.20775110269154173,-0.009987265873267481,0.17131944444444444
5,0.4,0.8829071759259258,0.23153140333591293,0.39583112466886583,0.38697601147877114,-0.008855113190094688,0.1834861111111111
6,0.4,0.8687643518518519,0.06275415702564113,0.1962356724059292,0.18082657069894348,-0.015409101706985728,0.18902777777777777
7,0.4,0.8551538194444444,0.3068508271077479,0.3553852775922961,0.34545792657476315,-0.009927351017532948,0.17995833333333333
8,0.4,0.861989699074074,0.32259226590506695,0.3611999021660245,0.35935498939723987,-0.0018449127687846234,0.17056944444444444
9,0.4,0.8815657407407408,0.202592579218427,0.3107268126073133,0.29626677700141835,-0.014460035605894928,0.18468055555555554
10,0.4,0.8711113425925926,0.3947544233428535,0.3638745050961759,0.3707370488369901,0.0068625437408141865,0.17516666666666666
11,0.4,0.8437659722222223,0.3202054614400279,0.30609108434347587,0.3091991995584594,0.0031081152149835534,0.17070833333333332
12,0.4,0.863724074074074,0.2003121205945142,0.3121394974716457,0.31156519487763146,-0.0005743025940142532,0.17304166666666668
13,0.4,0.8783939814814814,0.14674540998536723,0.29009014963620805,0.3078465137941073,0.017756364157899274,0.1847638888888889
14,0.4,0.854712037037037,0.08632137698944398,0.28206302167661,0.28596255791984615,0.0038995362432361347,0.17904166666666665
15,0.4,0.8713681712962963,0.17643046547727226,0.2314917738065181,0.229319033852051,-0.0021727399544670956,0.176375
16,0.4,0.8854996527777779,0.3056634883436289,0.2504757661571174,0.25028077142878535,-0.00019499472833206521,0.19275
17,0.4,0.8790121527777778,0.09289844722600027,0.0820842487004042,0.06560302253287342,-0.016481226167530783,0.17958333333333334
18,0.4,0.8585957175925926,0.1712585856810157,0.1905457944543516,0.16787902804408084,-0.022666766410270767,0.1725
19,0.4,0.8599729166666666,0.15288087983472853,0.2850747867159281,0.29607423044088577,0.010999443724957647,0.17573611111111112
20,0.4,0.8682140046296297,0.3037608525518606,0.2565563965680169,0.25994200771385656,0.0033856111458396843,0.17745833333333333
21,0.4,0.8776635416666667,0.11896706007422753,0.29895486922324666,0.28950009026004875,-0.009454778963197907,0.18927777777777777
22,0.4,0.8531960648148148,0.2942228784771901,0.3626089655526161,0.35089232094628575,-0.011716644606330373,0.17583333333333334
23,0.4,0.8555331018518518,0.21155664198960067,0.25649962883518795,0.2708106921699397,0.014311063334751739,0.17176388888888888
24,0.4,0.8704810185185186,0.2706298198700713,0.422313296853536,0.44316564363260125,0.020852346779065223,0.18547222222222223
25,0.4,0.8624484953703703,0.35343593352652725,0.283292543068148,0.2807867795254235,-0.0025057635427244707,0.17948611111111112
26,0.4,0.8714361111111111,0.19887835687036914,0.2851840063129053,0.27321378104547667,-0.011970225267428636,0.18147222222222223
27,0.4,0.8736137731481483,0.1708566209627277,0.18460506100043972,0.16964901515670172,-0.014956045843737997,0.1783888888888889
28,0.4,0.869891087962963,0.17601416809221682,0.37110513895127784,0.355852269115031,-0.015252869836246852,0.1810138888888889
29,0.4,0.857140162037037,0.18625560917834139,0.1624303223084329,0.15325998098553129,-0.00917034132290162,0.1807638888888889
30,0.4,0.8545391203703704,0.21456007135167754,0.30118455106413977,0.30304875932547704,0.0018642082613372635,0.174125
31,0.4,0.8646910879629629,0.11466162728080065,0.25389141867091936,0.2446023228874996,-0.009289095783419743,0.17452777777777778
32,0.4,0.8539523148148148,0.3660778486650107,0.3863937915850345,0.37818127838183613,-0.00821251320319838,0.17306944444444444
33,0.4,0.8842885416666667,0.10121893214004385,0.23896541018052386,0.2296508230847243,-0.009314587095799576,0.20340277777777777
34,0.4,0.8780628472222224,0.3881719635125972,0.4283982929153971,0.4343035439027978,0.00590525098740069,0.1801111111111111
35,0.4,0.8696281250000001,0.13574752882978702,0.21939676774843098,0.19737233976017599,-0.02202442798825499,0.16879166666666667
36,0.4,0.8384546296296297,0.282413211659157,0.2885697859085845,0.26385161691632264,-0.02471816899226187,0.1693611111111111
37,0.4,0.8852621527777776,0.34072143296937174,0.24263805159153085,0.2508356003764254,0.008197548784894537,0.1917638888888889
38,0.4,0.8829842592592593,0.17839346238498255,0.2963975094224103,0.2982750008803745,0.001877491457964231,0.1844861111111111
39,0.4,0.8732585648148148,0.014995844916299905,0.2721725470193195,0.2661858010930185,-0.005986745926300996,0.18630555555555556
40,0.4,0.8669695601851853,0.20545048778871422,0.3528781899342448,0.3334949054852925,-0.01938328444895232,0.18672222222222223
41,0.4,0.893660300925926,0.11116482906208514,0.22394507113035156,0.21289311988613635,-0.011051951244215208,0.18702777777777777
42,0.4,0.8612072916666667,0.3434119095925414,0.38512019996638847,0.4023044830438539,0.017184283077465445,0.17965277777777777
43,0.4,0.8689967592592592,0.22314891344605248,0.30754246500101745,0.29321288832629955,-0.014329576674717903,0.16834722222222223
44,0.4,0.8553122685185185,0.23999952594023488,0.2663603196920612,0.27159207450038403,0.0052317548083228305,0.17804166666666665
45,0.4,0.8698322916666666,0.3302842983563603,0.2515101262253867,0.25756199838995397,0.006051872164567262,0.18331944444444445
46,0.4,0.8698589120370371,0.37467253909167064,0.3070206010214104,0.31276430171780756,0.00574370069639718,0.1840277777777778
47,0.4,0.8595269675925925,0.2128236311583046,0.2485241940112901,0.25823723746262994,0.009713043451339831,0.18588888888888888
48,0.4,0.8541438657407409,0.27105924581732144,0.3097782898128153,0.30409787881737604,-0.005680410995439256,0.17479166666666668
49,0.4,0.8691138888888889,0.16273780574599916,0.2872772342775156,0.29076943407363454,0.003492199796118922,0.1855
50,0.4,0.8679944444444444,0.29036146182715705,0.2905641200749032,0.29362517398243126,0.0030610539075280885,0.18141666666666667
51,0.4,0.8609350694444444,0.30345172801705766,0.34320971867681593,0.343113005341558,-9.671333525795855e-05,0.17748611111111112
52,0.4,0.8554114583333333,0.1656639959206797,0.2309545985925957,0.22760840147955486,-0.0033461971130408497,0.17168055555555556
53,0.4,0.8682631944444447,0.2499092858886729,0.2825592406646569,0.2854809700549519,0.0029217293902950026,0.18315277777777778
54,0.4,0.8762184027777776,0.23725340921415494,0.20026419614316981,0.21713901389879287,0.01687481775562305,0.18158333333333335
55,0.4,0.8707017361111111,0.37039385180292217,0.37373770965546516,0.3814567223948463,0.007719012739381137,0.18272222222222223
56,0.4,0.8828758101851854,0.20563074546139026,0.26776056318590036,0.26662475324486024,-0.0011358099410401223,0.20145833333333332
57,0.4,0.8635800925925925,0.4091484609868512,0.3131157761867923,0.3104267086218956,-0.00268906756489673,0.17404166666666668
58,0.4,0.8817223379629628,0.2502972961660511,0.24597323294697393,0.23169332937726927,-0.014279903569704655,0.18472222222222223
59,0.4,0.8624703703703704,0.32984976760681217,0.312619486359645,0.3215638681683435,0.008944381808698498,0.18293055555555557
60,0.4,0.8834196759259259,0.09122739126420187,0.2547318443163954,0.26299528374301484,0.008263439426619446,0.18752777777777777
61,0.4,0.8632690972222224,0.3127487038577855,0.3184350574966729,0.31085839902495327,-0.007576658471719622,0.17279166666666668
62,0.4,0.8723703703703704,0.2560606742604641,0.21842942095563445,0.2398431330414711,0.021413712085836645,0.17868055555555556
63,0.4,0.8763225694444444,0.30177013056557656,0.34852353624529286,0.3382938797514472,-0.010229656493845662,0.179375
64,0.4,0.8689366898148149,0.12058525295339717,0.23787651589822,0.24097464393924561,0.003098128041025605,0.18294444444444444
65,0.4,0.8787247685185186,0.20421563884688543,0.3120878720510163,0.3146886755333471,0.002600803482330827,0.18680555555555556
66,0.4,0.86563125,0.33426947940512375,0.3710236752492142,0.36945717893782104,-0.0015664963113931618,0.18761111111111112
67,0.4,0.8563049768518519,0.13250799123466228,0.278620846010981,0.28278351664437873,0.004162670633397703,0.16969444444444445
68,0.4,0.8728975694444445,0.2370354715569697,0.270990515588027,0.2684102930883818,-0.0025802224996451795,0.19293055555555555
69,0.4,0.8623111111111111,0.32100171480645845,0.4573119719033486,0.44173622584441496,-0.015575746058933637,0.17295833333333333
70,0.4,0.858764699074074,0.2476067822399266,0.2806975344495456,0.2984515046012015,0.017753970151655918,0.17654166666666668
71,0.4,0.8590371527777778,0.31595758750606506,0.3631880868512968,0.3688594244466974,0.005671337595400616,0.17858333333333334
72,0.4,0.8772887731481482,0.2038339841789133,0.26082804142252725,0.2593985460369793,-0.0014294953855479298,0.1869861111111111
73,0.4,0.8607047453703703,0.28067984439667726,0.3681880297105,0.3730294449933719,0.004841415282871853,0.17625
74,0.4,0.8539677083333332,0.014842806487354365,0.20075957086398377,0.20100602456850236,0.00024645370451858994,0.16625
75,0.4,0.8574900462962963,0.23236804680211942,0.2869914267994823,0.27952099905281924,-0.007470427746663066,0.17625
76,0.4,0.8575983796296297,0.22297459417490362,0.2509616569073435,0.25564389543887533,0.004682238531531824,0.1678611111111111
77,0.4,0.8585930555555557,0.12617921646201657,0.24844584384069035,0.23860245721680828,-0.009843386623882067,0.17622222222222222
78,0.4,0.8437083333333334,0.3513848831335292,0.30609975863097616,0.32099909023115447,0.014899331600178312,0.1658888888888889
79,0.4,0.8707967592592593,0.15507437909618893,0.21641469226654297,0.1966754090434384,-0.019739283223104587,0.18140277777777777
80,0.4,0.8702282407407407,0.3441792240287421,0.26485511706818776,0.2573827595474283,-0.007472357520759476,0.18370833333333333
81,0.4,0.8768872685185185,0.14051126148085935,0.18858283236271156,0.18973676514969584,0.0011539327869842797,0.18795833333333334
82,0.4,0.8690202546296296,0.28976988530974457,0.2355750695792186,0.2446891312508972,0.009114061671678608,0.18558333333333332
83,0.4,0.8799644675925925,0.27405087407977946,0.27035652817578737,0.2761717580256099,0.005815229849822523,0.18530555555555556
84,0.4,0.8659552083333333,0.37619004641190457,0.31519586200669947,0.3253291596592547,0.010133297652555218,0.17622222222222222
85,0.4,0.8644969907407406,0.16342192627906882,0.19727542605990322,0.18474800484782372,-0.012527421212079504,0.178375
86,0.4,0.8505087962962964,0.2622513225944946,0.1481178622410282,0.14720594437192502,-0.0009119178691031626,0.17580555555555555
87,0.4,0.8664396990740743,0.2974229071564535,0.3080561092156363,0.2987862073280414,-0.009269901887594911,0.17577777777777778
88,0.4,0.8775469907407407,0.21647110660316737,0.16936636668679073,0.15633847699194636,-0.013027889694844363,0.17729166666666665
89,0.4,0.862075925925926,0.25623136266679525,0.2647844441326873,0.252346367645944,-0.012438076486743332,0.18165277777777777
90,0.4,0.8690432870370369,0.3733119153445149,0.3657483964236228,0.3361153544887405,-0.029633041934882254,0.17590277777777777
91,0.4,0.8671567129629629,0.24706066758513612,0.18311703638481103,0.19192758613300254,0.00881054974819151,0.17408333333333334
92,0.4,0.8697462962962964,0.23527971794354985,0.2863372378015703,0.27863559179903397,-0.007701646002536311,0.18179166666666666
93,0.4,0.8889674768518518,0.371609139722868,0.2538572909631105,0.2632906644698044,0.009433373506693932,0.18980555555555556
94,0.4,0.8899797453703705,0.17404176910099078,0.2361132041167886,0.24731080364322222,0.011197599526433621,0.19555555555555557
95,0.4,0.8735008101851851,0.24880083424700727,0.34419128687414446,0.3476700235551603,0.003478736681015837,0.18320833333333333
96,0.4,0.8731673611111112,0.2497794431441922,0.33333559908090293,0.31491894668821296,-0.01841665239268997,0.1812777777777778
97,0.4,0.8629885416666667,0.12333114936141498,0.2182161204783536,0.2282121269545857,0.009996006476232111,0.1803611111111111
98,0.4,0.8682967592592593,0.2774363745637254,0.30587568984828273,0.31371530343488074,0.007839613586598015,0.17872222222222223
99,0.4,0.8536302083333333,0.15725522216531107,0.2854464120717518,0.268488581980186,-0.016957830091565818,0.17875
0,0.45,0.8888944444444444,0.2518796305506227,0.27485953201669344,0.27658016437147037,0.0017206323547769298,0.19829166666666667
1,0.45,0.8976549768518519,0.3420919798461002,0.25251284306661936,0.22151580699538298,-0.030997036071236383,0.1977361111111111
2,0.45,0.8781305555555555,0.2606439688403337,0.3470605823772519,0.35245482388271276,0.005394241505460862,0.1917361111111111
3,0.45,0.872160763888889,0.25803606512880883,0.27119690410710895,0.26113852700380547,-0.010058377103303484,0.20129166666666667
4,0.45,0.8887369212962963,0.16683533760602143,0.3543626811021058,0.34173130891068626,-0.012631372191419521,0.20097222222222222
5,0.45,0.9004680555555556,0.2038839295604261,0.1542961807494192,0.1547173688665352,0.00042118811711600035,0.19595833333333335
6,0.45,0.8772806712962963,0.24718079630323675,0.40313865725754205,0.3937846079504549,-0.009354049307087164,0.1934722222222222
7,0.45,0.8819390046296296,0.16307238512507094,0.2883849978556976,0.29041925314387973,0.0020342552881821296,0.1984861111111111
8,0.45,0.8967328703703704,0.1492657986789887,0.29115498965607955,0.2942126477500844,0.0030576580940048226,0.1975
9,0.45,0.8960601851851852,0.33781669315384155,0.31676253322554737,0.30433003342033815,-0.012432499805209218,0.18555555555555556
10,0.45,0.8941372685185184,0.2596785650407293,0.19803690322693457,0.18416678185733848,-0.013870121369596089,0.19998611111111111
11,0.45,0.8925263888888889,0.17090917637829983,0.1594158410158092,0.1642273764874409,0.004811535471631712,0.20815277777777777
12,0.45,0.8923813657407407,0.38171680738214453,0.29109053514788763,0.2991554067938158,0.008064871645928173,0.19627777777777777
13,0.45,0.8539361111111111,0.31165327375496454,0.3636986054193009,0.3720407868825254,0.008342181463224518,0.18344444444444444
14,0.45,0.8953586805555555,0.15067575559563828,0.2180458706003231,0.21203938334848016,-0.00600648725184294,0.19856944444444444
15,0.45,0.8866918981481481,0.3756833586091747,0.29396650668941127,0.28062450583610155,-0.013342000853309721,0.20370833333333332
16,0.45,0.9010130787037037,0.24661188135072154,0.28740699917190826,0.28812688192724034,0.0007198827553320797,0.197
17,0.45,0.9072342592592593,0.20284058722517273,0.32183966132841746,0.32020072583915504,-0.0016389354892624164,0.20456944444444444
18,0.45,0.9058525462962962,0.18126200267247783,0.17794924781854304,0.19065425120659918,0.012705003388056135,0.20775
19,0.45,0.8789103009259259,0.31090022442459986,0.2920525234032506,0.28541201876688127,-0.006640504636369338,0.19902777777777778
20,0.45,0.9068766203703703,0.2062536256071903,0.2600964727080849,0.2525572040450229,-0.007539268663061982,0.21384722222222222
21,0.45,0.8900043981481481,0.3745247933464433,0.3176808347782242,0.30471352059555,-0.012967314182674161,0.1944861111111111
22,0.45,0.8874978009259259,0.09372323447166508,0.11241847455004095,0.11888224081830578,0.006463766268264837,0.20143055555555556
23,0.45,0.887048726851852,0.247017515687592,0.1933234431638381,0.140039503801478,-0.05328393936236009,0.1887361111111111
24,0.45,0.889662037037037,0.3175497844549413,0.29386326271617536,0.31650834141714146,0.022645078700966104,0.20397222222222222
25,0.45,0.9172322916666666,0.18895660587211371,0.23225307508838944,0.25114377532900833,0.018890700240618896,0.21275
26,0.45,0.9012880787037036,0.15884393947399056,0.1652114137393932,0.1551813905960433,-0.010030023143349887,0.2021111111111111
27,0.45,0.89323125,0.2555047137264437,0.26317228208370635,0.24644846436412648,-0.01672381771957987,0.19416666666666665
28,0.45,0.8837052083333333,0.14430313757560698,0.29504164089670426,0.28887469725330817,-0.0061669436433960945,0.19140277777777778
29,0.45,0.8884913194444445,0.13505882014482107,0.24303279858735305,0.23629844518757193,-0.006734353399781123,0.19901388888888888
30,0.45,0.8951979166666667,0.0313326471956521,0.1868815194545329,0.20423295406526842,0.017351434610735517,0.19933333333333333
31,0.45,0.8941061342592592,0.32641555574373493,0.192673330053732,0.19988163928572267,0.007208309231990673,0.18780555555555556
32,0.45,0.8800325231481482,0.3016021240597949,0.3492569684263219,0.3485967396153018,-0.0006602288110201249,0.1947361111111111
33,0.45,0.8851909722222221,0.3028293982124156,0.3176038301886145,0.3416896519913347,0.02408582180272023,0.19427777777777777
34,0.45,0.9008811342592593,0.24723736631844595,0.1746243783661382,0.15680479611863773,-0.017819582247500465,0.199875
35,0.45,0.8998964120370371,0.1600357194657437,0.26604428479778297,0.2625708667248856,-0.0034734180728973607,0.20026388888888888
36,0.45,0.9014831018518518,0.2028471329034881,0.23686041554687554,0.21646306139660954,-0.020397354150266,0.19077777777777777
37,0.45,0.8792468749999999,0.20876066146719852,0.2474400515954418,0.23033508735127994,-0.017104964244161858,0.188875
38,0.45,0.8915248842592591,0.18727196326167905,0.2323555364572345,0.24421524187386467,0.011859705416630173,0.20125
39,0.45,0.9025550925925926,0.20781010367780328,0.31092985059751466,0.2726836627386422,-0.03824618785887246,0.21105555555555555
40,0.45,0.887111574074074,0.26048761281827526,0.370484406085278,0.36166580063795806,-0.008818605447319938,0.19701388888888888
41,0.45,0.8922703703703704,0.3832740498222016,0.25446154891462647,0.2415180717856742,-0.012943477128952274,0.1968888888888889
42,0.45,0.8599262731481482,0.13050294466845358,0.2721074249423866,0.2796485536961799,0.007541128753793314,0.1867361111111111
43,0.45,0.900316550925926,0.3247490577567732,0.36718414480677253,0.3573954714274785,-0.00978867337929401,0.19969444444444445
44,0.45,0.8801006944444444,0.3789055183957567,0.3643372694905961,0.3648844141761405,0.0005471446855443984,0.18679166666666666
45,0.45,0.8949930555555555,0.3113941007776396,0.3806715453084225,0.349845229620935,-0.030826315687487504,0.2098888888888889
46,0.45,0.9023253472222222,0.2677483052051999,0.27464898151797357,0.2506408227981928,-0.024008158719780792,0.2060972222222222
47,0.45,0.8934619212962964,0.41159967856461366,0.3527390057268074,0.3725985604962637,0.019859554769456333,0.20227777777777778
48,0.45,0.8908305555555556,0.17908272107002188,0.30009746865051645,0.2908006271914363,-0.009296841459080163,0.2061388888888889
49,0.45,0.8933998842592592,0.23804699390806616,0.26913177236517327,0.286322751372584,0.017190979007410734,0.202125
50,0.45,0.8927479166666666,0.12272700820500426,0.2141676031111679,0.23431847643905357,0.020150873327885677,0.19618055555555555
51,0.45,0.8544450231481481,0.229416922246921,0.2500787270775955,0.2489855972590228,-0.00109312981857268,0.18055555555555555
52,0.45,0.8893195601851852,0.23896447321516656,0.23726643603194697,0.24752640273596105,0.010259966704014079,0.18943055555555555
53,0.45,0.8747403935185186,0.18281752507862636,0.2727324253496236,0.2567674989122878,-0.015964926437335825,0.18865277777777778
54,0.45,0.8926913194444445,0.3071519766320133,0.28249507883255676,0.29894335638706915,0.01644827755451239,0.20554166666666668
55,0.45,0.8941218750000001,0.3318828760974053,0.4074987150518543,0.39875394727965996,-0.00874476777219435,0.19641666666666666
56,0.45,0.8877334490740741,0.26094382796971605,0.20428807620151157,0.20280538102744072,-0.0014826951740708472,0.20629166666666668
57,0.45,0.9011814814814816,0.29384273650707593,0.37874743888955953,0.37795558279168473,-0.000791856097874799,0.20818055555555556
58,0.45,0.8851596064814814,0.32090820440919754,0.2705209398889137,0.25239268234222956,-0.018128257546684123,0.18827777777777777
59,0.45,0.9059991898148149,0.25327871673424684,0.36139659427173365,0.3557295532326009,-0.005667041039132736,0.20247222222222222
60,0.45,0.8829787037037038,0.32002317498003185,0.3916181655095934,0.39614499332534736,0.004526827815753975,0.1947361111111111
61,0.45,0.8935405092592591,0.17623956159319443,0.1738446164099715,0.15559028210332382,-0.01825433430664769,0.19002777777777777
62,0.45,0.8828373842592593,0.1712413540948705,0.15593370907031723,0.16291284027022468,0.006979131199907451,0.18684722222222222
63,0.45,0.8861864583333334,0.2021473664597515,0.28257267390860286,0.3020953754799609,0.019522701571358048,0.1973888888888889
64,0.45,0.895120486111111,0.3213939252955853,0.2556873712323513,0.2555479556029687,-0.00013941562938257768,0.20191666666666666
65,0.45,0.892802662037037,0.21707732739963026,0.2965204361617668,0.29522142145536034,-0.001299014706406476,0.20208333333333334
66,0.45,0.8806519675925926,0.427660033738519,0.3913118314156847,0.377636939512077,-0.013674891903607711,0.1967361111111111
67,0.45,0.8876314814814815,0.13225461933134974,0.31852694152729344,0.30283676880787813,-0.015690172719415307,0.19408333333333333
68,0.45,0.8781836805555555,0.28872824186450285,0.373583560663019,0.3766706243691731,0.0030870637061540807,0.18441666666666667
69,0.45,0.8980681712962962,0.2608685127784768,0.30477465047394203,0.3106586476983395,0.005883997224397475,0.20423611111111112
70,0.45,0.8914684027777778,0.10588958939805426,0.2618875688511778,0.25489180875995265,-0.006995760091225156,0.20543055555555556
71,0.45,0.8664937500000001,0.11591705772536531,0.19564617411037422,0.16919331236261181,-0.0264528617477624,0.18763888888888888
72,0.45,0.906945949074074,0.2792728875938346,0.23443793505574195,0.23122505453709175,-0.0032128805186502074,0.21320833333333333
73,0.45,0.888430787037037,0.2570390507085796,0.3403330948358877,0.34677669062005956,0.006443595784171863,0.20254166666666668
74,0.45,0.8866034722222222,0.3721359123862331,0.39159027047437567,0.4028523071702792,0.011262036695903532,0.20220833333333332
75,0.45,0.8851471064814816,0.24380685493870402,0.1848091535201044,0.19286376086208235,0.008054607341977937,0.19319444444444445
76,0.45,0.895594675925926,0.2352927849423353,0.32564881937229284,0.3202282236684131,-0.00542059570387976,0.19495833333333334
77,0.45,0.9184961805555556,0.24726537941701987,0.276865655444511,0.2919743071094276,0.015108651664916595,0.20593055555555556
78,0.45,0.9051951388888889,0.3326270750647272,0.37569120976770387,0.38557748653914836,0.009886276771444491,0.19945833333333332
79,0.45,0.8838548611111112,0.20391369167177353,0.22002838022981264,0.19765289921059848,-0.02237548101921416,0.19794444444444445
80,0.45,0.8816203703703703,0.39063499306288274,0.3691252523230176,0.3609166983131058,-0.008208554009911828,0.19822222222222222
81,0.45,0.8888186342592593,0.35149635305007054,0.4445495335245614,0.42443426714323673,-0.02011526638132466,0.2036388888888889
82,0.45,0.8802605324074074,0.24304049734379884,0.2523262297297698,0.24136063055318413,-0.010965599176585683,0.18958333333333333
83,0.45,0.8695497685185186,0.24623583106380154,0.23051023858380593,0.21692321412563365,-0.013587024458172281,0.19418055555555555
84,0.45,0.8704282407407407,0.25859155440569626,0.31786638931332,0.32317328111732235,0.005306891804002345,0.18933333333333333
85,0.45,0.8958381944444445,0.059262484097375445,0.15928494673236915,0.17385795403404092,0.01457300730167177,0.20356944444444444
86,0.45,0.8994012731481481,0.2987868075653227,0.3292919648124567,0.3282553291682765,-0.0010366356441802171,0.2102638888888889
87,0.45,0.8903666666666666,0.29699097942255437,0.28218322987641575,0.2908346272144129,0.008651397337997135,0.1996388888888889
88,0.45,0.8849111111111112,0.3650652848054381,0.2055810318897262,0.1944956304991361,-0.01108540139059011,0.19519444444444445
89,0.45,0.8912881944444444,0.12655972908725488,0.26004194071693854,0.24729528318128902,-0.01274665753564952,0.19854166666666667
90,0.45,0.8967868055555556,0.10914436677623385,0.29104041435995265,0.31574694704396367,0.024706532684011018,0.2108472222222222
91,0.45,0.8973098379629629,0.07759282850876159,0.30756201634781377,0.3110641535363482,0.0035021371885344266,0.20180555555555554
92,0.45,0.8823555555555557,0.24329432433180964,0.2854959838293347,0.26833762360098645,-0.01715836022834827,0.188625
93,0.45,0.9132431712962964,0.09811506890966193,0.21562198280242362,0.22556224023702376,0.009940257434600142,0.21293055555555557
94,0.45,0.872338425925926,0.07700922382681019,0.16981400588402162,0.1810148399745274,0.011200834090505762,0.175875
95,0.45,0.8855313657407407,0.18606860097702993,0.1738315010722572,0.17956493416257713,0.005733433090319928,0.18844444444444444
96,0.45,0.9021021990740742,0.17561578316584325,0.2143038900128178,0.1837627098803838,-0.03054118013243401,0.20098611111111112
97,0.45,0.8809611111111112,0.21955209054649072,0.24252061919610024,0.2196724354258036,-0.022848183770296626,0.19466666666666665
98,0.45,0.8858467592592593,0.2739546538711569,0.19829271056893993,0.21432930143125462,0.01603659086231468,0.1961388888888889
99,0.45,0.8857809027777778,0.2822657140344029,0.29292065783541565,0.26492697587702896,-0.027993681958386696,0.18775
0,0.5,0.9163047453703704,0.41593972459082784,0.26270972492219913,0.268844644214677,0.006134919292477892,0.23219444444444445
1,0.5,0.9071041666666666,0.2788001845415652,0.23503501961498163,0.23717437822605336,0.002139358611071729,0.214875
2,0.5,0.9179016203703704,0.37875214361577614,0.3156175025497262,0.29454917847096096,-0.021068324078765244,0.21338888888888888
3,0.5,0.9114065972222223,0.2807414570644057,0.3237915598142498,0.322531414912931,-0.0012601449013187604,0.2239861111111111
4,0.5,0.9072898148148149,0.2495851509782926,0.27253658651211254,0.27503238266597696,0.0024957961538644158,0.21170833333333333
5,0.5,0.9228887731481481,0.28381611328714607,0.21550232081000342,0.19587380776614993,-0.01962851304385349,0.21970833333333334
6,0.5,0.897364236111111,0.26720522408903546,0.3282221963325004,0.341420352175397,0.01319815584289663,0.2073611111111111
7,0.5,0.9082501157407408,0.1462489960747524,0.23695561428583267,0.2295045550467295,-0.007451059239103164,0.20868055555555556
8,0.5,0.915152314814815,0.41106881706856835,0.2359694260227574,0.20250820188939989,-0.0334612241333575,0.2142638888888889
9,0.5,0.9162912037037038,0.17313758797351297,0.16032905375679551,0.1552572605445458,-0.005071793212249709,0.221625
10,0.5,0.8955202546296296,0.1450339199795334,0.28381194500456286,0.29191231554133645,0.008100370536773593,0.2122638888888889
11,0.5,0.8914835648148149,0.18036790724881546,0.1961055454779519,0.17716949881888544,-0.018936046659066452,0.21045833333333333
12,0.5,0.8939918981481482,0.3523455255406538,0.3018542902915359,0.3129336727185964,0.011079382427060525,0.20479166666666668
13,0.5,0.9229868055555556,0.16775683734659574,0.16838423043834294,0.15916308125855827,-0.009221149179784671,0.2271388888888889
14,0.5,0.9020662037037037,0.26511824956638685,0.2702052396411958,0.25255871807037733,-0.017646521570818474,0.20808333333333334
15,0.5,0.8994030092592594,0.18239371545062022,0.2480553384325127,0.23926402330527485,-0.008791315127237853,0.20125
16,0.5,0.9144826388888889,0.31484129451440024,0.2992684112160757,0.3023878395409414,0.0031194283248656696,0.21366666666666667
17,0.5,0.9144880787037036,0.21320194190472253,0.2873297380353659,0.29055513617702267,0.003225398141656788,0.21830555555555556
18,0.5,0.9139776620370371,0.20884126328770747,0.3101675828920183,0.30443896050884156,-0.005728622383176729,0.21688888888888888
19,0.5,0.9043864583333333,0.34653098894854195,0.2141029608556111,0.21267478591898192,-0.0014281749366291674,0.20845833333333333
20,0.5,0.9073641203703704,0.1538343644782687,0.17693423053852597,0.15788283107509749,-0.019051399463428487,0.2187638888888889
21,0.5,0.9155743055555555,0.11439735977103149,0.1924492893776827,0.21432515937365515,0.021875869995972463,0.21409722222222222
22,0.5,0.9057822916666666,0.2136999493146824,0.2758983554112221,0.27343551300017754,-0.0024628424110445524,0.21472222222222223
23,0.5,0.9191046296296297,0.36728087339406823,0.3679373456708077,0.3642897772133834,-0.0036475684574243106,0.22258333333333333
24,0.5,0.8957785879629631,0.20035181496819632,0.2578002538987385,0.2575375933405052,-0.0002626605582333186,0.2051388888888889
25,0.5,0.9098679398148147,0.2295190093826377,0.37040045353040796,0.36313906725348954,-0.007261386276918413,0.2132777777777778
26,0.5,0.9210025462962963,0.29314260772301715,0.21696478373390726,0.20676218343899777,-0.010202600294909492,0.21241666666666667
27,0.5,0.8833743055555555,0.4410614741294683,0.46113917139834903,0.45611636741895667,-0.005022803979392365,0.20508333333333334
28,0.5,0.9151019675925927,0.194458047457709,0.18348341542374214,0.15999071038941515,-0.02349270503432699,0.21711111111111112
29,0.5,0.9175635416666666,0.3313685220486713,0.24222594001823128,0.2579640461370385,0.015738106118807216,0.209875
30,0.5,0.9227480324074073,0.2744541815178283,0.21637725400322527,0.21512444014166976,-0.0012528138615555129,0.21806944444444445
31,0.5,0.9178539351851852,0.16284144517901333,0.3007419986066068,0.2828225854841504,-0.017919413122456374,0.2127777777777778
32,0.5,0.9118069444444444,0.2390336091023899,0.2669313972097166,0.2647815423165698,-0.0021498548931467854,0.20855555555555555
33,0.5,0.9116662037037037,0.25949060222905074,0.24859970366346174,0.25017289138131515,0.0015731877178534193,0.21145833333333333
34,0.5,0.9129090277777777,0.17486015714977432,0.20964362972996942,0.20851029827321588,-0.001133331456753539,0.22440277777777778
35,0.5,0.907587037037037,0.292390768960232,0.29908747205927655,0.28774202264381044,-0.011345449415466113,0.1996111111111111
36,0.5,0.9104063657407407,0.25794630149061903,0.24569756502124052,0.24510772422436378,-0.0005898407968767394,0.204625
37,0.5,0.903248263888889,0.15162872470301525,0.25866871765521116,0.2588542545926559,0.0001855369374447191,0.20872222222222223
38,0.5,0.9050399305555556,0.4115759988271036,0.46269555416058405,0.45814836081777144,-0.0045471933428126166,0.20081944444444444
39,0.5,0.8966769675925925,0.44791774836170495,0.27164204562847016,0.26131277519295826,-0.010329270435511906,0.22047222222222224
40,0.5,0.9063341435185186,0.36046559957611657,0.25058344329368176,0.25168692638848156,0.0011034830947997953,0.21830555555555556
41,0.5,0.9057362268518517,0.22380086733804372,0.2748674975647931,0.2764829595640461,0.0016154619992529984,0.2058611111111111
42,0.5,0.903676388888889,0.24736657233245085,0.30705793670610093,0.2903985345807846,-0.016659402125316358,0.21179166666666666
43,0.5,0.9069524305555555,0.22229160039985374,0.3349236282109982,0.3373454418692269,0.0024218136582286887,0.2141111111111111
44,0.5,0.8946931712962961,0.15243590957850317,0.28402515270666795,0.27113671013942275,-0.012888442567245195,0.20945833333333333
45,0.5,0.8948592592592592,0.26581159844997393,0.289750615567117,0.2730040951158347,-0.016746520451282332,0.20805555555555555
46,0.5,0.891844212962963,0.32817644703638293,0.2575766217397082,0.25525774968239323,-0.002318872057314958,0.206125
47,0.5,0.8927048611111111,0.335634194715129,0.36888011407269194,0.3661852969218574,-0.0026948171508345276,0.20966666666666667
48,0.5,0.9000425925925927,0.2878389228252597,0.2872605318842457,0.31149674682474626,0.024236214940500544,0.22045833333333334
49,0.5,0.9107273148148148,0.3351894940349286,0.36546383191161025,0.3622311403696725,-0.0032326915419377267,0.21331944444444445
50,0.5,0.9082266203703705,0.14752547791555082,0.2261385557189708,0.23111920172182976,0.004980646002858968,0.2125277777777778
51,0.5,0.8977541666666667,0.2490050853038689,0.25012778737900987,0.2620272173686692,0.011899429989659316,0.20365277777777777
52,0.5,0.9076895833333335,0.04177114422978245,0.14887452804985912,0.136370739118708,-0.012503788931151116,0.21313888888888888
53,0.5,0.9142739583333334,0.19128457310002833,0.1765346776772897,0.1854852701724058,0.008950592495116094,0.21133333333333335
54,0.5,0.9124552083333333,0.19042927148268052,0.31997533549556545,0.32764952660373736,0.007674191108171913,0.21230555555555555
55,0.5,0.9076402777777778,0.08616537946732983,0.2575562301830461,0.24176390214326682,-0.015792328039779258,0.21270833333333333
56,0.5,0.9141952546296297,0.2803253318642487,0.17056857873710596,0.23654165077576406,0.0659730720386581,0.21172222222222223
57,0.5,0.9388239583333333,0.17678908061116239,0.20405723362230688,0.19060438721274053,-0.013452846409566344,0.2318888888888889
58,0.5,0.9077340277777778,0.21619006800363372,0.22003580902820397,0.22911410357519724,0.00907829454699327,0.2121111111111111
59,0.5,0.9123377314814815,0.2022924246285961,0.20548525657148298,0.1963393929266034,-0.00914586364487957,0.20815277777777777
60,0.5,0.8985743055555555,0.37971068789689655,0.37355962266179266,0.3910188640303135,0.01745924136852084,0.19941666666666666
61,0.5,0.9152864583333332,0.17654028682905953,0.3338002632993389,0.3130718584037703,-0.020728404895568597,0.22644444444444445
62,0.5,0.923822800925926,0.252274051578565,0.23143858787218297,0.24886971702744676,0.01743112915526379,0.22169444444444444
63,0.5,0.9211716435185187,0.21553204929109604,0.33186885054870807,0.3086775249845417,-0.023191325564166365,0.22125
64,0.5,0.913624189814815,0.2797262795150379,0.40287460338593484,0.39447578281976037,-0.00839882056617447,0.21965277777777778
65,0.5,0.9009350694444445,0.25297187336772475,0.14393069576692552,0.13303527428422612,-0.010895421482699397,0.21154166666666666
66,0.5,0.8982547453703704,0.33805070328950115,0.44354710495060434,0.4407427241376626,-0.0028043808129417647,0.21169444444444444
67,0.5,0.9059180555555555,0.1678807651123152,0.21806376184168852,0.20193687327794452,-0.016126888563744002,0.21969444444444444
68,0.5,0.9159078703703706,0.16214019544741543,0.1966665255697878,0.20653533143005554,0.009868805860267726,0.22077777777777777
69,0.5,0.9031020833333333,0.14623688603673834,0.21293379170499982,0.23122977587317406,0.01829598416817424,0.22131944444444446
70,0.5,0.9230973379629629,0.2564316935406451,0.23743596366866138,0.24169399470793795,0.0042580310392765774,0.21947222222222224
71,0.5,0.9132584490740742,0.27371381978933773,0.20476337591306604,0.18704205790275896,-0.017721318010307074,0.20998611111111112
72,0.5,0.9248945601851851,0.15426894757729093,0.2596645375738138,0.25624128966448456,-0.003423247909329241,0.21420833333333333
73,0.5,0.9011949074074074,0.2990720645136896,0.23789303110192317,0.22105736960875133,-0.01683566149317184,0.2160138888888889
74,0.5,0.9163,0.16126957232710104,0.16819453977997512,0.17163829118615348,0.0034437514061783636,0.21594444444444444
75,0.5,0.9105767361111111,0.20712485554879112,0.21038446107192021,0.21086074053681492,0.0004762794648947022,0.22695833333333335
76,0.5,0.9054814814814814,0.20099130275652788,0.3817538797030544,0.37059653268926285,-0.011157347013791563,0.2045
77,0.5,0.9116309027777779,0.2921233630812322,0.21699811482152964,0.2361785666235705,0.019180451802040865,0.22279166666666667
78,0.5,0.9116751157407407,0.1566397404512243,0.1708550321867488,0.1937418957649082,0.02288686357815939,0.21044444444444443
79,0.5,0.913783912037037,0.1577365258801403,0.24696178485450548,0.2542189856144935,0.007257200759988036,0.19943055555555556
80,0.5,0.8991285879629629,0.27605585727119963,0.27849680648517305,0.29326095532932916,0.01476414884415611,0.21155555555555555
81,0.5,0.9091519675925926,0.13112667713755566,0.23100012730784358,0.18939133076981385,-0.041608796538029735,0.2184861111111111
82,0.5,0.8951994212962964,0.3370517448363032,0.2904348970452738,0.2775111173908178,-0.012923779654456014,0.19320833333333334
83,0.5,0.9175804398148149,0.13212910782017617,0.24998342177071053,0.25207454830594755,0.00209112653523702,0.2165
84,0.5,0.9177719907407408,0.16892909380926202,0.22069394868575698,0.21080942712917594,-0.009884521556581038,0.20894444444444443
85,0.5,0.8966953703703703,0.24704410786606268,0.2780084163947557,0.2786412875419785,0.0006328711472227688,0.19906944444444444
86,0.5,0.9075842592592593,0.1963970143012974,0.2722256294326857,0.27238836963495594,0.00016274020227025066,0.21709722222222222
87,0.5,0.927374537037037,0.3040316210687076,0.3946383058210987,0.39891712381702127,0.004278817995922557,0.22138888888888889
88,0.5,0.912287037037037,0.24658672193028308,0.24319101641470575,0.23198876219179887,-0.011202254222906882,0.21897222222222223
89,0.5,0.9109399305555556,0.21230293446561455,0.17566177870684585,0.18001205100730933,0.004350272300463476,0.20716666666666667
90,0.5,0.9128086805555556,0.2045030129367812,0.2856651607682049,0.287573338011721,0.001908177243516107,0.22013888888888888
91,0.5,0.9132131944444444,0.26302499885690145,0.30454904315153575,0.3008589310547719,-0.0036901120967638423,0.20370833333333332
92,0.5,0.9226331018518518,0.23730986546151012,0.17574911721902087,0.1778521214409422,0.002103004221921334,0.2112777777777778
93,0.5,0.882397800925926,0.27358644627240436,0.22156658129087492,0.19301558443624767,-0.028550996854627253,0.2016388888888889
94,0.5,0.9044913194444444,0.28584647271433083,0.18502770072334762,0.1755623852858269,-0.009465315437520716,0.2073888888888889
95,0.5,0.8928199074074074,0.29974911222170464,0.2562449901995768,0.24572376827479425,-0.010521221924782553,0.20176388888888888
96,0.5,0.9008290509259259,0.24681207807008354,0.30361680618816533,0.3162730475450989,0.01265624135693355,0.22016666666666668
97,0.5,0.9014738425925927,0.3150774300888156,0.30568189945849633,0.31020282374489017,0.004520924286393835,0.2053888888888889
98,0.5,0.9054641203703703,0.28495643343180654,0.21076121643704449,0.2093616792952414,-0.0013995371418030755,0.2122777777777778
99,0.5,0.9304170138888889,0.16801490174030986,0.23405092084815737,0.2203362290399693,-0.013714691808188073,0.23197222222222222
0,0.55,0.9147226851851852,0.2587373354102467,0.23643572036859328,0.2419835064985052,0.0055477861299119136,0.2177361111111111
1,0.55,0.9328849537037037,0.1568493303698677,0.3229618559245111,0.316517401184113,-0.00644445474039812,0.22901388888888888
2,0.55,0.9273513888888889,0.10090791169720115,0.1385526973890865,0.14992773299893902,0.011375035609852535,0.24018055555555556
3,0.55,0.9271267361111111,0.21186902427727328,0.26583109176331465,0.2763464089852483,0.010515317221933662,0.2324027777777778
4,0.55,0.9290724537037036,0.2471720926596329,0.1941647901123642,0.1677635369043965,-0.026401253207967712,0.22758333333333333
5,0.55,0.9222200231481481,0.22166522541483724,0.24749926687131818,0.21670466536733846,-0.030794601503979724,0.22855555555555557
6,0.55,0.928286111111111,0.17053044473319423,0.329010219359421,0.31020941395359913,-0.018800805405821852,0.22180555555555556
7,0.55,0.9373018518518519,0.10477999742990984,0.3273294808186805,0.2921488494122181,-0.03518063140646244,0.24308333333333335
8,0.55,0.9241307870370369,0.21020628907964023,0.24153937692000016,0.2428613710086045,0.001321994088604339,0.230375
9,0.55,0.9427142361111112,0.10406525679604217,0.10766814526631863,0.10509379310394196,-0.0025743521623766696,0.254875
10,0.55,0.9345789351851851,0.24584295427395242,0.33230405695377985,0.33906765076040724,0.006763593806627388,0.23775
11,0.55,0.9248209490740741,0.1794232268643331,0.24293898230304178,0.22590543301646704,-0.017033549286574745,0.226125
12,0.55,0.93015625,0.2620542151017906,0.15502844193613852,0.15236440320770084,-0.0026640387284376787,0.228125
13,0.55,0.9133935185185186,0.26421079389060265,0.23218348495876362,0.2756007198721103,0.0434172349133467,0.22591666666666665
14,0.55,0.9326783564814815,0.32439550084501034,0.34120297083930906,0.3301894183304377,-0.011013552508871371,0.22731944444444444
15,0.55,0.9035466435185185,0.132243981304614,0.21527084659241924,0.20832207539846548,-0.006948771193953762,0.22036111111111112
16,0.55,0.9262671296296295,0.4589017955456447,0.35282135567067374,0.3581341171709468,0.005312761500273044,0.23556944444444444
17,0.55,0.9217113425925926,0.31829818508640983,0.2572788428720989,0.2665483604872466,0.009269517615147715,0.227125
18,0.55,0.9287861111111111,0.1483523040052852,0.25436872089531737,0.23430647913196756,-0.02006224176334981,0.2257222222222222
19,0.55,0.9362777777777778,0.26831831403026085,0.19295079936085302,0.19468924357760153,0.0017384442167485137,0.24345833333333333
20,0.55,0.926894212962963,0.16541920834148283,0.23680068052875114,0.24142564354569818,0.004624963016947037,0.23027777777777778
21,0.55,0.9155172453703703,0.2906859546343128,0.23383132695676956,0.22950277166676525,-0.00432855529000431,0.21969444444444444
22,0.55,0.9194365740740741,0.2490331163961209,0.400940597155766,0.40897432064793937,0.00803372349217335,0.22590277777777779
23,0.55,0.9123819444444443,0.24711268800834407,0.2508049293785065,0.2671637096845191,0.016358780306012566,0.22093055555555555
24,0.55,0.9241356481481481,0.3174433587936685,0.08153023899895206,0.07895338040202515,-0.002576858596926912,0.22443055555555555
25,0.55,0.9271276620370371,0.29181608075609256,0.30650826223054994,0.3116720499643031,0.005163787733753145,0.22127777777777777
26,0.55,0.9150553240740741,0.07569107606281844,0.27825069624066245,0.3143337691113375,0.036083072870675026,0.21980555555555556
27,0.55,0.9272182870370371,0.19242526814934402,0.20671384183787778,0.19675271655958249,-0.00996112527829529,0.24218055555555557
28,0.55,0.918873611111111,0.39553185661204526,0.28289749142644083,0.2669081765184177,-0.015989314908023133,0.22280555555555556
29,0.55,0.9264612268518518,0.26179075054174683,0.27789852046243535,0.2941791217932066,0.01628060133077125,0.21763888888888888
30,0.55,0.9307083333333331,0.2286180820833673,0.3240821697495053,0.3380405333413462,0.013958363591840883,0.23526388888888888
31,0.55,0.93225625,0.3337133296885587,0.2588675552017625,0.22959335597551,-0.029274199226252517,0.23680555555555555
32,0.55,0.9267315972222221,0.19649639450040268,0.19289425542573835,0.1770017304447714,-0.015892524980966938,0.24204166666666665
33,0.55,0.9289210648148148,0.08995760622616555,0.05664081932038589,0.05680238035001839,0.0001615610296324954,0.24584722222222222
34,0.55,0.9341265046296297,0.07219516571151074,0.2124894026603401,0.2103212045686076,-0.0021681980917325205,0.23426388888888888
35,0.55,0.9262206018518517,0.22384996315734673,0.19167717853633248,0.17392756116442365,-0.017749617371908832,0.22733333333333333
36,0.55,0.9325724537037036,0.26900218741720316,0.23617421810696937,0.25817525945138897,0.022001041344419603,0.23916666666666667
37,0.55,0.9226418981481482,0.1949038294526172,0.21262122049732812,0.1896784789539685,-0.022942741543359624,0.23052777777777778
38,0.55,0.9241350694444445,0.2279994793689304,0.24871887680270166,0.2640620720622163,0.015343195259514664,0.22768055555555555
39,0.55,0.9317184027777778,0.34286799375243227,0.25202675184432344,0.27429927241204,0.02227252056771656,0.2234861111111111
40,0.55,0.9064802083333333,0.1321819106048021,0.22682653520702067,0.23953510821180612,0.01270857300478545,0.216125
41,0.55,0.9300929398148149,0.39886923687360143,0.39919480774942906,0.39200599924999935,-0.007188808499429711,0.2309027777777778
42,0.55,0.9297481481481481,0.3740056080944426,0.3109040407320053,0.3316502823440163,0.020746241612010996,0.24044444444444443
43,0.55,0.9187917824074074,0.3123678528786884,0.2754188331362448,0.28301320725819246,0.0075943741219476335,0.2150138888888889
44,0.55,0.9184568287037037,0.19751197256090924,0.13650154267213765,0.13794280083199773,0.0014412581598600704,0.2324027777777778
45,0.55,0.9426069444444445,0.3746701021776292,0.22387481091551298,0.2063611171283234,-0.017513693787189588,0.24265277777777777
46,0.55,0.9074369212962964,0.23937324010219996,0.23687858122632877,0.23623676137138294,-0.0006418198549458243,0.22088888888888888
47,0.55,0.9210819444444445,0.17080265420558005,0.22491593447071312,0.2395728734127025,0.014656938941989384,0.22494444444444445
48,0.55,0.9314315972222222,0.14082798937796825,0.2086106976277874,0.20901175097574298,0.00040105334795559333,0.2306111111111111
49,0.55,0.9088238425925925,0.3695660286461665,0.3395865570760206,0.32721145340856916,-0.012375103667451426,0.21575
50,0.55,0.9142516203703703,0.3111820357394601,0.347484047459805,0.34955657455554334,0.0020725270957383524,0.22631944444444443
51,0.55,0.9397730324074073,0.43963842124336716,0.28326826982771847,0.3209264277462185,0.037658157918500024,0.23665277777777777
52,0.55,0.9427843750000001,0.26922316941050717,0.3677741955458421,0.3572896976387032,-0.010484497907138901,0.2472638888888889
53,0.55,0.926905324074074,0.21910001684825642,0.3590112398954469,0.3606629287880956,0.0016516888926486617,0.23225
54,0.55,0.9091456018518519,0.3101989500858857,0.34435754068840874,0.36296889687791256,0.018611356189503825,0.207625
55,0.55,0.9343685185185185,0.35015141723393095,0.32993574505184486,0.3282449864815268,-0.001690758570318085,0.23816666666666667
56,0.55,0.928666087962963,0.2582767458396731,0.09066415179254217,0.012977325934238615,-0.07768682585830355,0.23693055555555556
57,0.55,0.8940818287037038,0.43737181244993306,0.34521852073374926,0.3201025755811763,-0.025115945152572983,0.21272222222222223
58,0.55,0.9142359953703704,0.17382780608406856,0.20826114870183,0.19294315608063717,-0.015317992621192822,0.23575
59,0.55,0.9237774305555555,-0.01781438152039838,0.17521746962159845,0.18656337270059153,0.01134590307899308,0.22275
60,0.55,0.9171222222222223,0.23205381692306126,0.22841250120307943,0.22572502657669025,-0.0026874746263891858,0.21890277777777778
61,0.55,0.9289151620370371,0.3079552937188059,0.09499963200623918,0.11145218889534103,0.016452556889101855,0.24198611111111112
62,0.55,0.941190625,0.056896222949230135,0.07685816182489902,0.08433301219916234,0.00747485037426332,0.22847222222222222
63,0.55,0.9363811342592593,0.4190104192307277,0.26450397106283763,0.2031823224327185,-0.06132164863011913,0.23381944444444444
64,0.55,0.9266614583333334,0.4153416505640748,0.3051623912333674,0.2868817577511438,-0.01828063348222364,0.22641666666666665
65,0.55,0.9198513888888887,0.26073540006920815,0.2511936385151027,0.22861103559558316,-0.022582602919519523,0.23098611111111111
66,0.55,0.9329405092592594,0.0808601639405716,0.1869941920614393,0.20211470422473876,0.01512051216329946,0.22844444444444445
67,0.55,0.919345949074074,0.23083948477053062,0.14888091071196796,0.15526921845390718,0.006388307741939214,0.2284861111111111
68,0.55,0.931442361111111,0.29955543334684276,0.3295591870191148,0.3239032227682652,-0.005655964250849577,0.23315277777777776
69,0.55,0.9310037037037037,0.3433919184163219,0.3717678480725888,0.37706990685069564,0.005302058778106855,0.22115277777777778
70,0.55,0.9233268518518517,0.3035317809341307,0.28808175493714805,0.28482424674386486,-0.0032575081932831873,0.23108333333333334
71,0.55,0.9341045138888889,0.3314766208299351,0.2919811144815403,0.2983996696696334,0.006418555188093089,0.23404166666666668
72,0.55,0.9129728009259259,0.3395639727785328,0.353368483169454,0.3513829703014453,-0.001985512868008743,0.23354166666666668
73,0.55,0.9198494212962963,0.24504956001661182,0.2459559620499362,0.2521958268231099,0.006239864773173731,0.23559722222222224
74,0.55,0.9148633101851852,0.13546640456915549,0.261050777525206,0.2556408341626176,-0.005409943362588376,0.21641666666666667
75,0.55,0.9301828703703703,0.35671781637730027,0.2812849505610534,0.2864130193679868,0.005128068806933395,0.23301388888888888
76,0.55,0.9170525462962962,0.1988567170442026,0.21537429000481867,0.2318586665586443,0.01648437655382562,0.2142361111111111
77,0.55,0.9257067129629629,0.22711964760879677,0.16387715499679123,0.16098103997536617,-0.002896115021425061,0.2291111111111111
78,0.55,0.9219231481481484,0.22596991096632413,0.3300856610173748,0.34541524584657113,0.01532958482919633,0.23509722222222224
79,0.55,0.9283833333333332,0.26007563514346566,0.1687334736702102,0.17712166572673615,0.008388192056525967,0.2407638888888889
80,0.55,0.9195791666666667,0.3135720997711555,0.1402746495787457,0.169024660077564,0.028750010498818312,0.22708333333333333
81,0.55,0.9303578703703704,0.03679762075158055,0.3640951197632879,0.3392362497860353,-0.024858869977252618,0.23219444444444445
82,0.55,0.927597337962963,0.27957876392329817,0.3266816351634053,0.31500677208532846,-0.011674863078076858,0.23397222222222222
83,0.55,0.927225925925926,0.1795337058279154,0.17518717998136357,0.14152442095966722,-0.033662759021696353,0.22995833333333332
84,0.55,0.9024909722222221,0.26146929545262565,0.34345067160850584,0.33303662765028486,-0.010414043958220986,0.22005555555555556
85,0.55,0.9275881944444445,0.06107501414715433,0.2143876209455723,0.2216734419818649,0.007285821036292606,0.2268888888888889
86,0.55,0.9208685185185185,0.16170662231344535,0.15346768720695947,0.1608276231750545,0.007359935968095033,0.2266527777777778
87,0.55,0.9395953703703704,0.17371868008825075,0.25712240041852785,0.2635614626340089,0.006439062215481073,0.23797222222222222
88,0.55,0.9270710648148147,0.16364626837619245,0.22329247271851538,0.2419720695102182,0.018679596791702835,0.2264861111111111
89,0.55,0.9103192129629628,0.2987312897300394,0.33671494530480406,0.3261958538991643,-0.01051909140563978,0.2288888888888889
90,0.55,0.9392706018518518,0.264220967158978,0.26184568680733045,0.26884124292505396,0.0069955561177235115,0.23756944444444444
91,0.55,0.9228773148148148,0.36589278335357356,0.36255511956509057,0.3664445877380752,0.0038894681729846337,0.23980555555555555
92,0.55,0.9210855324074073,0.30814295377803835,0.280571434585444,0.2923611000799671,0.011789665494523094,0.21629166666666666
93,0.55,0.9152211805555553,0.2202150909895726,0.24453272459392572,0.25085778740612574,0.006325062812200022,0.217125
94,0.55,0.9362423611111111,0.11211346149044654,0.15870615868850846,0.16102306285352708,0.0023169041650186184,0.25095833333333334
95,0.55,0.9421996527777777,0.3473553450788911,0.19410230373236081,0.1823060413985501,-0.011796262333810703,0.2482361111111111
96,0.55,0.9292495370370372,0.25311669031171,0.2224880934695176,0.20404306361235314,-0.018445029857164452,0.22641666666666665
97,0.55,0.9228649305555555,0.24368253080614954,0.2366955275286603,0.23855508219196486,0.0018595546633045634,0.23794444444444443
98,0.55,0.9188645833333334,0.24721561044079432,0.32106108575379533,0.2987349998111961,-0.022326085942599216,0.22954166666666667
99,0.55,0.935077662037037,0.19980260886888068,0.15864490740438875,0.1842483374463868,0.025603430041998054,0.23473611111111112
0,0.6,0.9266747685185184,0.07645525302624978,0.15539950128865343,0.1338930587508007,-0.02150644253785272,0.2326111111111111
1,0.6,0.9282420138888888,0.18050372007158744,0.22761593379666656,0.22494066657365486,-0.0026752672230117014,0.23076388888888888
2,0.6,0.927671875,0.2581148295832829,0.2092724659316776,0.223233395771398,0.013960929839720415,0.23566666666666666
3,0.6,0.9299112268518517,0.23093506336106884,0.2139984254234153,0.2197176722154084,0.005719246791993093,0.2281111111111111
4,0.6,0.9299440972222222,0.3048569941175723,0.17376334570860796,0.17833553372785493,0.00457218801924697,0.23719444444444446
5,0.6,0.9218459490740742,0.0698568604800136,0.20989137303344463,0.2047982074953847,-0.0050931655380599405,0.22833333333333333
6,0.6,0.9340567129629629,0.20470951433510676,0.36733817048218054,0.3530432344507445,-0.014294936031436056,0.25044444444444447
7,0.6,0.9339495370370371,0.20758018292687752,0.1623083001335326,0.16850406469690216,0.006195764563369566,0.23930555555555555
8,0.6,0.9347951388888888,0.09571247384318982,0.23201888794945102,0.25568345920424584,0.02366457125479482,0.23847222222222222
9,0.6,0.9448068287037037,0.0998613320966586,0.15370228739279823,0.16088023020610964,0.007177942813311411,0.25222222222222224
10,0.6,0.9392967592592593,0.29471526129593595,0.168240281204306,0.1633733269915103,-0.004866954212795704,0.2536805555555556
11,0.6,0.956615162037037,0.14982276792705596,0.010411614139806735,-0.042024276138679095,-0.05243589027848583,0.26902777777777775
12,0.6,0.9449393518518518,0.22902372192360643,0.28789471144753365,0.26846778000944316,-0.01942693143809049,0.2418472222222222
13,0.6,0.9531159722222222,0.26913884356717355,0.2775371938294595,0.26249217733485475,-0.015045016494604768,0.25593055555555555
14,0.6,0.9126361111111111,0.1803587976553861,0.24984469700153988,0.24509230889979283,-0.0047523881017470515,0.22791666666666666
15,0.6,0.938284375,0.3260224122900043,0.3282342090614784,0.35657309545281257,0.028338886391334195,0.2425138888888889
16,0.6,0.9348045138888889,0.21722993984415406,0.25236650673172223,0.28023537125618025,0.027868864524458026,0.24415277777777777
17,0.6,0.9521221064814815,0.24106915526018502,0.22195040860900062,0.16940918839546226,-0.05254122021353835,0.25040277777777775
18,0.6,0.9289464120370371,0.3290029079067993,0.31560122379479305,0.28732399945202536,-0.028277224342767693,0.24309722222222221
19,0.6,0.9354244212962963,0.3279960697989368,0.1909638639601694,0.20814683411073653,0.017182970150567134,0.2534722222222222
20,0.6,0.934687962962963,0.17617061275266754,0.23180914090450555,0.22455441760350958,-0.007254723300995969,0.22625
21,0.6,0.9250146990740741,0.29189009877588,0.32102416298056546,0.3154835603375712,-0.0055406026429942745,0.25256944444444446
22,0.6,0.9443398148148149,0.08390475434068934,0.28098213394018856,0.2744105907012646,-0.006571543238923949,0.24695833333333334
23,0.6,0.9365837962962963,0.21584772546947606,0.17850350873919862,0.15624032076432492,-0.0222631879748737,0.23459722222222223
24,0.6,0.9451209490740741,0.1946182045155027,0.3158057132301725,0.3241082959388002,0.008302582708627715,0.2497361111111111
25,0.6,0.898817939814815,0.12550412401816335,0.2443376558978333,0.23621968598244125,-0.008117969915392043,0.21365277777777777
26,0.6,0.938917824074074,0.23545264851570824,0.17274765966226846,0.18628896276476203,0.013541303102493574,0.25319444444444444
27,0.6,0.9379780092592593,0.3822711980087864,0.24830157510588047,0.24004575130510253,-0.00825582380077794,0.23377777777777778
28,0.6,0.9584048611111111,0.21932637158531598,0.3218846927658202,0.3269889332190815,0.0051042404532612995,0.26725
29,0.6,0.9465527777777778,0.27645196408895567,0.37334810794163276,0.35133633205508696,-0.022011775886545792,0.25277777777777777
30,0.6,0.9589282407407408,0.10061080359561503,0.33340854882560556,0.33188146624857673,-0.0015270825770288265,0.2558472222222222
31,0.6,0.9466104166666667,0.3167241605258124,0.0653426912231383,0.10500960955202354,0.03966691832888525,0.24370833333333333
32,0.6,0.9361880787037037,0.2808967882875857,0.3078654497158442,0.3144581319828623,0.006592682267018146,0.2289861111111111
33,0.6,0.9249839120370371,0.31359903697945735,0.2889202833173904,0.27573440393369786,-0.013185879383692534,0.22005555555555556
34,0.6,0.9360025462962963,0.16614518856808114,0.24151191734314004,0.25550015750866373,0.013988240165523691,0.24525
35,0.6,0.9337624999999999,0.17216843786800606,0.3029297206103575,0.2891680583173012,-0.01376166229305631,0.24993055555555554
36,0.6,0.9241226851851851,0.23860006124431365,0.34366907311719186,0.34836875951596546,0.004699686398773606,0.23427777777777778
37,0.6,0.9447662037037037,0.19163015407522976,0.2904804869952069,0.315174532942773,0.02469404594756608,0.24758333333333332
38,0.6,0.9406528935185184,0.06657465117966,0.32475126542293753,0.31846302404803684,-0.006288241374900694,0.23808333333333334
39,0.6,0.9454974537037036,0.23169961798769,0.22882436635070136,0.24123358017271235,0.01240921382201099,0.23966666666666667
40,0.6,0.9269378472222222,0.36300078931638213,0.13455230953530362,0.15942506196684358,0.02487275243153997,0.23602777777777778
41,0.6,0.9417983796296295,0.259147223190225,0.31621132957037823,0.32248598565517905,0.006274656084800823,0.24490277777777777
42,0.6,0.9338989583333333,0.36252966715065604,0.28558170193960397,0.31860882755345754,0.03302712561385357,0.25105555555555553
43,0.6,0.9384143518518518,0.15405750994662637,0.20636061733651545,0.2168926421802907,0.010532024843775245,0.2388611111111111
44,0.6,0.934819212962963,0.19459712232079862,0.29532884060564935,0.2654235495725358,-0.029905291033113568,0.23806944444444444
45,0.6,0.9556815972222221,0.12483001855857256,0.16799240518719172,0.13018514438433249,-0.03780726080285923,0.26666666666666666
46,0.6,0.9455780092592593,0.24331416027824204,0.21921645473633122,0.23657725660085682,0.0173608018645256,0.2695138888888889
47,0.6,0.9457953703703704,0.3006448242590717,0.3570224267672659,0.373058044180825,0.016035617413559078,0.251375
48,0.6,0.926265162037037,0.3420552312432922,0.414145688984235,0.4124644516969196,-0.0016812372873153958,0.2545
49,0.6,0.9512769675925926,0.3101033521808737,0.2614957489501054,0.2579513746892581,-0.003544374260847305,0.2641527777777778
50,0.6,0.952562037037037,0.2748760907349911,0.297516682882783,0.30182867801517177,0.0043119951323887795,0.24781944444444445
51,0.6,0.9351104166666667,0.4401799030669721,0.295647464057495,0.29034414832477173,-0.005303315732723246,0.24044444444444443
52,0.6,0.927,0.30325348792417506,0.23238431885646993,0.23493770165638928,0.002553382799919346,0.2539722222222222
53,0.6,0.929323263888889,0.3117724526657931,0.3547049453240094,0.34649230819372967,-0.008212637130279754,0.23395833333333332
54,0.6,0.9552138888888889,0.3237047493602825,0.21978204945846547,0.21752439974779636,-0.0022576497106691074,0.25101388888888887
55,0.6,0.9370626157407408,0.3794265424797768,0.11743977829624008,0.0893505040153868,-0.028089274280853282,0.24863888888888888
56,0.6,0.9232387731481482,-0.008719607637260651,0.15386355382946726,0.12497361741963442,-0.02888993640983284,0.22684722222222223
57,0.6,0.9367773148148149,0.16681481130761122,0.03163941961603023,0.01150524352735316,-0.02013417608867707,0.24631944444444445
58,0.6,0.9268023148148149,0.2763479577158522,0.3040828468502562,0.3171255938413714,0.013042746991115184,0.23805555555555555
59,0.6,0.9329222222222221,0.3535189662557884,0.18765484406254662,0.1868373066761092,-0.0008175373864374169,0.23195833333333332
60,0.6,0.9233574074074075,0.22994554654109367,0.14492314752388613,0.08713479252961187,-0.05778835499427426,0.2388888888888889
61,0.6,0.9427003472222221,0.16115873651774892,0.20747003146445664,0.20306669917283637,-0.0044033322916202655,0.24040277777777777
62,0.6,0.9307219907407407,0.24777701457894286,0.19527597000483488,0.23934191176833952,0.044065941763504646,0.23880555555555555
63,0.6,0.927854050925926,0.23663755265739017,0.26546667916008293,0.24202118976448506,-0.023445489395597874,0.236
64,0.6,0.915857986111111,0.260402399027734,0.1999629368894763,0.20981103917304966,0.009848102283573357,0.23172222222222222
65,0.6,0.9301445601851853,0.3268535733695428,0.3217116280291481,0.30884061147948094,-0.012871016549667158,0.23056944444444444
66,0.6,0.9329064814814814,0.23096916661374556,0.3574653334530994,0.3374304725821934,-0.020034860870906,0.2269027777777778
67,0.6,0.9295449074074074,0.24535401450021843,0.26516246276666045,0.2625775391964409,-0.002584923570219555,0.24102777777777779
68,0.6,0.924086111111111,0.23451357769754544,0.34288920294853853,0.2822438560556706,-0.060645346892867935,0.23701388888888889
69,0.6,0.9511181712962963,0.14536493403462047,0.11300078481487663,0.08945871334900435,-0.023542071465872283,0.24820833333333334
70,0.6,0.9299299768518519,0.17485606344466387,0.2646864865378512,0.2415658437799888,-0.02312064275786241,0.2405972222222222
71,0.6,0.9459833333333334,0.3411428223501143,0.20818452504652296,0.17412721771732032,-0.034057307329202646,0.25630555555555556
72,0.6,0.924909375,0.2506916070388936,0.26847866840446555,0.25920392193102504,-0.00927474647344051,0.24569444444444444
73,0.6,0.9259557870370371,0.3592162648348335,0.3359125407864716,0.31545977814838033,-0.02045276263809126,0.22466666666666665
74,0.6,0.9356344907407408,0.20129906743787584,0.16082920273883694,0.16246340559481465,0.0016342028559777066,0.25127777777777777
75,0.6,0.9397167824074074,0.3142945915843126,0.17791438797060144,0.1589066320565531,-0.019007755914048352,0.25093055555555555
76,0.6,0.9307626157407407,0.3751713601962231,0.19085551616414698,0.18747727144706827,-0.0033782447170787044,0.24680555555555556
77,0.6,0.9221211805555555,0.23685156055104195,0.22369091167398836,0.2076413730266522,-0.01604953864733616,0.2264861111111111
78,0.6,0.9366170138888888,0.27582545186730667,0.15196690134157087,0.19724110894162472,0.04527420760005385,0.23509722222222224
79,0.6,0.9484379629629629,0.09019839752754699,0.24078717606731725,0.23931958492803218,-0.0014675911392850738,0.25180555555555556
80,0.6,0.9235107638888889,0.33897076078886346,0.23760595168266885,0.20524175797870658,-0.03236419370396226,0.23369444444444445
81,0.6,0.9370250000000001,0.2943184172498867,0.22410932103816283,0.21272829444261443,-0.011381026595548405,0.24458333333333335
82,0.6,0.9443881944444444,0.2932561120014625,0.3066830157351468,0.29836443272808777,-0.00831858300705901,0.23458333333333334
83,0.6,0.9378601851851852,0.22578266423255633,0.2706240646966621,0.2896100813662631,0.01898601666960098,0.25254166666666666
84,0.6,0.9357927083333334,0.30358008326071806,0.2924282929006734,0.3232722363461923,0.030843943445518884,0.24397222222222223
85,0.6,0.9322949074074075,0.10679595271229858,0.23662067367008333,0.23157373468244158,-0.005046938987641747,0.24083333333333334
86,0.6,0.9461284722222221,0.21455876015972553,0.08075534726594757,0.013521747467409972,-0.0672335997985376,0.25119444444444444
87,0.6,0.9367537037037037,0.2812096742140917,0.19487206049041206,0.21983534365305635,0.02496328316264429,0.25480555555555556
88,0.6,0.9563858796296296,0.2984259121858063,0.3595579735149723,0.3597315755097722,0.0001736019947998768,0.2638888888888889
89,0.6,0.9360221064814814,0.1792855771694135,0.21063493164090574,0.19794249665582841,-0.012692434985077328,0.23980555555555555
90,0.6,0.9415576388888889,0.2418945921249429,0.23405790437976481,0.22197626998904774,-0.012081634390717078,0.25631944444444443
91,0.6,0.9321918981481482,0.3185090672343922,0.37707928121684586,0.3715549354861595,-0.005524345730686386,0.22908333333333333
92,0.6,0.9389460648148149,0.29961411726672893,0.3465530370553034,0.33463022261738995,-0.011922814437913432,0.24291666666666667
93,0.6,0.942315625,0.2629505449156393,-0.005360750516116175,-0.001457420847253088,0.003903329668863087,0.24319444444444444
94,0.6,0.9361266203703703,0.17008049993489638,0.21317747494475714,0.20566099420743822,-0.00751648073731892,0.2395138888888889
95,0.6,0.9104325231481482,0.24485674588336237,0.3428258164984004,0.33517270737499016,-0.007653109123410218,0.22776388888888888
96,0.6,0.9463813657407408,0.3057130478470982,0.3328625653748144,0.3228941165047675,-0.009968448870046887,0.2445277777777778
97,0.6,0.928683912037037,0.3151702420120006,0.2553834507139253,0.2693258824879269,0.013942431774001562,0.23545833333333333
98,0.6,0.9422797453703704,0.20305907981829419,0.27344094972714605,0.2706347015513708,-0.002806248175775239,0.23905555555555555
99,0.6,0.9322019675925927,0.2758275755917935,0.16558024926138604,0.15046190534420234,-0.015118343917183696,0.2635972222222222
0,0.65,0.9550315972222222,0.20758673551883777,0.2930233724126504,0.2769671154156388,-0.01605625699701163,0.2596805555555556
1,0.65,0.9544671296296295,0.10529987389019413,0.2111447767831488,0.21813477384875157,0.006989997065602771,0.26618055555555553
2,0.65,0.935984375,0.385397384066965,0.2154092787388684,0.2135388882333833,-0.0018703905054850978,0.2512638888888889
3,0.65,0.9496909722222222,0.3317538884151473,0.13045562500710173,0.14714758040581188,0.016691955398710157,0.2586111111111111
4,0.65,0.9646681712962963,0.23830108927385407,0.2945132250179622,0.2749942684573351,-0.019518956560627077,0.258125
5,0.65,0.9446952546296296,0.07593174454786744,0.1529838381293792,0.15206624471926422,-0.0009175934101149918,0.24229166666666666
6,0.65,0.9635434027777778,0.22910860636437969,0.15772766523734094,0.14574457287187614,-0.011983092365464798,0.27194444444444443
7,0.65,0.9386374999999999,0.12336375086603824,0.3298898460112947,0.3083109182730194,-0.0215789277382753,0.2650138888888889
8,0.65,0.9453199074074075,0.1164441558924062,0.12654770460626508,0.1304986644767705,0.003950959870505422,0.25448611111111114
9,0.65,0.9634152777777777,0.39014725988525445,0.281079053871759,0.2718050212496429,-0.009274032622116124,0.27358333333333335
10,0.65,0.9558991898148147,0.37639118618479617,0.20227366840496475,0.172821319893795,-0.029452348511169735,0.2597777777777778
11,0.65,0.9404023148148148,0.24136504908906087,0.22915054175482963,0.2199722075256192,-0.009178334229210439,0.24855555555555556
12,0.65,0.9523833333333335,0.15366867972151488,0.2614381024301261,0.21536166806523627,-0.04607643436488984,0.2742361111111111
13,0.65,0.9437626157407407,0.20058403829616855,0.29162118272653337,0.28734240423736124,-0.00427877848917213,0.23975
14,0.65,0.9382006944444446,0.15223162013329772,0.1616746789972745,0.1937513624571109,0.032076683459836386,0.26543055555555556
15,0.65,0.9644611111111111,0.24391518115637634,-0.1984660773849427,-0.13180606774576753,0.06666000963917518,0.260375
16,0.65,0.9542435185185186,0.33366337388328304,0.1945956812717884,0.24775346346495586,0.05315778219316747,0.24720833333333334
17,0.65,0.9620011574074073,0.14950371055944167,-0.05535840624001387,0.03372254746950676,0.08908095370952063,0.2877777777777778
18,0.65,0.9427268518518518,0.29764206121883063,0.34552346377003906,0.33700640754579647,-0.008517056224242592,0.25558333333333333
19,0.65,0.9440569444444443,0.364457526279533,0.3923776328293084,0.38639010960327,-0.005987523226038349,0.24829166666666666
20,0.65,0.9372285879629629,0.35419310974633667,0.11397144972313922,0.11388832951866634,-8.312020447287516e-05,0.24565277777777778
21,0.65,0.9583523148148149,0.2908817095351096,0.11029970085775187,0.15961332227601888,0.049313621418267006,0.2555138888888889
22,0.65,0.9523078703703703,0.24040993443926106,0.3724700348120621,0.3697896189285964,-0.002680415883465681,0.2654166666666667
23,0.65,0.9567614583333333,0.2392958380949073,0.27653572651068736,0.29359880022473295,0.017063073714045585,0.2751111111111111
24,0.65,0.9534465277777778,0.09366970758744786,0.24831782769269606,0.1960990574406869,-0.05221877025200916,0.265125
25,0.65,0.9512314814814814,0.31611195754472177,0.29694403489337284,0.3070891426226693,0.010145107729296443,0.28180555555555553
26,0.65,0.9473724537037039,0.2435667881531669,0.2560284944505674,0.2770488909880996,0.021020396537532182,0.2689722222222222
27,0.65,0.9470603009259259,0.29067159033984735,0.24757544657937158,0.24809797516081,0.0005225285814384195,0.25033333333333335
28,0.65,0.9646877314814816,0.25103348361134403,0.2472538513543937,0.22473154213261826,-0.02252230922177545,0.2700694444444444
29,0.65,0.9639685185185186,0.25482997893811676,0.26395244705997656,0.2390127223632902,-0.02493972469668637,0.26458333333333334
30,0.65,0.9623826388888891,0.2851463543132414,0.261545182239069,0.2721795430560232,0.010634360816954236,0.27070833333333333
31,0.65,0.9607256944444443,0.22613633037774095,0.2234248790111486,0.23456522969873417,0.011140350687585565,0.26516666666666666
32,0.65,0.9500079861111109,0.13142228347578178,0.26896919145572673,0.2805449154643387,0.011575724008611954,0.25293055555555555
33,0.65,0.9606306712962964,0.18627259738196122,0.2935871549774358,0.2958963575281781,0.0023092025507422953,0.271625
34,0.65,0.9276899305555556,0.22889151494405824,0.3177513975991122,0.3069516936727499,-0.010799703926362314,0.24920833333333334
35,0.65,0.9536621527777777,0.10961213804334746,0.22319360937623012,0.23028919996180852,0.007095590585578404,0.2511111111111111
36,0.65,0.9161424768518519,0.25334760659331645,0.30087745065071925,0.2909026708925103,-0.00997477975820893,0.24319444444444444
37,0.65,0.9619980324074074,0.21951168766830986,0.004711780268134014,0.007002461367544455,0.002290681099410441,0.2729861111111111
38,0.65,0.9553222222222222,0.14835305772641183,0.31798825933103203,0.3211721654131856,0.003183906082153576,0.24404166666666666
39,0.65,0.9479915509259259,0.36807500470495025,0.25978153384978653,0.24073814472743693,-0.019043389122349597,0.2532916666666667
40,0.65,0.9257358796296296,0.19800879133351112,0.22156853765570772,0.24341052809449737,0.02184199043878965,0.23320833333333332
41,0.65,0.9560395833333334,0.27813490314927836,-0.21642593007695354,-0.20950996078950213,0.006915969287451418,0.27005555555555555
42,0.65,0.9487923611111112,0.1896620661033761,0.15895246455748457,0.13252795924439398,-0.026424505313090596,0.2475138888888889
43,0.65,0.9484217592592593,0.33993581122549466,0.37351564360466083,0.3840838290116029,0.010568185406942043,0.25206944444444446
44,0.65,0.9703069444444444,0.2383232423584002,-0.241060363949388,-0.2879989664796885,-0.046938602530300466,0.29575
45,0.65,0.9418726851851852,0.3233231519790376,0.33669850492692555,0.3161191517174976,-0.020579353209427942,0.2675972222222222
46,0.65,0.9568979166666667,0.20969351038240935,-0.009483828995473731,0.03427764380021636,0.04376147279569009,0.2664166666666667
47,0.65,0.9412416666666666,0.08670152374105755,0.14810713118674312,0.1663864811556145,0.018279349968871372,0.2664861111111111
48,0.65,0.951923611111111,0.33721800173653427,-0.07255219144389735,-0.1335012432839997,-0.06094905184010235,0.25722222222222224
49,0.65,0.9505898148148147,0.3294858752570622,0.2916457498903059,0.29284389208442296,0.001198142194117069,0.2664722222222222
50,0.65,0.9388359953703703,0.34446986480168085,0.34548995150529416,0.333578294640283,-0.011911656865011166,0.25104166666666666
51,0.65,0.9451980324074074,0.1462882308407466,0.14412109263096473,0.16945148876038463,0.025330396129419896,0.2558611111111111
52,0.65,0.9457197916666669,0.24878307924427112,0.24645066134710336,0.23929947956859454,-0.007151181778508819,0.2612777777777778
53,0.65,0.9524775462962962,0.285081096093714,0.2812723644840336,0.2817305430294734,0.0004581785454398357,0.267625
54,0.65,0.943973148148148,0.23546807180575546,0.2976213782850575,0.3058701952861316,0.00824881700107405,0.26775
55,0.65,0.9465612268518518,0.29037727305970296,-0.041036525881705144,-0.09923082501189184,-0.0581942991301867,0.25840277777777776
56,0.65,0.9507666666666666,0.2359671976933172,0.2723149361069632,0.2752723335647048,0.002957397457741595,0.26245833333333335
57,0.65,0.9460104166666667,0.2788559186446773,0.243475187695543,0.24167846538904336,-0.0017967223064996318,0.26644444444444443
58,0.65,0.9318896990740742,0.22353592856377735,0.23554150180048827,0.23188181972998678,-0.003659682070501491,0.24044444444444443
59,0.65,0.9468484953703703,0.3432036234022655,0.25408808965519625,0.2657378325786105,0.011649742923414252,0.27520833333333333
60,0.65,0.9500782407407408,0.12738204465013403,0.23401802143216588,0.23746815454599168,0.003450133113825804,0.26811111111111113
61,0.65,0.9524274305555557,0.21912773760012239,0.21163835767352424,0.19685789836000056,-0.014780459313523675,0.28465277777777775
62,0.65,0.9480715277777777,0.24775827263352934,0.07131630890800145,0.0805134093607569,0.009197100452755458,0.2670416666666667
63,0.65,0.9496761574074073,0.20801769558642558,0.19946424185431189,0.19962388686165256,0.00015964500734066966,0.24538888888888888
64,0.65,0.969780324074074,0.15850353869587985,0.13955440878688197,0.15445491887447316,0.01490051008759119,0.2876666666666667
65,0.65,0.9574069444444445,0.22690815611401516,0.17804099259050354,0.16573486667185322,-0.012306125918650324,0.259
66,0.65,0.9575737268518519,0.37622497433024815,0.34699020218642496,0.36073431804265055,0.013744115856225592,0.2738611111111111
67,0.65,0.9482861111111113,0.23395242486538315,0.257435529128887,0.29220415718874326,0.034768628059856255,0.2618333333333333
68,0.65,0.9443995370370369,0.3555087681011916,0.15448071293387633,0.13027699483536292,-0.024203718098513405,0.2801666666666667
69,0.65,0.9488619212962964,0.09186700971517903,0.25743624667415244,0.25564143133055584,-0.0017948153435966008,0.25804166666666667
70,0.65,0.9649233796296297,0.1411473256383955,0.07574846293210125,-0.005641085178027527,-0.08138954811012877,0.28030555555555553
71,0.65,0.9585194444444446,0.30107087003916544,0.13420778071509054,0.1396364749016945,0.005428694186603966,0.27070833333333333
72,0.65,0.9297907407407408,0.17690099690548322,0.31037650521915716,0.3213734986282444,0.010996993409087219,0.23252777777777778
73,0.65,0.9482101851851853,0.21882604491504298,0.34953558122659023,0.356029077977532,0.006493496750941796,0.26431944444444444
74,0.65,0.9473953703703705,0.1672107123958949,-0.16011401886293197,-0.10423919728723896,0.05587482157569301,0.25377777777777777
75,0.65,0.9666311342592593,0.17946650185688695,0.37366891187181406,0.35764746068055087,-0.016021451191263192,0.2781388888888889
76,0.65,0.9512982638888889,0.293050758210343,0.21474741479495452,0.22872758545483662,0.013980170659882107,0.260125
77,0.65,0.9581850694444444,0.20220167741805073,0.2823586848953944,0.2665216758522986,-0.015837009043095818,0.2674722222222222
78,0.65,0.9579322916666667,0.4090596976151817,0.06326453820508648,0.08184925826395062,0.018584720058864135,0.29244444444444445
79,0.65,0.9425864583333333,0.3458114169548715,0.342647989007005,0.3626674607800683,0.02001947177306329,0.24463888888888888
80,0.65,0.9623990740740741,0.27577898423229774,0.3470824654994955,0.35239837345147373,0.005315907951978227,0.26795833333333335
81,0.65,0.9565476851851852,0.2639834657323946,0.23387271322115133,0.22959032805023483,-0.004282385170916503,0.2753611111111111
82,0.65,0.9543135416666666,0.29959163012007617,0.3275007195534453,0.33415129853799386,0.006650578984548572,0.25756944444444446
83,0.65,0.9627957175925926,0.4410758613651026,0.34128990287589944,0.31673835388420035,-0.02455154899169909,0.2856944444444444
84,0.65,0.9463292824074073,0.22962189352759255,0.26437238303391697,0.24826863821267053,-0.016103744821246435,0.25204166666666666
85,0.65,0.9432056712962963,0.281739443737159,0.35322130399601626,0.34571450352208755,-0.00750680047392871,0.23868055555555556
86,0.65,0.9604600694444444,0.2455096241718714,0.24990423228411307,0.24235811591483014,-0.007546116369282929,0.27090277777777777
87,0.65,0.9544959490740741,0.19062720846394698,0.040640123308397946,0.0578927003776617,0.017252577069263753,0.27491666666666664
88,0.65,0.9306962962962962,0.07860515540473167,0.22026246919407033,0.21592773729078085,-0.004334731903289479,0.2511111111111111
89,0.65,0.9433959490740741,0.1893883373963191,0.2787716308771795,0.2798206166350644,0.0010489857578849238,0.24908333333333332
90,0.65,0.9554237268518518,0.26863275840201484,0.25884198698229055,0.24653310003166728,-0.012308886950623266,0.26793055555555556
91,0.65,0.954074537037037,0.3213661201271275,0.24882554890976216,0.2508078320681675,0.001982283158405318,0.27044444444444443
92,0.65,0.9460649305555555,0.26173639147720196,0.2792588439644742,0.25955385436477507,-0.01970498959969913,0.24479166666666666
93,0.65,0.9537348379629629,0.15642516463513534,0.22633920576234934,0.2670424793187568,0.04070327355640746,0.2660138888888889
94,0.65,0.9521113425925926,0.15450677550220948,0.28952955854655327,0.25245444383176374,-0.037075114714789525,0.25963888888888886
95,0.65,0.9404984953703703,0.3533414457191999,0.33666413220987756,0.31701998162335077,-0.0196441505865268,0.25925
96,0.65,0.9562129629629631,0.1867352143120663,0.14663822230646417,0.14835094678091043,0.0017127244744462589,0.2634444444444444
97,0.65,0.944555787037037,0.12195160167899954,0.25278025312868224,0.2665446697747883,0.013764416646106059,0.26468055555555553
98,0.65,0.9411408564814815,0.24736684792866503,0.29675561262885564,0.29150177529082066,-0.005253837338034972,0.25056944444444446
99,0.65,0.9641791666666667,0.2352581226148004,0.14677241378410089,0.13918742488835267,-0.0075849888957482126,0.28856944444444443
0,0.7,0.9622116898148149,0.2882066215299832,0.23088890091235892,0.20599468316678793,-0.02489421774557099,0.26975
1,0.7,0.9557237268518519,0.2585708022719102,0.019654058569708477,0.04467027094678655,0.025016212377078073,0.27261111111111114
2,0.7,0.9677184027777779,0.2920008656227625,0.3209387274444153,0.27202791653019365,-0.04891081091422167,0.27144444444444443
3,0.7,0.9618758101851852,0.38384662794770685,0.3352447120916826,0.3406515351428192,0.0054068230511366,0.27044444444444443
4,0.7,0.9660149305555557,0.22303621605224777,0.008334745371850083,-0.08247283970381347,-0.09080758507566355,0.2941666666666667
5,0.7,0.944003125,0.2876093684211476,0.38601932052851695,0.38193333567583665,-0.004085984852680302,0.26272222222222225
6,0.7,0.9361835648148148,0.3188535224067328,0.16406968503525932,0.13570237969709475,-0.02836730533816456,0.24534722222222222
7,0.7,0.9720219907407407,0.16064423096149405,0.150605536230344,0.17042566567049044,0.01982012944014644,0.28144444444444444
8,0.7,0.9614655092592592,0.054218709772762774,0.21069108994829389,0.21105828244131064,0.0003671924930167547,0.2662361111111111
9,0.7,0.9715261574074074,0.24780340106843002,0.32122397774889,0.30777813500891815,-0.013445842739971847,0.28329166666666666
10,0.7,0.9634244212962964,0.2635479175724059,0.2858764608229102,0.2458695603486687,-0.04000690047424149,0.2766527777777778
11,0.7,0.9713043981481482,0.2950110509266679,0.3326129124055005,0.3132925785244608,-0.01932033388103971,0.2887222222222222
12,0.7,0.9670484953703703,0.40762805091637133,0.3247131624153078,0.3110705119485686,-0.013642650466739181,0.27091666666666664
13,0.7,0.9632402777777779,0.20767749263666557,0.22517622188919462,0.20666466260331418,-0.01851155928588044,0.2801666666666667
14,0.7,0.9669719907407407,0.4351377705940601,0.3119862518288389,0.3415110683899477,0.029524816561108835,0.2973472222222222
15,0.7,0.9587038194444445,0.19695429127077047,0.2880491135502834,0.2785416965466673,-0.009507417003616125,0.25940277777777776
16,0.7,0.9651640046296297,0.1184462826973407,0.19428363257382886,0.17556979683418783,-0.018713835739641027,0.2920138888888889
17,0.7,0.9665569444444443,0.26473305783143597,0.04629260520521983,-0.037168964546657746,-0.08346156975187757,0.2798333333333333
18,0.7,0.9721236111111112,0.06820901055075823,0.22216100469806677,0.2437470754696066,0.021586070771539845,0.29656944444444444
19,0.7,0.9269387731481481,0.1933939741734213,0.2844487292447745,0.2970744229142406,0.012625693669466087,0.24080555555555555
20,0.7,0.9733248842592593,0.23964612666539564,-0.2532030190143746,-0.1951047980568421,0.058098220957532476,0.29886111111111113
21,0.7,0.9687820601851852,0.24553852363894735,-0.320937582453801,-0.3235451818630599,-0.0026075994092589205,0.2841388888888889
22,0.7,0.9624306712962963,0.4221773235260452,0.22812735470606016,0.25308939067079506,0.024962035964734897,0.28275
23,0.7,0.9572354166666667,0.31827148487192136,-0.1499250702355963,-0.20917202072761065,-0.05924695049201434,0.2620416666666667
24,0.7,0.9721291666666666,0.17456730712742663,-0.6502086656832706,-0.6508786111223908,-0.0006699454391201343,0.29493055555555553
25,0.7,0.9684233796296295,0.3278783212395009,0.03300875970093009,0.06556094106202637,0.03255218136109628,0.27481944444444445
26,0.7,0.9611751157407408,0.32102018709884195,0.36772576905847676,0.36500338208173533,-0.002722386976741431,0.27834722222222225
27,0.7,0.9658584490740741,0.07533952478378747,0.06993394308233991,0.05913931624971358,-0.01079462683262633,0.261125
28,0.7,0.953496875,0.16670506291454157,0.20671073255463268,0.2061403631358535,-0.000570369418779193,0.278
29,0.7,0.9667935185185185,0.2680187766112073,0.17224888675960426,0.18523925933930951,0.012990372579705256,0.2868472222222222
30,0.7,0.9489178240740741,0.09600854995173147,0.312551142039148,0.32338937233602705,0.010838230296879026,0.25227777777777777
31,0.7,0.9691561342592592,0.27047344716656996,0.14239962772984516,0.17511638609372926,0.0327167583638841,0.2931666666666667
32,0.7,0.9707976851851852,0.2432047831480858,0.028282390351157982,0.042032318713245864,0.013749928362087882,0.2907222222222222
33,0.7,0.9632850694444445,0.32024393551364705,0.2971861687801046,0.3233684337318663,0.02618226495176168,0.267875
34,0.7,0.9630442129629629,0.22457549592623205,0.14920484244271393,0.15558990103441728,0.006385058591703352,0.26095833333333335
35,0.7,0.9404634259259259,0.2124529605143729,0.2073432664401108,0.2057074595904882,-0.001635806849622612,0.2776527777777778
36,0.7,0.965245949074074,0.24202928974979665,0.294290147107238,0.28649706456233737,-0.007793082544900631,0.27618055555555554
37,0.7,0.9735659722222222,0.21838379193893465,0.17838771673912268,0.16622833871831544,-0.012159378020807243,0.3079722222222222
38,0.7,0.9641091435185185,0.21841028065353807,0.2844228674697079,0.31516574119890406,0.030742873729196152,0.2816111111111111
39,0.7,0.9630523148148148,0.22992437159263235,0.2257080867915291,0.22889475868581366,0.003186671894284565,0.2870972222222222
40,0.7,0.9577708333333333,0.30482144702809777,0.3537502034663852,0.32419326814580995,-0.02955693532057524,0.27934722222222225
41,0.7,0.9711388888888889,0.29636436195877613,0.1984379873702048,0.21794405799221173,0.019506070622006932,0.292125
42,0.7,0.9627010416666667,-0.07213766767478114,0.0752050310841309,0.040216651478536924,-0.03498837960559398,0.28308333333333335
43,0.7,0.9670094907407406,0.3415626029641239,0.30989655370858993,0.2587277851440605,-0.051168768564529454,0.2946111111111111
44,0.7,0.9696967592592592,0.23652260569017858,0.3316774816370216,0.3244068670836955,-0.007270614553326116,0.283375
45,0.7,0.9688263888888887,0.29457279033362105,0.14738781096462306,0.13086102403257927,-0.01652678693204379,0.2883611111111111
46,0.7,0.9655681712962964,0.2640344548608117,0.3431349124097829,0.3216420267407548,-0.021492885669028072,0.27555555555555555
47,0.7,0.9569201388888889,0.24306237548945386,0.15893996203783456,0.14260501190616104,-0.01633495013167352,0.278
48,0.7,0.9607555555555556,0.3314864482387089,0.20635643741349874,0.18743965889894876,-0.01891677851454998,0.27508333333333335
49,0.7,0.9608306712962964,0.17835764600414983,0.19668464066319802,0.17813101180354995,-0.018553628859648064,0.2692777777777778
50,0.7,0.9611627314814815,0.3484242179324196,0.1918864634792108,0.16405583018904513,-0.027830633290165663,0.2718333333333333
51,0.7,0.955369675925926,0.31514099558667996,0.29720368519135953,0.2854961857703693,-0.011707499420990253,0.2555277777777778
52,0.7,0.9578785879629629,0.18251086667186756,0.2556662104128228,0.21312156470166121,-0.042544645711161566,0.28633333333333333
53,0.7,0.9420428240740741,0.2966023894164391,0.317050735268971,0.3069469297995203,-0.010103805469450666,0.24959722222222222
54,0.7,0.9737425925925925,0.16574770034936848,0.13116423794630305,0.11554023395867152,-0.01562400398763153,0.2784027777777778
55,0.7,0.9528483796296298,0.09788269508053271,-0.14212090233592178,-0.1851356098093806,-0.04301470747345881,0.26890277777777777
56,0.7,0.9467962962962962,0.20488555866043645,0.27630751475830484,0.2681419050423608,-0.008165609715944044,0.2661527777777778
57,0.7,0.9545797453703703,0.01241039144215006,0.15829645520332147,0.16747699458849286,0.009180539385171382,0.2695
58,0.7,0.9406476851851853,0.14205724567195321,0.1751137800330521,0.12346702954809041,-0.0516467504849617,0.2619166666666667
59,0.7,0.9387987268518518,0.30010089038486953,0.1907776663296915,0.20243433665808663,0.011656670328395125,0.2591527777777778
60,0.7,0.9614099537037039,0.14938953345682615,0.24042241440186973,0.25614775917372745,0.01572534477185772,0.2623888888888889
61,0.7,0.962574074074074,0.19620315130475507,0.0008819939866797633,-0.02640816189145534,-0.027290155878135103,0.27625
62,0.7,0.9664428240740741,0.1275312761439058,0.16781792125481254,0.15362653760627631,-0.014191383648536227,0.2893472222222222
63,0.7,0.9632083333333336,0.23495633029724872,0.18992476188373753,0.15058979130280703,-0.039334970580930495,0.2785416666666667
64,0.7,0.9614357638888889,0.21506124623964196,0.22859845521801558,0.23509293734593428,0.006494482127918699,0.27491666666666664
65,0.7,0.962371412037037,0.14279498424749193,0.1395249730505569,0.1127731652252747,-0.026751807825282192,0.2689166666666667
66,0.7,0.9543098379629629,0.17267346697009778,0.2239499397678123,0.23332103081629196,0.009371091048479663,0.28506944444444443
67,0.7,0.9649193287037038,0.19403859557507386,0.11757657388573173,0.19979178014160526,0.08221520625587353,0.291375
68,0.7,0.9601513888888888,0.2620655731592334,0.10433536830258539,0.10511054606750969,0.0007751777649243063,0.29058333333333336
69,0.7,0.9514662037037036,0.21869308171195034,0.2473700360695058,0.24427712574855187,-0.0030929103209539344,0.2714861111111111
70,0.7,0.961902199074074,0.013239681676868953,0.1652478052886962,0.12098790581441965,-0.044259899474276554,0.2733055555555556
71,0.7,0.9504633101851852,0.32116069382696455,0.2683834929162432,0.26388812108454085,-0.004495371831702344,0.2495138888888889
72,0.7,0.9662708333333333,0.24126390054369962,0.17103049416152294,0.17995078747280369,0.008920293311280747,0.276
73,0.7,0.9633900462962961,0.28324061653865795,-0.04273283153245,0.039339529350161606,0.0820723608826116,0.29147222222222224
74,0.7,0.9474972222222222,0.25786911627024434,0.13118675907044697,0.08665206621827792,-0.044534692852169044,0.2530972222222222
75,0.7,0.9542697916666666,0.13063256080070185,0.303075588453648,0.3137181769565579,0.010642588502909889,0.2630138888888889
76,0.7,0.9663096064814815,0.3233631260104257,0.2880575844299319,0.29164567506373273,0.0035880906338008334,0.28552777777777777
77,0.7,0.9648065972222223,0.22688679140697254,0.15666725082575694,0.17854565418371537,0.02187840335795843,0.2828888888888889
78,0.7,0.9730840277777778,0.263058341436912,0.30696849342454846,0.318413691869183,0.011445198444634541,0.28525
79,0.7,0.9625410879629629,0.1373360076183313,0.2371335871130439,0.24195136430931674,0.004817777196272854,0.26979166666666665
80,0.7,0.9747197916666667,0.12463396872123855,-0.1603746239633559,-0.17901278094037543,-0.018638156977019538,0.28502777777777777
81,0.7,0.953248611111111,0.2054384566081292,0.15699233895239328,0.19034332458522685,0.03335098563283356,0.28076388888888887
82,0.7,0.960725,0.3154021164359093,0.18605353200022667,0.16632699727949007,-0.0197265347207366,0.27558333333333335
83,0.7,0.9527104166666667,0.16344937581087726,0.1819052605205289,0.18031673099627865,-0.0015885295242502595,0.27266666666666667
84,0.7,0.9708685185185186,0.16064842248570022,0.18896313808800191,0.20962594535857115,0.02066280727056924,0.28381944444444446
85,0.7,0.9621636574074074,0.3874105749281822,0.009803449485892513,0.04694101251306093,0.03713756302716842,0.27243055555555556
86,0.7,0.9502275462962961,0.1913400339483765,0.1656475331786461,0.1381482756748058,-0.027499257503840302,0.2804583333333333
87,0.7,0.9634881944444444,0.2833288495477677,0.3474182800943819,0.3489487153967542,0.0015304353023722905,0.27491666666666664
88,0.7,0.9547016203703703,0.2220847489922213,0.2967034074164423,0.2893599699388363,-0.0073434374776060185,0.2790972222222222
89,0.7,0.9479987268518518,0.3800214668081614,0.3486698158641617,0.343707096849694,-0.004962719014467654,0.2628611111111111
90,0.7,0.9526348379629629,0.08339788910087709,-0.3020930433882767,-0.39759984498167134,-0.09550680159339464,0.2700416666666667
91,0.7,0.9610355324074075,0.21795374987465632,0.2981687408501752,0.2685606539821901,-0.029608086867985106,0.2725138888888889
92,0.7,0.9590680555555556,0.21441767506630127,0.07065810816437013,0.046255518334846646,-0.02440258982952348,0.27268055555555554
93,0.7,0.9461253472222223,0.25480523799620713,0.29070236516017023,0.2993785115494375,0.00867614638926728,0.2592361111111111
94,0.7,0.9448314814814814,0.3383061985725352,0.2927450133020778,0.29220226899178736,-0.0005427443102904439,0.25733333333333336
95,0.7,0.9555855324074075,0.12497487394293438,-0.0459575687993421,-0.02952024924010299,0.016437319559239105,0.28888888888888886
96,0.7,0.9637305555555556,0.2455887423382217,0.1906447627225808,0.20416471602497088,0.013519953302390086,0.27847222222222223
97,0.7,0.9568061342592592,0.23390065657742798,0.221355271467795,0.22253932364485096,0.001184052177055972,0.266875
98,0.7,0.9596711805555556,0.10678026336512847,0.17972272292088942,0.11533212291270911,-0.06439060000818031,0.2835
99,0.7,0.9673369212962962,0.24933928672373906,0.21046045721695616,0.21332119337940159,0.002860736162445421,0.2860138888888889
0,0.75,0.973278587962963,0.13224013347325525,0.11362537738199963,0.13501416749256723,0.0213887901105676,0.28747222222222224
1,0.75,0.9666642361111112,0.34297239506303,-1.7499784777675456,-1.8310813532949526,-0.08110287552740703,0.2890138888888889
2,0.75,0.9785349537037037,0.2033776594050748,0.22997169127665873,0.2159667578571276,-0.01400493341953113,0.315125
3,0.75,0.9658435185185185,0.30364496253625306,-1.312508863032332,-1.150286641533509,0.16222222149882315,0.2773888888888889
4,0.75,0.9772611111111112,0.16008868379188634,-0.05087450239781388,-0.11617595529565894,-0.06530145289784506,0.2985
5,0.75,0.9681527777777778,0.19625722224642772,0.22908117913758108,0.2538497596450382,0.024768580507457116,0.27641666666666664
6,0.75,0.9767673611111111,0.3164202668582392,0.19577870924262053,0.056860008396450334,-0.1389187008461702,0.3143611111111111
7,0.75,0.9761495370370371,0.42080318357912294,-0.4128933502410006,-0.4713336387567939,-0.058440288515793304,0.31130555555555556
8,0.75,0.9768615740740741,0.18895921106555236,-0.7938648068803933,-1.025288111479421,-0.2314233045990277,0.28144444444444444
9,0.75,0.9525210648148148,0.31823343568433193,0.21763372198079056,0.21292855683270218,-0.004705165148088386,0.2578888888888889
10,0.75,0.9660879629629631,0.22079835089424582,0.20509399018119578,0.1856034798779117,-0.01949051030328408,0.28994444444444445
11,0.75,0.9760273148148149,0.3392375831236265,0.22400200098992695,0.18811269877593895,-0.035889302213988006,0.32025
12,0.75,0.9805012731481481,0.1397998912361067,0.22018825032085876,0.20636821728308674,-0.013820033037772017,0.28575
13,0.75,0.9678322916666667,0.27515480958932015,0.2639943850296772,0.3127031691180815,0.04870878408840429,0.2906388888888889
14,0.75,0.9776184027777779,0.24393535094198537,-1.4736260733155495,-1.3866404832172594,0.0869855900982901,0.28920833333333335
15,0.75,0.9700023148148148,0.34883989200183574,0.36609614971675486,0.39291890784124683,0.026822758124491974,0.29968055555555556
16,0.75,0.9661962962962961,0.3780582579471832,0.2331651444788294,0.2754929283712415,0.042327783892412096,0.2964861111111111
17,0.75,0.9686174768518518,0.28260402179843114,0.22896622874073969,0.2256764867803298,-0.0032897419604098754,0.2746527777777778
18,0.75,0.9725024305555555,0.059221086366314846,0.023558706360773618,-0.019856662209651432,-0.04341536857042505,0.2907777777777778
19,0.75,0.9751109953703704,0.3825231684962439,0.25041312798394455,0.2247625112119448,-0.025650616771999757,0.29388888888888887
20,0.75,0.9736181712962964,0.21286647942237447,0.31551638667091053,0.33300203994567357,0.017485653274763036,0.29168055555555555
21,0.75,0.968740162037037,0.1957487956995917,0.29119085524681654,0.28666209274999344,-0.004528762496823102,0.28802777777777777
22,0.75,0.9714011574074074,0.4120704190732324,-0.1709121862709253,-0.3036529578292042,-0.1327407715582789,0.2940138888888889
23,0.75,0.9665318287037037,0.27787018613169845,0.34595659114225163,0.33201457481694274,-0.013942016325308892,0.28315277777777775
24,0.75,0.9706056712962963,0.3518581534753209,0.35481628474135074,0.36050684250001996,0.0056905577586692235,0.2698055555555556
25,0.75,0.9762163194444445,0.23407431872340634,0.14587390479202178,0.12065626763590354,-0.025217637156118244,0.30543055555555554
26,0.75,0.9756758101851853,0.10307301404020308,0.04993584119003891,0.05569350157671671,0.005757660386677799,0.31019444444444444
27,0.75,0.9758387731481482,0.3931559169477393,0.35122526456697445,0.3481899731296557,-0.0030352914373187323,0.29356944444444444
28,0.75,0.9672434027777778,0.3831642775062055,-0.8369586522691028,-0.7552712770972776,0.08168737517182523,0.3027638888888889
29,0.75,0.9609062500000002,0.30579224868460775,0.32964981624304324,0.31218207780157403,-0.017467738441469205,0.2779861111111111
30,0.75,0.9788789351851852,0.2867767311772188,0.278731780081525,0.3122796791358581,0.033547899054333086,0.298375
31,0.75,0.9735976851851852,0.13448511864838675,0.21178314081990823,0.21916136140728704,0.007378220587378803,0.29288888888888887
32,0.75,0.9684122685185185,0.22201642920177223,0.38192602721881475,0.3629658526887519,-0.018960174530062823,0.29118055555555555
33,0.75,0.9745354166666665,0.24257275754312047,0.2832381096012181,0.2891634199393074,0.005925310338089296,0.3035277777777778
34,0.75,0.9600444444444444,0.2668872978947856,0.1554632259716212,0.15624639219999537,0.0007831662283741547,0.268875
35,0.75,0.975903587962963,0.073154450897703,-0.04206441144769091,-0.10390000265459443,-0.06183559120690352,0.2955277777777778
36,0.75,0.9739260416666666,0.09421720815925982,0.17811570678428135,0.15513398531665146,-0.02298172146762989,0.30694444444444446
37,0.75,0.9642993055555555,0.3226926993781921,0.27976417266458065,0.2584945884406097,-0.02126958422397096,0.29330555555555554
38,0.75,0.9594041666666668,0.21839907294158223,0.2791272451327351,0.2810759648685469,0.001948719735811788,0.27379166666666666
39,0.75,0.9598099537037038,0.29643847835320747,0.27193537264558965,0.24804438009701335,-0.023890992548576295,0.281875
40,0.75,0.9745093750000001,0.15116465351786934,0.2709200196415045,0.2787108727915668,0.007790853150062338,0.2839583333333333
41,0.75,0.9751280092592592,0.289986309108085,0.008147474439712088,-0.05509438226582519,-0.06324185670553728,0.310375
42,0.75,0.968060763888889,0.2574593121258587,0.2909500446212504,0.2775718518857454,-0.013378192735505001,0.287625
43,0.75,0.9722910879629629,0.18268626050983094,0.23354017595796184,0.23581746312437923,0.0022772871664173966,0.2795972222222222
44,0.75,0.9731377314814814,0.1139717901324544,-0.26406661797422193,-0.21043984264912163,0.053626775325100295,0.30168055555555556
45,0.75,0.9734055555555555,0.28137216173873325,0.2815545181250376,0.2393711161296178,-0.04218340199541981,0.29793055555555553
46,0.75,0.9716212962962962,0.1135883562656892,0.25821852289194835,0.2558219216487996,-0.002396601243148777,0.2796111111111111
47,0.75,0.9365956018518519,0.07055959694708036,0.11048892795839416,0.10115680824653639,-0.009332119711857767,0.256125
48,0.75,0.970452199074074,0.1562541877000817,0.29003155589460095,0.29034243975915364,0.00031088386455269124,0.28744444444444445
49,0.75,0.965328125,0.22047753958561112,-0.043950213045968356,0.03200030006545229,0.07595051311142065,0.29229166666666667
50,0.75,0.9726133101851852,0.19266138313561953,0.0883289634199258,0.11023847926712194,0.021909515847196137,0.28881944444444446
51,0.75,0.9684115740740741,0.33507465598254915,0.2573776978228657,0.21961993200839114,-0.03775776581447454,0.3020833333333333
52,0.75,0.9639037037037036,0.32289447865178467,0.3190304995366936,0.30251116090699126,-0.01651933862970234,0.28930555555555554
53,0.75,0.9726466435185185,0.18265895303389956,0.20869507973898638,0.2358130881434346,0.027118008404448224,0.2955277777777778
54,0.75,0.9790873842592593,0.18756317626902808,0.20067854291745135,0.18434797512586798,-0.016330567791583372,0.2871388888888889
55,0.75,0.9645984953703705,0.18559155637674207,-1.7310503089256875,-2.0868104431080448,-0.3557601341823573,0.2937916666666667
56,0.75,0.9707539351851852,0.195560805480694,-0.48859214517103755,-0.5531817151935567,-0.0645895700225192,0.2790138888888889
57,0.75,0.9544092592592593,0.2848591611712712,0.37744392109711344,0.36115597042853775,-0.01628795066857569,0.26829166666666665
58,0.75,0.9753064814814815,-0.05192789905819395,0.10829290787035928,0.139477687207061,0.031184779336701718,0.29827777777777775
59,0.75,0.973507523148148,0.1854220101559333,0.23757615059346826,0.2386928697124976,0.0011167191190293302,0.2848611111111111
60,0.75,0.9702327546296297,0.28501910923880314,-0.05346190989082866,-0.023022635058196794,0.03043927483263187,0.29270833333333335
61,0.75,0.9737909722222223,0.2473991510172867,0.3084986724247458,0.3273752340873667,0.01887656166262086,0.29306944444444444
62,0.75,0.9761321759259259,0.29156963920624435,-0.03400115309591856,-0.04108478426062834,-0.0070836311647097805,0.2894583333333333
63,0.75,0.9748384259259258,0.13888563118596697,0.25312228459576924,0.2783380388733552,0.025215754277585933,0.3071388888888889
64,0.75,0.9601241898148146,0.24769980173347417,0.3105099315350668,0.28054198927353313,-0.029967942261533653,0.27608333333333335
65,0.75,0.9749541666666666,0.13636683536954097,-0.09662330230199556,-0.05761815140341753,0.039005150898578034,0.29627777777777775
66,0.75,0.9778377314814816,0.16807622017824198,0.342250023935332,0.31452183038003834,-0.027728193555293656,0.3057361111111111
67,0.75,0.9762150462962963,0.23251232652509124,0.05283441150378554,0.04957742748573557,-0.0032569840180499687,0.30522222222222223
68,0.75,0.979617013888889,0.21884387755798473,-3.020797278579277,-2.755653222033877,0.26514405654539974,0.31216666666666665
69,0.75,0.9643296296296299,0.29218035595367275,-0.5433803185018848,-0.393870929437415,0.14950938906446987,0.27979166666666666
70,0.75,0.9738583333333333,0.2905578849209628,-0.23944040730221205,-0.2940602745780023,-0.05461986727579027,0.2964583333333333
71,0.75,0.9577840277777777,0.40270431797890194,-0.47191422521117943,-0.4511185954649233,0.02079562974625615,0.2708333333333333
72,0.75,0.9678737268518519,0.13601755136164984,0.12588600096567515,0.07805197897550864,-0.04783402199016651,0.28402777777777777
73,0.75,0.9712793981481482,0.14966469257663917,0.12674811577683598,0.07242511321497269,-0.05432300256186329,0.2944027777777778
74,0.75,0.9698847222222221,0.37173171690737217,0.34943438027272034,0.2730722466909038,-0.07636213358181654,0.28147222222222223
75,0.75,0.9758550925925927,0.27366017773984685,0.0627501687142572,0.09862529229027783,0.03587512357602063,0.301875
76,0.75,0.976123611111111,0.15271589842151034,0.1122309323798264,0.08086684586102433,-0.03136408651880207,0.30794444444444447
77,0.75,0.9807925925925925,0.4128320258826338,-0.6095641811018382,-0.5629787716998631,0.046585409401975086,0.304375
78,0.75,0.9645152777777778,0.06663893957742884,0.09442722685350258,0.042827434218482896,-0.05159979263501968,0.2936111111111111
79,0.75,0.9655874999999999,0.21791491444475286,0.23808609281722504,0.20240938507694006,-0.035676707740284974,0.2766388888888889
80,0.75,0.9689193287037038,0.17708644034831433,0.2476012637120829,0.24940647746832556,0.0018052137562426518,0.29031944444444446
81,0.75,0.9698125000000001,0.43050105264386584,0.18700872314881012,0.24069591227232456,0.053687189123514445,0.3056111111111111
82,0.75,0.9492408564814815,0.16880257441025637,0.1514773035625595,0.15225498961911887,0.000777686056559368,0.2727361111111111
83,0.75,0.9581084490740741,0.3180198101985706,0.3444208139249495,0.3529361787062323,0.008515364781282786,0.270625
84,0.75,0.9709900462962963,0.17403320473009243,0.23104673810468357,0.22863577382333944,-0.00241096428134413,0.30643055555555554
85,0.75,0.9717270833333332,0.2584710760908836,0.16653811815937736,0.16247385512820323,-0.004064263031174131,0.29568055555555556
86,0.75,0.9759111111111111,0.22547638589679353,0.21273555767446073,0.17007663385279492,-0.042658923821665806,0.29681944444444447
87,0.75,0.9645280092592593,0.40995248906735904,0.22271233128452306,0.23833628339292878,0.015623952108405725,0.28820833333333334
88,0.75,0.9610644675925927,0.32633380798568434,-0.3857204033450121,-0.38899547516720934,-0.0032750718221972175,0.27458333333333335
89,0.75,0.9773186342592594,0.22001340256436752,-1.287154340426376,-1.1873420326507613,0.09981230777561478,0.28494444444444444
90,0.75,0.9761443287037036,0.12102517108634159,-0.6887677123492173,-0.6491578944493424,0.039609817899874944,0.30783333333333335
91,0.75,0.9697277777777776,0.14956073553518667,-0.14374390295406836,-0.12306964983281721,0.02067425312125115,0.3016666666666667
92,0.75,0.971659837962963,0.1909238150632021,0.2290934598871448,0.2180028003394715,-0.011090659547673298,0.30616666666666664
93,0.75,0.9665107638888889,0.3638095550000847,0.24698141196951373,0.21606506212910537,-0.030916349840408364,0.2757361111111111
94,0.75,0.9713825231481481,0.15884546434311553,0.21190511152285574,0.20017608907931173,-0.011729022443544013,0.29756944444444444
95,0.75,0.9736344907407407,0.23267991364163865,-0.08129294748364169,-0.10155329045632278,-0.02026034297268109,0.30295833333333333
96,0.75,0.9671130787037038,0.09664037460804109,0.13246305486658838,0.11384038020346654,-0.01862267466312184,0.2788333333333333
97,0.75,0.9632628472222221,0.15931606946353805,0.33823879083476394,0.3110358557278071,-0.027202935106956816,0.2859861111111111
98,0.75,0.9299621527777777,0.3174687429034425,0.27026561251639203,0.25849797543503017,-0.01176763708136186,0.2561805555555556
99,0.75,0.9751361111111111,0.2806785212972085,-0.07666145996300822,-0.10731662001606734,-0.030655160053059127,0.30318055555555556
0,0.8,0.9786146990740741,0.2633540538961072,0.26737269305204425,0.2888000413989118,0.021427348346867547,0.3057638888888889
1,0.8,0.9811336805555556,0.34082843372395355,-0.32364866344618015,-0.2478820258799399,0.07576663756624025,0.32206944444444446
2,0.8,0.9868670138888889,0.19408108537843427,0.2074332040194128,0.22815338517011152,0.020720181150698735,0.3356527777777778
3,0.8,0.980479513888889,0.14225865300406348,-1.7343759027572117,-1.5076378554946421,0.22673804726256952,0.3233333333333333
4,0.8,0.9843084490740742,0.32361505873674923,-0.3760172368907877,-0.49816754305635147,-0.12215030616556377,0.33266666666666667
5,0.8,0.9710833333333334,0.18272900099739575,0.12275972914503541,0.16553584565276447,0.042776116507729056,0.2970277777777778
6,0.8,0.9768940972222223,0.3621738237942065,0.20524137252797436,0.20703103631895114,0.001789663790976781,0.30327777777777776
7,0.8,0.9876106481481483,0.16677197514562414,0.1730488063589115,0.16560648054404659,-0.007442325814864925,0.32395833333333335
8,0.8,0.9702902777777777,0.18491298189652994,0.26817530354469754,0.29529376315706823,0.027118459612370693,0.2878472222222222
9,0.8,0.9812085648148147,0.14988417103566387,-0.033396987847413184,-0.05771533822296737,-0.024318350375554187,0.3357361111111111
10,0.8,0.9764796296296296,0.3058025568304994,0.003920875990235051,-0.0010063971453413423,-0.004927273135576393,0.29880555555555555
11,0.8,0.972739814814815,0.1249572053721445,0.22582131637281788,0.23769313135731074,0.011871814984492857,0.2962361111111111
12,0.8,0.9566783564814815,0.44568570903856664,0.36296069654807783,0.3568601665921244,-0.006100529955953449,0.30170833333333336
13,0.8,0.9762033564814816,0.35647428558704486,-0.723209352722954,-0.5295451845460606,0.19366416817689336,0.29141666666666666
14,0.8,0.9773068287037038,0.21737353852449037,-1.13950115040869,-1.1310630703929672,0.008438080015722882,0.30536111111111114
15,0.8,0.9724078703703705,0.17844701972053867,0.12590133497665001,0.10053993953782725,-0.025361395438822765,0.29856944444444444
16,0.8,0.9819976851851852,0.21280464667309684,0.31528024191988224,0.29470944211079697,-0.02057079980908527,0.3103472222222222
17,0.8,0.9822587962962963,0.2924159378419485,0.2615282808025058,0.27821406242593394,0.016685781623428153,0.32429166666666664
18,0.8,0.9787564814814814,0.27781962740245025,-2.4423127203718455,-2.4644358757589258,-0.022123155387080207,0.3075
19,0.8,0.9878484953703702,0.22333472253674924,0.20487799570041476,0.19662244236665793,-0.008255553333756827,0.3292083333333333
20,0.8,0.9865206018518519,0.2785314419330207,0.24931514181498615,0.2453800494929158,-0.003935092322070344,0.32275
21,0.8,0.9734546296296296,0.2506484880533899,0.17224716987774658,0.1811273878019175,0.00888021792417093,0.300375
22,0.8,0.9772913194444445,0.2188400074486342,0.28897727784450644,0.25024226260076454,-0.0387350152437419,0.30468055555555557
23,0.8,0.9746993055555556,0.22905770747333287,-0.28234847011631214,-0.43335094301767874,-0.1510024729013666,0.3183611111111111
24,0.8,0.9871643518518519,0.20133478810903616,0.18243801295462203,0.18181579740557674,-0.0006222155490452908,0.3444861111111111
25,0.8,0.9745483796296296,0.381211684886961,0.30692207716713227,0.3080281957211811,0.0011061185540488516,0.3151388888888889
26,0.8,0.9832197916666668,0.37418942602566707,-1.0132749117222648,-1.0313171922783222,-0.01804228055605739,0.3152361111111111
27,0.8,0.9810063657407407,0.40236054341190874,0.11581384041951903,0.1449554154820476,0.02914157506252857,0.3155972222222222
28,0.8,0.9640773148148147,0.29204617774976993,0.1912216397930423,0.20207555293708457,0.010853913144042271,0.2781527777777778
29,0.8,0.9678319444444444,0.30080716123289475,0.018745467341039324,0.008945212019355053,-0.00980025532168427,0.3008194444444444
30,0.8,0.9809905092592593,0.23812789707687976,-0.05823033632766439,-0.012691466076679259,0.04553887025098513,0.304875
31,0.8,0.9819305555555555,0.25638704810256463,-0.29093480344312406,-0.4233869763960125,-0.13245217295288847,0.32384722222222223
32,0.8,0.9721005787037037,0.3814771977114656,0.18760037434512178,0.1877484562679288,0.0001480819228070196,0.2919027777777778
33,0.8,0.9751765046296296,0.12061089914843104,0.19220111871934464,0.16479678148949883,-0.02740433722984581,0.29915277777777777
34,0.8,0.9644598379629629,0.21638935194546394,0.1833950774075418,0.1716602968657558,-0.011734780541786005,0.300875
35,0.8,0.9772826388888888,0.3019530052930469,0.20772872947455823,0.20841844465626702,0.0006897151817087943,0.30033333333333334
36,0.8,0.9808952546296297,0.28592685483978675,0.2645399777803006,0.26198789096887354,-0.0025520868114270456,0.31740277777777776
37,0.8,0.9752280092592592,0.2428558572115681,0.09841199657624344,0.01405797181826629,-0.08435402475797715,0.29480555555555554
38,0.8,0.9790295138888888,0.27313424243142015,-0.236393138717508,-0.2751703885088008,-0.03877724979129282,0.3194722222222222
39,0.8,0.9762724537037037,0.23915491168435088,-0.0024785486316409866,0.006377982968143625,0.008856531599784612,0.30554166666666666
40,0.8,0.9845222222222222,0.3367049238229296,0.21862726371713714,0.21081437927292046,-0.007812884444216683,0.3118888888888889
41,0.8,0.9856236111111111,0.4502794774237472,-0.19691750589835633,-0.2933365845556426,-0.09641907865728627,0.34425
42,0.8,0.9776726851851851,0.2914111276801009,0.23578543977960342,0.22424218858088318,-0.011543251198720239,0.31622222222222224
43,0.8,0.9739162037037037,0.20733761435628217,0.0008663822730788917,0.009266811207604642,0.00840042893452575,0.30359722222222224
44,0.8,0.9764283564814814,0.17456043046516534,0.21305185533685045,0.22262063157981427,0.009568776242963817,0.311125
45,0.8,0.9692210648148148,0.2704184382376321,-0.2571878973634705,-0.19655808106318728,0.06062981630028319,0.3110277777777778
46,0.8,0.9772305555555555,0.1832979219946257,0.23513284893673136,0.2310591750196911,-0.004073673917040277,0.30536111111111114
47,0.8,0.9805341435185184,0.1929301219835846,0.09636067017770278,0.10868643188281468,0.012325761705111904,0.3255138888888889
48,0.8,0.9820328703703703,0.2796379686450011,-0.13509475608406807,-0.15798409334679242,-0.022889337262724352,0.32130555555555557
49,0.8,0.9822105324074073,0.3429221220783053,-0.5098892473914123,-0.4145926485472331,0.09529659884417918,0.3357222222222222
50,0.8,0.9840018518518518,0.21238280277873045,0.24010461264155458,0.2560633692390507,0.015958756597496127,0.2975
51,0.8,0.9862278935185186,0.15553074672236666,0.1714902700353237,0.17133223934693975,-0.00015803068838393663,0.32384722222222223
52,0.8,0.9789129629629629,0.1698616089851882,0.24854596395167905,0.2527471346819392,0.004201170730260162,0.3043472222222222
53,0.8,0.9759392361111111,0.29326839382211556,0.027911069753926432,0.03483827879144241,0.00692720903751598,0.3015555555555556
54,0.8,0.983922337962963,0.1923353998853664,-1.0619522743032763,-1.033438865754511,0.028513408548765273,0.30905555555555553
55,0.8,0.9810710648148149,0.2605317898650108,0.20120036934015828,0.1403362486510692,-0.060864120689089085,0.30480555555555555
56,0.8,0.9789460648148148,0.13668845401222418,0.22462209180589487,0.21227122113270847,-0.01235087067318641,0.32579166666666665
57,0.8,0.9852886574074073,0.24972841287186687,-0.5975060805857428,-0.5310277445299765,0.06647833605576636,0.31433333333333335
58,0.8,0.9872666666666667,0.21314039461286793,0.19165882928690192,0.1869822762139457,-0.004676553072956224,0.3111111111111111
59,0.8,0.9766810185185185,0.3409688340574323,0.32071937809030826,0.32957274883212984,0.008853370741821576,0.3027222222222222
60,0.8,0.9851164351851852,0.3111834568781906,0.1313574304358337,0.10625702645435575,-0.025100403981477948,0.34481944444444446
61,0.8,0.9642715277777777,0.32689704253951735,-0.15381680391355212,-0.08116777129477559,0.07264903261877653,0.27344444444444443
62,0.8,0.9843873842592593,0.2249616803028064,0.1839985829839793,0.15290154168257053,-0.03109704130140878,0.31440277777777775
63,0.8,0.9795957175925926,0.2515512425516525,0.07463867205041774,0.06878057607931287,-0.005858095971104871,0.3103611111111111
64,0.8,0.9823780092592593,0.2989218540197768,0.222639010635866,0.22053265944508926,-0.002106351190776734,0.3094027777777778
65,0.8,0.9764317129629628,0.3964467416876264,0.2958442040202126,0.2981682027481035,0.002323998727890908,0.3063472222222222
66,0.8,0.9768121527777778,0.22329078774783329,0.22666415597604428,0.2248043160045199,-0.0018598399715243907,0.3163611111111111
67,0.8,0.9807638888888889,0.14625442691280244,0.27951149530036146,0.2628381408311823,-0.01667335446917917,0.3094027777777778
68,0.8,0.973470138888889,0.3455633039302838,-2.912171825320874,-2.9679822455471196,-0.055810420226245494,0.30020833333333335
69,0.8,0.9690481481481482,0.27410572014214274,-1.5399796001671722,-1.9686386676892722,-0.42865906752210003,0.3022361111111111
70,0.8,0.983190162037037,0.12944655229950064,-1.4815653149470593,-1.518187617546202,-0.036622302599142564,0.3160972222222222
71,0.8,0.9732868055555555,0.33632586173966084,0.22724372778604507,0.26681928361761775,0.039575555831572684,0.2823888888888889
72,0.8,0.9822282407407407,0.11846674492154752,-0.21550245197298357,-0.13586678860171708,0.07963566337126649,0.3053194444444444
73,0.8,0.9714614583333333,0.3573610706504866,0.3321154957045117,0.33989898246295736,0.007783486758445646,0.29530555555555554
74,0.8,0.9860586805555555,0.281268717802866,0.2506493655931761,0.2606084540727638,0.009959088479587708,0.32952777777777775
75,0.8,0.9794275462962964,0.15553205092979205,0.05569955104131663,-0.008798164603562864,-0.0644977156448795,0.31119444444444444
76,0.8,0.9768686342592593,0.2981903040530326,0.3145564122907818,0.2988231896059417,-0.01573322268484012,0.3213611111111111
77,0.8,0.9752459490740741,0.2356953745957595,0.2333649743690076,0.261761738561909,0.02839676419290138,0.32205555555555554
78,0.8,0.9713357638888889,0.13236285570560857,-0.012075374519647575,-0.017904291884560664,-0.005828917364913089,0.3005
79,0.8,0.9840684027777779,0.1466961912703707,-0.05179235250118519,-0.054702846852448195,-0.0029104943512630044,0.3307777777777778
80,0.8,0.9796924768518519,0.27822722125034616,-0.48927286608619114,-0.34043812947315266,0.14883473661303848,0.30719444444444444
81,0.8,0.9738886574074073,0.17889620553996166,0.23901101354820853,0.24162815725038245,0.0026171437021739186,0.2990138888888889
82,0.8,0.9873049768518518,0.11369532067830745,0.13759681166585935,0.14754802062885053,0.009951208962991176,0.3277361111111111
83,0.8,0.9744285879629629,0.1643368005521222,0.07101461271030685,0.14733641426580957,0.07632180155550272,0.31404166666666666
84,0.8,0.974847337962963,0.26004982266805665,-0.8666553126380403,-0.8913481071279183,-0.024692794489878045,0.286625
85,0.8,0.9768182870370371,0.1705833136941347,0.17867586274616876,0.19774729712935246,0.019071434383183705,0.29338888888888887
86,0.8,0.9789813657407408,0.2841484885394404,-0.21107216729335043,-0.30776312450623866,-0.09669095721288823,0.2852638888888889
87,0.8,0.9692837962962964,0.2446225246755852,-0.8845684646077792,-0.7869428463865282,0.09762561822125093,0.3157361111111111
88,0.8,0.9809872685185187,0.26000148587604555,-1.1944264297782126,-1.3554899673405467,-0.16106353756233416,0.29883333333333334
89,0.8,0.9748496527777778,0.23318776143716224,-3.01771680129721,-2.6098481051523748,0.40786869614483523,0.3064861111111111
90,0.8,0.9844723379629631,0.10763742995952574,0.011322500932835933,-0.07181694137968142,-0.08313944231251735,0.32284722222222223
91,0.8,0.9763606481481482,0.29550837982141576,-0.12921370576748137,0.00040936431545479657,0.12962307008293616,0.29643055555555553
92,0.8,0.9827601851851853,0.15979953695577842,-0.45319776230641673,-0.6075809491057904,-0.15438318679937368,0.32806944444444447
93,0.8,0.9779817129629631,0.27637937833357484,0.11249386384680049,0.11437950200809699,0.001885638161296499,0.3165
94,0.8,0.9835090277777777,0.11884444553812312,0.23168552666737485,0.21809205245777719,-0.013593474209597667,0.31369444444444444
95,0.8,0.9754800925925927,0.23902398991038254,0.10923790216437668,0.13666456022871565,0.02742665806433897,0.2947777777777778
96,0.8,0.9775653935185185,0.17390916495767406,0.25896603806030827,0.28083738947092773,0.021871351410619466,0.29515277777777776
97,0.8,0.9714843749999998,0.18304351364013227,0.19269169895838345,0.20370129877372423,0.011009599815340776,0.30093055555555553
98,0.8,0.9663938657407408,0.1542584028159215,0.3001036514509834,0.30901292554529114,0.00890927409430775,0.30030555555555555
99,0.8,0.9731111111111111,0.1962762081787972,-0.3234705882649691,-0.32208494553636435,0.0013856427286047523,0.3196111111111111
0,0.85,0.981353125,0.3144180983085306,0.11859847972425308,-0.04356527997068138,-0.16216375969493446,0.3229722222222222
1,0.85,0.9794858796296295,0.20115164666308638,0.11010144269381261,0.1222944535178001,0.012193010823987493,0.31177777777777776
2,0.85,0.9780148148148148,0.1920887505222526,-2.036710623774586,-2.036110178786068,0.0006004449885179675,0.3218611111111111
3,0.85,0.9932232638888889,0.36905378376014863,-1.8886545323478994,-1.4121992612607341,0.47645527108716523,0.35959722222222223
4,0.85,0.9830329861111111,0.3974619840197744,-1.420407392038201,-1.1132341786242237,0.3071732134139773,0.33202777777777776
5,0.85,0.9752152777777777,0.3326081080307496,0.16465064463203694,0.17687145782365699,0.01222081319162005,0.32072222222222224
6,0.85,0.9846483796296296,0.18335852985529877,-2.1176885066751416,-1.8419209563065713,0.27576755036857037,0.3322222222222222
7,0.85,0.9871421296296297,0.33402567357466506,0.12649466774951112,0.1613584366465437,0.03486376889703258,0.34069444444444447
8,0.85,0.9866554398148147,0.34656939334587655,-0.2215487105438343,-0.4020077090483838,-0.1804589985045495,0.32734722222222223
9,0.85,0.9850548611111111,0.2561747845061747,0.204377025990502,0.21050432467985003,0.006127298689348026,0.33561111111111114
10,0.85,0.9862898148148146,0.24157255750772133,-0.1476014227565543,-0.23472456074650316,-0.08712313798994886,0.34575
11,0.85,0.9807996527777777,0.1547047559212733,-0.6989304983343809,-0.5058546180503438,0.1930758802840371,0.3225972222222222
12,0.85,0.9845079861111111,0.18640175114635882,0.03304668120079002,-0.041344515579727625,-0.07439119678051764,0.3304722222222222
13,0.85,0.9869844907407407,0.3760735304942775,-4.6066564111421275,-4.868360025436169,-0.2617036142940412,0.3460416666666667
14,0.85,0.9893528935185185,0.24014442068578523,-1.026492981033479,-1.1914097902719893,-0.16491680923851026,0.35080555555555554
15,0.85,0.9868796296296297,0.23093963362805747,0.09868830069382784,0.10718937282538477,0.00850107213155693,0.3284861111111111
16,0.85,0.9880681712962963,0.28270693456103246,-4.529221400796012,-3.2613964205789046,1.2678249802171075,0.3483611111111111
17,0.85,0.9895964120370371,0.2869286235534715,0.14012401985477185,0.17952889025856356,0.0394048704037917,0.3602916666666667
18,0.85,0.9804893518518519,0.37403392892940546,-8.756203426181845,-8.849421979460347,-0.09321855327850237,0.3242638888888889
19,0.85,0.981365162037037,0.15847574635338613,-1.9889746952821081,-1.9206355089880698,0.06833918629403835,0.3235277777777778
20,0.85,0.9821586805555556,0.31890090675543115,-12.180015123331305,-12.726024120225903,-0.5460089968945976,0.3314166666666667
21,0.85,0.9814804398148148,0.24635013683967488,-0.06225003866134693,-0.07241996425126529,-0.01016992558991836,0.32525
22,0.85,0.9794649305555555,0.39448775036316475,0.2216627823218058,0.22814703270473424,0.006484250382928436,0.3211527777777778
23,0.85,0.9862528935185185,0.22759016423173672,-1.9753911954003045,-2.0839213389653697,-0.10853014356506518,0.3164444444444444
24,0.85,0.984491550925926,0.1463981276465175,-3.1776346140596683,-3.5894895062494507,-0.41185489218978244,0.3224444444444444
25,0.85,0.9727995370370369,0.3412764636980471,0.1892714943074345,0.199683831330288,0.01041233702285349,0.3350416666666667
26,0.85,0.9839048611111112,0.2908768130922964,0.22087726971789468,0.17281035509212606,-0.04806691462576862,0.33881944444444445
27,0.85,0.9762902777777778,0.16566294459852082,0.177423928699871,0.1729832111400451,-0.004440717559825891,0.31766666666666665
28,0.85,0.9888688657407408,0.27041131747191083,0.02948301560664568,0.06264472936028431,0.03316171375363863,0.32952777777777775
29,0.85,0.9871319444444445,0.23914838845768516,0.027793951683867446,0.12142234983480371,0.09362839815093627,0.332875
30,0.85,0.9785322916666667,0.22856710524241297,0.03349334225433098,0.07755435585998927,0.044061013605658284,0.31858333333333333
31,0.85,0.9809112268518518,0.323680520785973,0.3775377530531757,0.3945306192426604,0.0169928661894847,0.31998611111111114
32,0.85,0.9836790509259258,0.23568872977195243,-1.5936999156514458,-1.8783205025651548,-0.28462058691370906,0.3189166666666667
33,0.85,0.9838752314814815,0.06351794428311042,-0.09640717838005464,-0.20174323373443714,-0.10533605535438251,0.34284722222222225
34,0.85,0.9864527777777777,0.30618237519313307,0.26292641991781984,0.27477414755632257,0.011847727638502725,0.31494444444444447
35,0.85,0.9883265046296296,0.31009579752698135,0.07077110666999298,0.01881510343334858,-0.0519560032366444,0.34275
36,0.85,0.9880895833333333,0.4877333682621795,-2.041291147064969,-1.7504117396797536,0.2908794073852152,0.33393055555555556
37,0.85,0.9801379629629631,0.34277197371198054,0.004946455176805475,-0.02401432203383025,-0.028960777210635724,0.311125
38,0.85,0.9840790509259261,0.2612312812579628,0.15580992384358372,0.1544886087599895,-0.0013213150835942322,0.31631944444444443
39,0.85,0.9763946759259259,0.261865383755987,0.2608363954270013,0.2373367348187595,-0.023499660608241824,0.30551388888888886
40,0.85,0.9805765046296296,0.35891573248820374,0.33235802252766755,0.3399578273830933,0.0075998048554257736,0.30925
41,0.85,0.986655787037037,0.24697453269810132,-0.4536823643812684,-0.5063261499741674,-0.05264378559289895,0.32908333333333334
42,0.85,0.9828562500000001,0.2098496823224526,-0.7065879778540922,-0.7118981518831091,-0.005310174029016901,0.3211805555555556
43,0.85,0.9802118055555556,0.09877371881499752,0.1390076157292306,0.1334209820560116,-0.005586633673218988,0.32640277777777776
44,0.85,0.9796255787037037,0.023244659446439164,0.005851274101640325,0.005427411726330322,-0.00042386237531000237,0.31798611111111114
45,0.85,0.9891268518518518,0.24184874958802405,-5.35981520147545,-4.585003417199786,0.7748117842756637,0.32902777777777775
46,0.85,0.9853762731481481,0.3880254470986353,-1.1517241358734553,-0.8141038800196061,0.33762025585384925,0.3476111111111111
47,0.85,0.9867429398148149,0.25271049298395454,-3.7717298070808685,-4.046354110513397,-0.2746243034325282,0.3133472222222222
48,0.85,0.9789393518518518,0.34418913480998725,0.3049673777367612,0.2898447348841877,-0.015122642852573476,0.32461111111111113
49,0.85,0.9803925925925926,0.3184694456368121,0.2310563963978819,0.2653331953997041,0.034276799001822233,0.32140277777777776
50,0.85,0.9857525462962963,0.27359146229624154,0.2795893907282735,0.2692898372243441,-0.010299553503929415,0.33552777777777776
51,0.85,0.9886098379629629,0.15483279258162497,0.22391238058186136,0.2445927621777667,0.02068038159590535,0.3267083333333333
52,0.85,0.9865355324074073,0.1493075250763929,-0.11226129797923612,-0.05084814563001028,0.06141315234922584,0.3263888888888889
53,0.85,0.9913333333333334,0.046821143509339636,0.1336642807226056,0.1859418394223652,0.052277558699759585,0.33470833333333333
54,0.85,0.9864922453703704,0.18284138375645986,0.1653296307673796,0.139015462776222,-0.0263141679911576,0.32190277777777776
55,0.85,0.9752542824074074,0.11622712444915151,0.21286831215875868,0.21462441248538555,0.0017561003266268749,0.3041111111111111
56,0.85,0.9846096064814814,0.4202152362110454,0.0480790413675658,0.13903827296137572,0.09095923159380992,0.3133888888888889
57,0.85,0.9911552083333333,0.17095229503923315,0.09103962330419269,0.03363749211900302,-0.057402131185189664,0.33879166666666666
58,0.85,0.987936574074074,0.30819536518860935,-0.33103810291073166,-0.31144275510354125,0.01959534780719041,0.3447222222222222
59,0.85,0.9789620370370371,0.3891699929339134,0.09759988088471805,0.1752158570436675,0.07761597615894944,0.3249861111111111
60,0.85,0.9483960648148148,0.20510867688074508,0.38990612959377924,0.37967977111907414,-0.0102263584747051,0.28715277777777776
61,0.85,0.9881307870370369,0.20096744431630986,0.18635735829301392,0.17799908675216325,-0.00835827154085067,0.33779166666666666
62,0.85,0.9794320601851852,0.30725049169514096,0.018105773157401472,-0.028725422632084108,-0.04683119578948558,0.31580555555555556
63,0.85,0.9743149305555555,0.2931889564334317,-1.2823268779574515,-1.4499325036133537,-0.1676056256559022,0.3050555555555556
64,0.85,0.9865814814814815,0.1960949081985921,-1.6218929051023756,-1.6098108148922736,0.012082090210101981,0.3401111111111111
65,0.85,0.9906450231481481,0.2204597043573866,0.22196508115204672,0.2176285746801061,-0.0043365064719406154,0.33797222222222223
66,0.85,0.9818186342592593,0.2791700086933345,0.21050309952447732,0.1506671363142683,-0.05983596321020901,0.31958333333333333
67,0.85,0.9789383101851851,0.2492057483024548,0.18919581319578627,0.19020333082042395,0.0010075176246376882,0.30630555555555555
68,0.85,0.9808496527777778,0.21867086343124287,0.19412435180154353,0.15882954593806065,-0.03529480586348288,0.3225138888888889
69,0.85,0.9773394675925925,0.26759310297666694,0.2618556978682265,0.27730108847499835,0.015445390606771858,0.29888888888888887
70,0.85,0.9801335648148148,0.4339572511467942,0.21071854414509705,0.24862614951774742,0.037907605372650366,0.33616666666666667
71,0.85,0.9756358796296296,0.35130964687805666,0.30597242883910913,0.2990235228536633,-0.006948905985445841,0.31175
72,0.85,0.9871618055555557,0.20507284594395536,0.25557843591926044,0.23333900887500614,-0.0222394270442543,0.33195833333333336
73,0.85,0.9820787037037038,0.31864317159376365,0.19587728077233002,0.19838916113928085,0.002511880366950825,0.3030555555555556
74,0.85,0.9795046296296296,0.04564671163272649,-0.6857975118036959,-0.7698688991764311,-0.08407138737273523,0.30968055555555557
75,0.85,0.9855981481481481,0.4236462270132335,-4.413387403577418,-4.3973449894240435,0.016042414153374374,0.3380138888888889
76,0.85,0.9855228009259259,0.2974299726472397,-15.135920976580994,-14.547420461702064,0.5885005148789304,0.31719444444444445
77,0.85,0.9858019675925925,0.36513254728452915,-0.6526114958326303,-0.764763109013439,-0.11215161318080868,0.32304166666666667
78,0.85,0.9765275462962962,0.07639540503413444,0.1021610123803871,0.09465473063017693,-0.007506281750210175,0.32630555555555557
79,0.85,0.9665828703703703,0.28379590902825846,0.23460073734613351,0.23512736965819692,0.000526632312063402,0.3068472222222222
80,0.85,0.9791127314814815,0.40233794659769473,0.2992037592823277,0.2745382014407398,-0.02466555784158786,0.31858333333333333
81,0.85,0.9769986111111111,0.238604175464193,0.2604153046771832,0.29321881559464147,0.032803510917458256,0.321
82,0.85,0.988762962962963,0.2593270230739666,-0.7278299315331018,-0.7177305680027521,0.010099363530349681,0.3482638888888889
83,0.85,0.983481712962963,0.17454386371130926,-0.9051911540158049,-0.8948160847077617,0.010375069308043106,0.32816666666666666
84,0.85,0.9876366898148148,0.027834216711200677,0.17728169245494085,0.15829808599856754,-0.018983606456373314,0.3257777777777778
85,0.85,0.9806282407407408,0.46529775114567673,-12.876047002762466,-12.256612297232966,0.6194347055294998,0.32456944444444447
86,0.85,0.9814412037037036,0.08511909179918609,-0.03227456751079383,0.024915899870736835,0.05719046738153066,0.33908333333333335
87,0.85,0.9897407407407407,0.28830869589167485,0.11234852274539842,0.1387804082247075,0.02643188547930908,0.34305555555555556
88,0.85,0.9900210648148148,0.15252282412421736,0.18459939544506687,0.20006140471573575,0.015462009270668875,0.33490277777777777
89,0.85,0.9850792824074075,0.18185715936351643,-0.6745507263523396,-0.8779520427368517,-0.2034013163845121,0.3192083333333333
90,0.85,0.9888614583333334,0.23906669148666493,-11.011576354463632,-11.697063027668195,-0.6854866732045632,0.34420833333333334
91,0.85,0.9883542824074074,0.23628429189125166,0.1701528145871397,0.1597733285249009,-0.010379486062238819,0.3371111111111111
92,0.85,0.9875121527777777,0.4092570624465909,0.27082815790598436,0.2548348828234184,-0.015993275082565983,0.3456388888888889
93,0.85,0.9874033564814816,0.03322470940579181,-0.11766587551747243,-0.2813973023147731,-0.16373142679730068,0.34034722222222225
94,0.85,0.9850311342592594,0.4385979969384721,-0.44088145746500707,-0.4793450147412308,-0.03846355727622375,0.3337361111111111
95,0.85,0.9853319444444444,0.26240691800317817,-0.22339308401437896,-0.1376201147847278,0.08577296922965116,0.3448333333333333
96,0.85,0.9639511574074073,0.29418378964948355,0.26299734978270817,0.2745448686315144,0.011547518848806226,0.28325
97,0.85,0.9848395833333333,0.24651589458906364,-3.0956558676636874,-3.755163644110474,-0.6595077764467865,0.319625
98,0.85,0.9808957175925926,0.2964996498612099,0.08198479545575421,0.09148775718505531,0.009502961729301096,0.3153611111111111
99,0.85,0.9743017361111111,0.11349811705235013,-0.12326801367991358,-0.06950417341776594,0.053763840262147644,0.32179166666666664
0,0.9,0.9900813657407408,0.23382630944686467,0.2155509302067492,0.23328697690823919,0.017736046701489983,0.34281944444444445
1,0.9,0.9890805555555556,0.188588163306885,-13.687633890196656,-12.39689420071403,1.290739689482626,0.349125
2,0.9,0.992617824074074,0.24942255686453974,0.1002656747961449,0.06828210662848222,-0.03198356816766268,0.35470833333333335
3,0.9,0.9915967592592593,0.1682470006869905,-3.309767140341271,-4.066281710512602,-0.7565145701713307,0.34591666666666665
4,0.9,0.9912622685185185,0.2731909528620714,-0.128090835726951,-0.17364430804077147,-0.04555347231382045,0.33205555555555555
5,0.9,0.9882927083333334,0.2047083970885084,-3.2760800774862258,-3.261244222938249,0.014835854547976979,0.35020833333333334
6,0.9,0.9927612268518518,0.15378899086518827,-0.14231276025733552,-0.14946401631533202,-0.007151256057996491,0.3614861111111111
7,0.9,0.9827408564814815,0.37458449058376675,-0.04126977760990247,-0.05332618477599049,-0.012056407166088023,0.32083333333333336
8,0.9,0.9913936342592592,0.13650920145409462,0.13430945397209015,0.1354724044797695,0.001162950507679339,0.35406944444444444
9,0.9,0.9873857638888889,0.2731025152889419,0.22851075912782315,0.2402846817050751,0.01177392257725196,0.3409027777777778
10,0.9,0.987133449074074,0.1944208605122023,0.10805928738348758,0.11210789880330163,0.004048611419814052,0.33229166666666665
11,0.9,0.9828569444444444,0.3266163898231894,0.24647397120285175,0.2789861084598617,0.032512137257009965,0.32390277777777776
12,0.9,0.9846756944444444,0.3367777974892542,0.19445747963310955,0.2432868766554268,0.048829397022317256,0.33061111111111113
13,0.9,0.9820938657407406,0.009391713788106437,-0.07637745858822753,-0.06677331504636475,0.009604143541862786,0.33155555555555555
14,0.9,0.989970949074074,0.15100380342180353,0.164482754233782,0.13166347326179917,-0.032819280971982834,0.3431111111111111
15,0.9,0.9917790509259259,0.201237254506603,-0.4215035705007746,-0.5490087128110028,-0.12750514231022825,0.3575
16,0.9,0.9948174768518517,0.18984065194959898,-15.89521083329005,-17.571863714752055,-1.6766528814620045,0.3764166666666667
17,0.9,0.9811844907407408,0.14396929935093228,0.14922035690004143,0.13329018315360663,-0.015930173746434795,0.32322222222222224
18,0.9,0.9913278935185185,0.1598022998208617,-10.117772050260633,-10.056854793355948,0.06091725690468586,0.35144444444444445
19,0.9,0.9911777777777777,0.15630469357771715,-0.16191076720431719,-0.06602246752736307,0.09588829967695411,0.33063888888888887
20,0.9,0.9887525462962964,0.11643313245189302,0.25994276211439515,0.24470759622684424,-0.015235165887550917,0.3310416666666667
21,0.9,0.9929832175925926,0.3279198536744502,-0.3480900178309281,-0.4086833890172805,-0.06059337118635244,0.35620833333333335
22,0.9,0.9878535879629631,0.2294906836778995,0.289888643485945,0.2534201419007458,-0.03646850158519921,0.33352777777777776
23,0.9,0.9854783564814814,0.09796662783014087,-0.058374562867613555,0.0210131825803489,0.07938774544796245,0.3470416666666667
24,0.9,0.9797722222222222,0.3387194069018221,0.3384572778460101,0.352097078677168,0.0136398008311579,0.30769444444444444
25,0.9,0.9924575231481482,0.36783456316874685,-3.1364119328146955,-2.5669030889147537,0.5695088438999418,0.3719722222222222
26,0.9,0.9846902777777778,0.3339518267566818,0.2746869530710594,0.2751664601867585,0.0004795071156991071,0.33718055555555554
27,0.9,0.9792108796296296,0.20588637304536106,0.1795737385440933,0.21675991137399486,0.037186172829901554,0.32366666666666666
28,0.9,0.9883358796296297,0.286926973837494,-1.0027976358732786,-1.108546003301465,-0.10574836742818627,0.34331944444444445
29,0.9,0.9901673611111113,0.3267359565052482,-1.4968284689977045,-1.3211253812885864,0.17570308770911813,0.3602638888888889
30,0.9,0.9924099537037036,0.31770388583478515,-0.16439775075465124,-0.1772826352999166,-0.012884884545265374,0.37283333333333335
31,0.9,0.9853788194444443,0.17678605988072071,-0.21590434498560018,-0.18451488155480633,0.03138946343079385,0.3343611111111111
32,0.9,0.9909355324074074,0.24684236901992274,0.13990126199429698,0.19055462097722942,0.05065335898293244,0.3367777777777778
33,0.9,0.9813001157407407,0.19103536754495976,0.1611257994578057,0.17702501542839488,0.015899215970589187,0.32019444444444445
34,0.9,0.9898726851851851,0.05401287019851364,-0.5375817453072687,-0.3714909499633585,0.16609079534391014,0.3385
35,0.9,0.9930719907407407,0.2648168489961482,-19.930699628458715,-24.993748488603963,-5.063048860145248,0.3458611111111111
36,0.9,0.988855324074074,0.16083356953022454,-0.0312190694594785,-0.09894249157443236,-0.06772342211495386,0.3309166666666667
37,0.9,0.9911733796296297,0.20913915796356441,-0.21775628711818862,-0.1825819694523012,0.03517431766588741,0.34341666666666665
38,0.9,0.9872359953703705,0.2083763215334089,0.25435968688063293,0.24950817139211456,-0.004851515488518365,0.33881944444444445
39,0.9,0.9881488425925925,0.19549387769303184,-0.06596116061374291,-0.010326884259871605,0.055634276353871304,0.353125
40,0.9,0.9889064814814815,0.1955063837456098,-0.5488469704894992,-0.567315319425594,-0.018468348936094836,0.34118055555555554
41,0.9,0.9868364583333333,0.24306560577882808,0.13724734492876545,0.14894978003458348,0.011702435105818032,0.34026388888888887
42,0.9,0.9936322916666667,0.29456534145497426,-0.18802690787802723,-0.21050872874263482,-0.022481820864607593,0.36193055555555553
43,0.9,0.9922542824074073,0.1663971470266714,-0.2721677964756486,-0.16024591754208206,0.11192187893356653,0.3572916666666667
44,0.9,0.9840062500000001,0.03718832887121459,0.22089259454340215,0.20078719754315066,-0.02010539700025149,0.3269722222222222
45,0.9,0.9909787037037038,0.2663134731332425,-6.19346133936797,-6.0222614354149115,0.17119990395305873,0.3673194444444444
46,0.9,0.9888625000000001,0.2827265156489167,0.12036833352986587,0.14568731320531325,0.025318979675447384,0.34375
47,0.9,0.989086574074074,0.2048599113017019,-6.2406657523807505,-6.124535106686143,0.11613064569460718,0.3348055555555556
48,0.9,0.9905624999999999,0.3895541410242538,-0.007072267963582846,0.08029568345699689,0.08736795142057974,0.36877777777777776
49,0.9,0.99398125,0.20923821799240583,-1.234462043914275,-0.6081657997210592,0.6262962441932158,0.3796111111111111
50,0.9,0.9911231481481481,0.06709964222565601,-3.1734597927999317,-3.4101857111167,-0.23672591831676826,0.3493888888888889
51,0.9,0.9906271990740741,0.16147617668319703,0.05619219537055875,0.1273867005607,0.07119450519014126,0.36165277777777777
52,0.9,0.9870246527777778,0.17555610288591705,0.23018512857553142,0.2380615414872138,0.007876412911682396,0.3470416666666667
53,0.9,0.9832826388888889,0.24760587746461227,0.30806358031276637,0.33069919734146436,0.022635617028697985,0.3280138888888889
54,0.9,0.9865810185185184,0.272021285199636,0.26189022861899736,0.27242223726979,0.010532008650792624,0.33645833333333336
55,0.9,0.9897834490740741,0.16483134989369308,0.08792334135263602,0.1378835107129215,0.04996016936028547,0.34768055555555555
56,0.9,0.9938159722222223,0.3507727893839102,-2.1384851534071814,-1.9565332804510285,0.1819518729561529,0.368875
57,0.9,0.9887753472222222,0.2139969716175394,0.19802917533660158,0.20069245944255898,0.0026632841059573975,0.334625
58,0.9,0.9916140046296297,0.23291233596869432,0.17188126909245882,0.22288186817770717,0.051000599085248344,0.3536666666666667
59,0.9,0.9916570601851852,0.3031912514340087,0.0905889572506241,0.1100868687933596,0.019497911542735502,0.3388333333333333
60,0.9,0.9896909722222221,0.23039158140289906,-0.07593947063109185,0.05873724019068849,0.13467671082178034,0.3504305555555556
61,0.9,0.9841396990740741,0.16017497528154312,-3.230204302044159,-2.5223672666005372,0.7078370354436219,0.33552777777777776
62,0.9,0.9903679398148149,0.11578795510174411,-1.8492330297444264,-2.129980717781768,-0.2807476880373416,0.35447222222222224
63,0.9,0.9883549768518519,0.1893883193339816,-0.2418777430492527,-0.12499923039225957,0.11687851265699312,0.3376111111111111
64,0.9,0.9843423611111111,0.25589919111725745,0.3330041004874589,0.3330474530895208,4.335260206189684e-05,0.3136805555555556
65,0.9,0.9859671296296296,0.21739215473170648,0.1427376384884671,0.1663275810576026,0.02358994256913549,0.34579166666666666
66,0.9,0.9916412037037038,0.34620242496223574,-0.9532871556318114,-1.0726776973964292,-0.11939054176461772,0.34779166666666667
67,0.9,0.9872444444444444,0.3417761925098156,-3.276211256030698,-2.8930416039541402,0.38316965207655773,0.33568055555555554
68,0.9,0.9872768518518519,0.25429638701316004,-10.281937628808235,-9.467071580823102,0.8148660479851326,0.3282361111111111
69,0.9,0.989005787037037,0.3065518629078241,-0.1618865071276374,-0.22297977909184286,-0.06109327196420544,0.33655555555555555
70,0.9,0.9892023148148148,0.37554244947012794,-7.462596771848272,-8.173519997694846,-0.7109232258465745,0.36054166666666665
71,0.9,0.9860453703703703,0.28741625462809295,-0.27289298308627363,-0.10355105813319554,0.1693419249530781,0.33719444444444446
72,0.9,0.9929454861111112,0.13778628906288182,-4.032951508990621,-3.021807472458817,1.011144036531804,0.37383333333333335
73,0.9,0.9763956018518519,0.2496322750962774,0.1863249238321908,0.18016061758842594,-0.00616430624376485,0.32825
74,0.9,0.9845224537037037,0.21475891083753562,-1.1987392129838441,-1.024079902306759,0.17465931067708507,0.3425694444444444
75,0.9,0.9878738425925926,0.3055987279278869,0.13071409187288996,0.15817461829568014,0.027460526422790177,0.34955555555555556
76,0.9,0.9836694444444446,0.35029008304055254,0.34048690382287927,0.3506698296450699,0.010182925822190603,0.32093055555555555
77,0.9,0.9903199074074074,0.08534145614622879,0.09231120748256161,0.022573023707342932,-0.06973818377521868,0.3533472222222222
78,0.9,0.9802435185185185,0.32726109924100033,0.040263361206574255,0.09121129037068476,0.050947929164110506,0.3236527777777778
79,0.9,0.9876349537037038,0.1499461917131163,-0.3288193414263545,-0.23097836599523758,0.09784097543111692,0.3501388888888889
80,0.9,0.9914231481481481,0.065481339751985,-4.233291796008199,-4.062665197448024,0.17062659856017515,0.3489583333333333
81,0.9,0.9886568287037036,0.3442131384700403,0.12709605168270977,0.10875229582718748,-0.01834375585552228,0.3239861111111111
82,0.9,0.9788459490740741,0.2554852186919435,-0.29606142260833823,-0.3114021588323539,-0.01534073622401566,0.3277083333333333
83,0.9,0.9830707175925926,0.30012342173955264,0.2620701653812946,0.2604219831037873,-0.001648182277507293,0.32768055555555553
84,0.9,0.9922815972222221,0.08400528007120478,-3.058348541308,-3.772891043388502,-0.7145425020805023,0.358
85,0.9,0.9878013888888888,0.2307550366921547,-1.1487360178867294,-1.1353678404592915,0.0133681774274379,0.32490277777777776
86,0.9,0.9788107638888889,0.24064218792065273,-0.18871182619893445,-0.10281769971768817,0.08589412648124628,0.327
87,0.9,0.9932043981481482,0.39584669030005315,0.2473275907174276,0.2643025957937638,0.016975005076336203,0.3530138888888889
88,0.9,0.9868206018518518,0.17142833108936306,0.3028582294785136,0.3171840636405169,0.014325834162003281,0.3359722222222222
89,0.9,0.9918461805555556,0.37343555416941854,-14.452047837989864,-14.304784882462803,0.14726295552706148,0.35429166666666667
90,0.9,0.9828246527777779,0.3536097962631035,0.2969067059903683,0.2934396719197304,-0.0034670340706378644,0.33875
91,0.9,0.9956402777777776,0.21333933162750796,-0.23976857682610708,-0.27471941889820384,-0.034950842072096755,0.36404166666666665
92,0.9,0.9885855324074074,0.23481482648087304,0.27206656463778633,0.27605328576371524,0.003986721125928905,0.32795833333333335
93,0.9,0.9938090277777777,0.27702399025351954,0.3061993233611293,0.31280741207047513,0.006608088709345816,0.35594444444444445
94,0.9,0.9850009259259259,0.3684322648900774,0.20087302779268135,0.23013139946178718,0.02925837166910583,0.32905555555555555
95,0.9,0.9887045138888889,0.2805999856887528,0.0625299699258155,0.11586650386641906,0.05333653394060356,0.3512777777777778
96,0.9,0.9875945601851851,0.34921033339763874,-27.525318414641255,-26.376420886856987,1.1488975277842677,0.35530555555555554
97,0.9,0.99035,0.14341744422799207,-0.7691091108094781,-0.6398366749935624,0.12927243581591563,0.34755555555555556
98,0.9,0.9905914351851851,0.27567656776535443,-5.138636954760534,-4.567741129831651,0.5708958249288827,0.3264722222222222
99,0.9,0.9951552083333333,0.2960688819703311,-0.9119480253290355,-0.7752767276866834,0.13667129764235209,0.38734722222222223
0,0.95,0.9895523148148149,0.3088554432915488,0.2609157012039829,0.2773484242284999,0.016432723024517037,0.3566666666666667
1,0.95,0.9923380787037037,0.18158642915317247,-12.74465132915462,-12.432566658103804,0.3120846710508154,0.36191666666666666
2,0.95,0.9881189814814816,0.05550007660778655,0.001182397887743325,0.09193494569831795,0.09075254781057462,0.3351388888888889
3,0.95,0.9865615740740741,0.3295297975345107,-0.07126252630214269,0.01634775036435554,0.08761027666649823,0.33369444444444446
4,0.95,0.9917450231481482,0.17401003962218164,-1.3532930332326543,-0.9336168979661317,0.4196761352665226,0.34241666666666665
5,0.95,0.9939796296296296,0.4006522956962957,-29.60373196024191,-28.837306224451268,0.7664257357906408,0.3651388888888889
6,0.95,0.9960549768518518,0.08757210241616575,-1.8681167733897635,-1.287108086498903,0.5810086868908604,0.3878888888888889
7,0.95,0.9904946759259259,0.4070738888334844,-202.53573170452566,-201.60322051854203,0.9325111859836284,0.324625
8,0.95,0.9903068287037037,0.2067433481025801,-157.3496266241278,-142.95079758018787,14.39882904393994,0.36515277777777777
9,0.95,0.9927403935185186,0.31550966132406455,-5.91519869418976,-4.653906853955091,1.2612918402346693,0.3647222222222222
10,0.95,0.9886953703703704,0.4385724503371179,-1.1963178537627854,-1.197843972396519,-0.0015261186337336419,0.3461111111111111
11,0.95,0.9932192129629628,0.3002819594811955,-12.113645739636768,-10.344231153061537,1.7694145865752304,0.36144444444444446
12,0.95,0.9930439814814815,0.22682995404043893,-0.6697006794966691,-0.5747428060606399,0.09495787343602924,0.32669444444444445
13,0.95,0.994222337962963,0.28803341173611696,-0.08307162518156153,-0.24888696328885662,-0.1658153381072951,0.37394444444444447
14,0.95,0.9936787037037037,0.3611831096916658,-104.21905237642785,-94.14257309141873,10.076479285009128,0.3679027777777778
15,0.95,0.9914149305555556,0.0756292974711481,0.18103569967551014,0.16548434021714087,-0.015551359458369274,0.342
16,0.95,0.9918744212962962,0.020223182362824277,-0.7360912338868919,-0.6805616633945089,0.05552957049238305,0.3653194444444444
17,0.95,0.9929903935185185,0.291727634886358,-1.5114153081458879,-1.5172065955102552,-0.005791287364367292,0.359125
18,0.95,0.9950295138888888,0.16089003040587613,-2.065428164120789,-1.7989911206262992,0.2664370434944896,0.34602777777777777
19,0.95,0.9947496527777778,0.3740302044641386,-2.0587385001342717,-1.7910893114607256,0.26764918867354615,0.38890277777777776
20,0.95,0.9899741898148148,0.23812841522022032,-0.30615714323330834,-0.39659422089062346,-0.09043707765731512,0.33541666666666664
21,0.95,0.9887381944444446,0.15509173921334996,0.23183463004628702,0.2484315155533895,0.016596885507102477,0.33602777777777776
22,0.95,0.99321875,0.291188659546221,-3.891520242316399,-4.250268177086348,-0.3587479347699496,0.3453611111111111
23,0.95,0.9917085648148148,0.15566326552527676,-0.2081421303487676,-0.43176076073270897,-0.22361863038394136,0.3751527777777778
24,0.95,0.9904371527777777,0.11984410030636583,0.23225742959589502,0.21400879557812635,-0.01824863401776866,0.3498472222222222
25,0.95,0.9955141203703702,0.11224772259186155,-0.08853822639443809,-0.23682977579694797,-0.14829154940250988,0.35986111111111113
26,0.95,0.9938252314814816,0.23505220980429642,0.006009369776989404,0.06638897164582924,0.06037960186883984,0.35733333333333334
27,0.95,0.9939210648148148,0.25630078216163643,-0.18205787485085656,-0.14231706727403326,0.0397408075768233,0.37
28,0.95,0.9879605324074076,0.2462876962750743,0.13944511355420763,0.2311219835495758,0.09167686999536817,0.3532361111111111
29,0.95,0.9878086805555556,0.25039564886089893,-0.3076877340874833,-0.246348541060041,0.061339193027442285,0.34029166666666666
30,0.95,0.9947733796296295,0.24505643671494948,-0.7559406435581899,-0.7209709369695891,0.03496970658860077,0.37194444444444447
31,0.95,0.9930425925925926,0.2423689163639181,-107.52603975275521,-106.63752197569626,0.8885177770589507,0.3552916666666667
32,0.95,0.9929811342592593,0.15398684229418358,-1.303994199282415,-1.3219645506662556,-0.017970351383840732,0.3463333333333333
33,0.95,0.9936376157407407,0.14375979710297282,-0.8034330905183622,-0.7465963556343818,0.056836734883980444,0.38769444444444445
34,0.95,0.9934021990740741,0.23356566169758275,-178.68182957992863,-173.62823505990156,5.053594520027076,0.3711388888888889
35,0.95,0.9916398148148149,0.15726869198977178,-0.38454758791920307,-0.284152510719083,0.10039507720012009,0.36630555555555555
36,0.95,0.9933133101851851,0.2017518831733227,0.17322662114109488,0.12542876979296602,-0.04779785134812886,0.3552222222222222
37,0.95,0.9912145833333333,0.21004213168345864,-0.4946000650283289,-0.5110051565826377,-0.016405091554308804,0.34897222222222224
38,0.95,0.9943386574074075,0.3715138456394561,-2.529750060543504,-1.5089593986550782,1.0207906618884257,0.35965277777777777
39,0.95,0.9948079861111112,0.11139797611505975,-0.08238465944664264,-0.030069427115073877,0.05231523233156876,0.3654027777777778
40,0.95,0.9928405092592593,0.22545583191326135,-7.938568932397416e-05,-0.011027673598978938,-0.010948287909654963,0.36106944444444444
41,0.95,0.9872447916666668,0.24023962011052924,0.22613578383669775,0.21284860321891952,-0.013287180617778227,0.33418055555555554
42,0.95,0.9955980324074075,0.2608391075092178,-40.74897127940729,-42.84448435701259,-2.095513077605297,0.3818888888888889
43,0.95,0.9868968749999999,0.04029589789734611,0.1589736057701867,0.16699033772628002,0.008016731956093315,0.31730555555555556
44,0.95,0.9960539351851851,0.22866326195270514,-0.771761112559894,-0.36531765983826836,0.40644345272162563,0.3940138888888889
45,0.95,0.9950793981481482,0.23521959360888922,-190.89549388114852,-195.76965711098268,-4.874163229834153,0.37577777777777777
46,0.95,0.9922313657407408,0.15948802584162425,-1.5412287088715955,-1.0187762147167554,0.5224524941548401,0.3658194444444444
47,0.95,0.9917384259259259,0.0428865826040149,-2.9853757497394886,-2.2658705858722525,0.7195051638672361,0.37404166666666666
48,0.95,0.9928430555555555,0.31947515013252425,-4.631537156608315,-4.366046498621617,0.2654906579866987,0.3461111111111111
49,0.95,0.9915400462962962,0.23374373203319576,-10.949231630955415,-10.916976105792001,0.032255525163414234,0.3470972222222222
50,0.95,0.9978056712962964,0.15188240986997947,-6.788019376256192,-5.6019641375072124,1.1860552387489793,0.3985972222222222
51,0.95,0.9926630787037037,0.1452605869546464,-0.15928220841268215,-0.3087433341745647,-0.14946112576188253,0.37604166666666666
52,0.95,0.9925587962962963,0.12124998023598677,-0.22090238849861588,-0.19972400526177214,0.021178383236843734,0.36591666666666667
53,0.95,0.995204513888889,0.17839201875863198,-28.89843503565956,-27.566394315951225,1.3320407197083348,0.3877638888888889
54,0.95,0.9930561342592593,0.304232870552011,-250.57227748911376,-282.66790690631433,-32.09562941720057,0.3865
55,0.95,0.9941457175925926,0.2426758710919128,-8.552156108469182,-10.454606945988308,-1.902450837519126,0.3855972222222222
56,0.95,0.9955003472222222,0.3138280474770645,-12.870652201450302,-12.063908497364586,0.806743704085715,0.38779166666666665
57,0.95,0.994353125,0.21857959759643164,-0.21407208343212725,-0.19503472725274462,0.019037356179382625,0.35454166666666664
58,0.95,0.9926910879629629,0.07186144521388871,-35.61473396200304,-38.03790271010262,-2.4231687480995845,0.3880138888888889
59,0.95,0.9883309027777778,0.3225836832437621,-0.26650086293707265,-0.13955958649087497,0.12694127644619768,0.33084722222222224
60,0.95,0.986911226851852,0.1566915995028375,0.021981243819469976,0.10064479861853115,0.07866355479906117,0.3528472222222222
61,0.95,0.9953376157407408,0.31970262831413687,-2.4744693832875413,-3.623601841624547,-1.1491324583370055,0.362
62,0.95,0.9881407407407408,0.4717769924600961,-13.62472245559081,-12.42757699046038,1.1971454651304292,0.35694444444444445
63,0.95,0.9918997685185186,0.14325124287615,-0.4509977886480978,-0.6286133047669717,-0.17761551611887394,0.36043055555555553
64,0.95,0.9844880787037037,0.17885023353992502,-2.5480134045874325,-2.02952660897093,0.5184867956165027,0.34647222222222224
65,0.95,0.9940332175925924,0.26691935602850037,-0.4011872778698382,-0.27209530290472905,0.12909197496510916,0.37419444444444444
66,0.95,0.9907996527777779,0.18223785833339357,-0.4188825727226073,-0.545077362427101,-0.12619478970449372,0.3534861111111111
67,0.95,0.9939465277777777,0.2928717097487301,-0.16936082023009957,-0.2683218952519282,-0.0989610750218286,0.35843055555555553
68,0.95,0.9913190972222222,0.18057174131614928,-0.17489046011981735,-0.1789476665898715,-0.004057206470054142,0.3536944444444444
69,0.95,0.9936343750000001,0.07995552340887069,-68.40981646962774,-64.69111947957157,3.7186969900561735,0.365125
70,0.95,0.9946682870370371,0.11994594057431096,-7.73982848147563,-5.649365643236307,2.090462838239323,0.36186111111111113
71,0.95,0.9919349537037038,0.18627183314015916,-0.08877857516735665,-0.11024782520751941,-0.021469250040162757,0.34581944444444446
72,0.95,0.9902152777777777,0.3134960556131352,-0.24262461050385276,-0.17977924047529292,0.06284537002855983,0.3415138888888889
73,0.95,0.9914126157407407,0.21319415167825284,-0.006616380059514926,-0.24692375992921334,-0.2403073798696984,0.3556388888888889
74,0.95,0.9952980324074074,0.3093250648067254,-26.944108999156523,-27.314337078415146,-0.37022807925862367,0.3675
75,0.95,0.9954466435185184,0.22273799191524313,-0.5566417292926591,-0.7936074983061683,-0.2369657690135092,0.3935972222222222
76,0.95,0.9887736111111112,0.1261789078746579,-2.224040532552558,-2.0356134182936563,0.1884271142589018,0.33644444444444443
77,0.95,0.9911809027777778,0.3114753429034519,-1.6054311538510255,-1.7514683845931187,-0.14603723074209318,0.34556944444444443
78,0.95,0.9874079861111111,0.2259559918040469,-0.9587829730210278,-0.6836193080904844,0.27516366493054334,0.3499305555555556
79,0.95,0.9918476851851853,0.11567065545954547,-0.3425728585978498,-0.18155113678364887,0.16102172181420094,0.35820833333333335
80,0.95,0.9807671296296295,0.1594796112697192,0.3066639271329017,0.2859975139536183,-0.020666413179283416,0.3317777777777778
81,0.95,0.9948270833333334,0.34298377800322377,-1.4531025233758292,-1.2262381817614783,0.22686434161435098,0.391375
82,0.95,0.9935297453703704,0.3198478590189221,-123.8288324506014,-108.81785111294764,15.01098133765376,0.3674027777777778
83,0.95,0.9911802083333333,0.2002174609031826,0.26788661345787557,0.24963872106431173,-0.018247892393563836,0.3590277777777778
84,0.95,0.9944783564814815,0.19706111517878644,-2.6149837741024387,-2.4051851377014755,0.2097986364009632,0.3763611111111111
85,0.95,0.9918880787037038,0.3510024888840515,-2.53500951433408,-2.3258588481423144,0.20915066619176548,0.3417222222222222
86,0.95,0.9945641203703702,0.3067084042641661,-1.3169007850848375,-1.2232648237429338,0.09363596134190377,0.37416666666666665
87,0.95,0.993413425925926,0.37702055654472766,-12.866405813630385,-10.959625202146881,1.9067806114835033,0.3527222222222222
88,0.95,0.9920278935185185,0.18427195489638226,-0.12956237658868108,-0.15107274704909845,-0.021510370460417372,0.35809722222222223
89,0.95,0.9903971064814815,0.31934481645699786,-5.364951398661031,-4.959624468163205,0.405326930497826,0.35788888888888887
90,0.95,0.992996412037037,0.14629812252837016,-1.0587564751200365,-1.5282276743925474,-0.4694711992725109,0.3364861111111111
91,0.95,0.9912703703703705,0.17060364815081275,-1.6762066742047437,-1.4517075065878506,0.22449916761689304,0.351875
92,0.95,0.9933032407407407,0.19970661114184995,-2.7187920467809277,-2.812197306624976,-0.09340525984404824,0.36691666666666667
93,0.95,0.9916537037037036,0.010960550274779157,-1.0063435950052795,-0.805603931431301,0.20073966357397843,0.3508611111111111
94,0.95,0.99119375,0.16281037585548064,-39.27904661400706,-43.22673116196181,-3.9476845479547507,0.3545277777777778
95,0.95,0.9944923611111111,0.2822048289623259,-10.96453677087381,-11.690879826461675,-0.7263430555878649,0.35454166666666664
96,0.95,0.9963862268518519,0.35228339771558503,-197.89436368733425,-174.33198237605322,23.56238131128103,0.35525
97,0.95,0.9902918981481482,0.1705182064176185,-0.30022883350884344,-0.5121279449073959,-0.21189911139855244,0.34765277777777776
98,0.95,0.986871875,0.18128200090441104,-37.77466924477879,-37.38985497682169,0.38481426795710405,0.33994444444444444
99,0.95,0.9891905092592593,0.4248701691743657,-0.7639888794763432,-0.7697474263608859,-0.005758546884542692,0.342
